fixed acidity;volatile acidity;citric acid;residual sugar;chlorides;free sulfur dioxide;total sulfur dioxide;density;pH;sulphates;alcohol;quality
7.61;0.33;0.306;13.04;0.052;37.6;107.7;0.99643;3.09;0.59;11.71;5
7.92;0.244;0.469;6.75;0.042;32.7;164.5;0.99527;3.06;0.67;10.79;6
6.81;0.246;0.299;6.41;0.04;25.7;145.9;0.9969;3.31;0.47;10.75;6
7.77;0.181;0.256;6.48;0.086;40.3;99.6;1.0002;3.23;0.3;11.7;5
3.88;0.368;0.525;11.99;0.04;48.4;139.7;0.99403;3.24;0.7;10.2;6
6.45;0.447;0.397;4.53;0.066;54.6;177.1;0.99427;3.23;0.64;10.53;6
6.39;0.427;0.258;2.64;0.037;48.8;70.3;0.99213;3.21;0.43;9.95;5
6.36;0.206;0.561;12.8;0.037;36.6;61.7;0.99519;3.18;0.47;11.16;7
6.77;0.322;0.233;4.0;0.043;43.1;143.0;0.99271;3.16;0.63;10.08;7
8.13;0.376;0.215;5.09;0.047;21.4;97.1;0.99169;3.04;0.56;8.24;8
7.6;0.254;0.278;0.6;0.065;52.1;111.0;0.9936;3.35;0.68;10.81;6
5.59;0.049;0.392;6.03;0.064;38.2;151.2;0.99269;3.15;0.5;8.86;6
7.63;0.434;0.25;9.57;0.041;13.9;95.2;0.99538;3.26;0.45;11.3;6
6.18;0.273;0.366;5.9;0.055;45.4;181.0;0.99334;3.18;0.56;10.47;5
6.74;0.361;0.507;0.6;0.049;37.0;144.2;0.99413;3.19;0.51;11.34;5
7.86;0.292;0.335;10.6;0.041;18.5;139.8;0.99545;3.37;0.49;8.59;9
6.21;0.314;0.376;6.72;0.041;67.1;115.2;0.99025;3.36;0.34;8.87;5
4.89;0.286;0.326;0.6;0.009;29.5;128.2;0.98913;3.08;0.41;8.58;5
6.5;0.523;0.313;15.92;0.03;16.7;124.0;0.99389;3.3;0.73;11.38;7
7.85;0.257;0.297;2.88;0.053;40.5;191.9;0.98761;3.25;0.52;11.31;6
6.35;0.188;0.294;6.05;0.072;37.8;29.5;0.99108;3.57;0.52;11.4;7
7.65;0.285;0.294;9.74;0.041;37.5;94.0;1.00047;3.1;0.44;8.84;7
6.2;0.226;0.362;8.05;0.049;58.0;205.2;0.99301;2.92;0.45;9.04;5
4.96;0.268;0.251;1.41;0.015;18.8;162.0;0.99366;3.25;0.45;9.09;5
6.66;0.271;0.441;8.78;0.058;56.0;106.8;0.99491;3.31;0.57;10.25;8
7.55;0.287;0.363;8.3;0.053;2;102.2;0.99314;2.97;0.44;12.11;7
6.4;0.369;0.316;13.85;0.05;41.8;125.2;0.99729;3.22;0.51;10.88;6
7.2;0.284;0.198;4.07;0.041;36.4;126.7;0.98911;3.38;0.78;11.91;7
7.83;0.195;0.384;11.62;0.069;33.4;190.5;0.99152;3.32;0.32;11.39;5
7.55;0.085;0.507;2.0;0.033;60.6;174.0;0.99353;3.23;0.55;8.0;7
7.77;0.22;0.549;13.37;0.051;34.3;142.7;0.98905;3.19;0.44;9.92;6
6.37;0.281;0.349;12.84;0.023;44.6;116.5;0.99498;3.42;0.42;10.51;6
6.41;0.374;0.299;12.42;0.044;50.5;84.1;0.99188;3.28;0.45;9.33;5
8.5;0.487;0.496;4.48;0.009;56.5;165.9;0.99141;3.26;0.42;9.52;7
6.18;0.209;0.199;3.31;0.03;80.3;164.6;0.99678;3.3;0.36;10.5;5
7.23;0.336;0.479;0.6;0.039;48.9;77.5;0.99639;3.13;0.54;10.91;7
7.08;0.208;0.372;6.04;0.025;21.5;181.9;0.99773;3.54;0.44;9.67;5
7.45;0.123;0.487;11.12;0.031;35.8;88.7;0.99285;3.18;0.49;10.07;5
6.32;0.2;0.143;0.6;0.046;44.8;74.4;0.99162;3.17;0.53;9.06;8
5.46;0.391;0.567;7.52;0.074;2;148.8;0.99562;3.28;0.42;9.96;7
6.28;0.355;0.556;10.17;0.061;24.8;203.4;0.99373;3.19;0.62;10.03;5
6.64;0.077;0.065;16.31;0.048;41.1;132.0;0.99266;2.92;0.56;8.57;5
5.56;0.346;0.386;9.61;0.04;52.2;114.9;0.99506;3.24;0.42;8.61;6
5.66;0.308;0.153;10.89;0.071;50.0;64.2;0.99845;3.21;0.22;9.82;6
5.79;0.391;0.379;12.36;0.064;48.9;88.5;0.99516;3.07;0.48;10.64;5
7.1;0.381;0.359;12.53;0.045;31.8;186.4;0.99221;3.06;0.3;10.41;5
6.84;0.112;0.375;5.15;0.022;42.9;131.6;0.99852;3.23;0.61;11.6;8
7.85;0.453;0.224;0.6;0.009;8.8;138.0;0.99748;3.26;0.54;10.04;6
7.36;0.104;0.451;6.87;0.044;41.7;87.3;0.9918;2.98;0.42;11.36;7
6.71;0.278;0.229;0.6;0.035;64.6;195.8;0.9986;3.28;0.47;11.06;5
6.1;0.414;0.327;6.93;0.018;42.8;111.3;0.9937;3.16;0.54;8.74;6
5.66;0.337;0.34;16.26;0.064;27.0;137.6;0.98785;3.27;0.57;10.3;7
5.25;0.322;0.227;18.01;0.047;38.6;178.0;1.00141;3.14;0.37;8.82;7
7.75;0.44;0.28;0.6;0.014;12.0;107.4;0.99284;3.3;0.38;10.54;7
6.97;0.268;0.17;9.79;0.009;30.3;166.4;0.99573;3.3;0.61;11.12;6
7.23;0.16;0.257;9.11;0.042;22.9;89.2;0.98789;3.26;0.43;9.99;5
6.74;0.366;0.108;5.42;0.072;32.1;273.3;0.98845;3.21;0.39;9.85;7
6.58;0.346;0.23;13.55;0.055;31.1;122.1;0.99366;3.02;0.53;10.74;6
6.43;0.289;0.193;10.31;0.058;54.1;207.3;0.99075;2.99;0.54;9.24;5
6.49;0.317;0.364;1.12;0.041;2;144.4;0.99088;3.11;0.5;9.68;4
7.56;0.332;0.551;1.71;0.051;45.0;71.4;0.98432;3.25;0.49;9.1;6
7.05;0.391;0.304;9.81;0.06;36.4;64.6;0.99597;3.29;0.38;9.9;5
7.68;0.4;0.382;2.09;0.079;18.9;170.4;1.00031;3.15;0.54;11.87;5
7.69;0.307;0.334;7.12;0.034;21.8;151.3;0.9973;3.45;0.58;10.81;6
7.59;0.377;0.309;3.99;0.052;25.8;120.3;0.98928;3.15;0.57;9.07;6
6.75;0.256;0.311;17.7;0.024;32.8;127.0;0.99231;3.1;0.3;10.67;6
6.21;0.398;0.357;10.79;0.013;13.3;147.3;0.99363;2.81;0.39;12.64;6
6.84;0.291;0.397;13.31;0.036;52.1;134.2;0.99048;3.32;0.4;10.01;6
7.4;0.416;0.422;15.81;0.053;25.9;134.3;0.99487;3.28;0.31;11.86;6
6.93;0.312;0.464;17.26;0.052;41.6;144.2;0.98831;3.3;0.35;8.83;8
6.92;0.325;0.379;6.94;0.033;47.5;110.9;0.99262;3.47;0.37;11.39;4
7.03;0.32;0.192;9.42;0.057;67.6;142.8;0.99466;3.26;0.6;12.06;6
6.59;0.508;0.525;5.62;0.079;31.6;217.7;0.9975;3.26;0.57;9.52;7
6.96;0.053;0.351;4.44;0.067;26.8;154.2;0.98782;3.05;0.24;10.3;5
7.39;0.31;0.268;10.66;0.035;36.7;158.9;0.99463;3.11;0.47;11.82;8
6.92;0.273;0.361;12.81;0.044;6.8;131.5;0.99495;3.34;0.38;8.0;5
5.24;0.256;0.253;4.3;0.039;19.4;13.7;0.99026;3.2;0.7;11.87;5
6.26;0.338;0.648;10.46;0.025;28.3;170.2;0.99626;3.06;0.55;10.14;7
7.3;0.198;0.3;13.07;0.042;32.7;208.7;0.99344;3.17;0.47;9.07;6
6.83;0.285;0.33;0.6;0.047;2.4;151.1;0.99412;3.43;0.5;12.99;7
8.14;0.228;0.293;7.88;0.009;42.1;37.6;0.99563;3.12;0.58;10.7;6
7.44;0.293;0.424;3.6;0.051;46.1;164.1;0.99407;3.16;0.52;11.49;7
5.15;0.128;0.605;14.36;0.076;37.6;176.5;0.99174;3.4;0.56;9.98;6
5.78;0.275;0.161;3.5;0.05;46.1;142.8;0.99206;3.34;0.68;9.93;6
7.16;0.402;0.341;1.59;0.076;11.5;123.8;0.99807;3.39;0.54;8.51;5
7.06;0.254;0.372;0.6;0.009;58.5;93.5;0.99132;3.26;0.47;10.58;5
7.83;0.193;0.346;4.32;0.055;49.2;115.2;0.98902;3.02;0.4;9.28;7
5.51;0.523;0.387;7.95;0.039;39.4;144.7;0.99741;3.21;0.6;12.78;5
6.28;0.216;0.497;0.6;0.043;35.2;158.2;0.99787;3.06;0.58;9.69;6
6.87;0.255;0.27;5.1;0.045;14.4;128.3;1.00007;3.18;0.56;10.39;6
6.56;0.338;0.247;4.72;0.062;33.6;115.5;0.99277;3.16;0.51;12.86;6
5.1;0.358;0.27;7.06;0.009;45.0;89.1;0.9975;3.25;0.44;11.8;6
7.43;0.273;0.55;1.3;0.092;41.1;83.4;0.9933;2.8;0.44;11.97;6
5.77;0.337;0.373;3.43;0.05;47.3;165.6;0.99751;3.06;0.45;9.44;5
7.76;0.193;0.496;0.6;0.009;29.8;225.4;0.99222;3.34;0.53;8.55;6
7.35;0.168;0.439;5.63;0.01;46.9;187.9;0.99797;3.37;0.51;10.0;6
7.11;0.32;0.424;8.22;0.083;54.9;89.2;0.99749;3.29;0.52;11.14;5
6.02;0.413;0.224;5.41;0.061;2;79.1;0.99682;3.35;0.48;9.76;6
6.67;0.384;0.215;16.7;0.075;38.7;107.6;0.99364;3.31;0.35;9.78;7
5.88;0.188;0.154;12.28;0.035;38.5;111.7;0.99539;3.26;0.4;12.19;6
5.02;0.291;0.376;10.15;0.019;47.6;142.0;0.99837;3.3;0.56;10.95;6
7.21;0.41;0.402;9.58;0.037;36.9;103.4;0.99239;3.24;0.49;13.29;5
6.43;0.251;0.337;2.24;0.059;60.3;105.7;0.99449;3.15;0.72;10.13;6
7.05;0.398;0.35;6.12;0.032;29.9;154.0;0.99612;3.43;0.6;9.2;6
5.46;0.333;0.568;8.06;0.067;75.1;146.2;0.99219;3.11;0.59;11.24;5
6.97;0.321;0.183;15.23;0.035;72.0;147.1;0.99578;2.88;0.54;9.13;6
6.71;0.3;0.319;8.58;0.034;35.2;173.7;0.99335;3.16;0.47;11.79;5
6.49;0.359;0.204;5.99;0.088;34.9;79.6;0.99415;3.24;0.58;11.55;5
8.43;0.294;0.436;6.66;0.037;23.4;139.1;0.99105;3.41;0.53;9.12;6
6.81;0.408;0.407;6.34;0.073;14.5;117.6;0.99557;3.23;0.44;10.18;6
6.76;0.334;0.463;5.99;0.029;8.2;41.4;0.99673;3.19;0.39;10.5;7
4.85;0.305;0.389;10.88;0.043;50.0;131.9;0.99371;3.25;0.35;10.79;5
7.87;0.201;0.379;10.49;0.02;34.2;103.0;0.98679;3.29;0.4;10.37;6
6.2;0.337;0.206;4.93;0.021;8.0;162.0;0.9924;3.05;0.56;9.99;5
6.1;0.106;0.261;8.23;0.044;16.3;64.4;0.99647;3.27;0.33;10.32;4
7.71;0.318;0.399;4.99;0.048;33.2;100.2;0.99371;3.12;0.33;11.14;5
6.14;0.287;0.458;7.36;0.042;45.2;120.3;0.99403;3.31;0.37;11.18;5
5.89;0.365;0.321;5.46;0.018;50.2;154.7;0.99301;3.28;0.46;11.02;7
7.64;0.4;0.242;7.53;0.016;37.8;92.1;0.99208;3.06;0.53;12.55;6
6.94;0.249;0.253;7.02;0.03;42.7;163.7;0.98973;3.09;0.27;9.1;6
6.83;0.274;0.229;10.86;0.045;60.4;147.1;0.99347;3.27;0.57;8.84;5
6.21;0.175;0.353;0.6;0.025;30.5;136.6;0.99327;3.12;0.54;10.94;6
6.97;0.052;0.188;7.09;0.044;46.4;210.6;0.98954;3.06;0.33;10.41;6
5.9;0.228;0.367;8.55;0.065;57.1;209.5;0.9929;3.21;0.41;12.21;7
7.59;0.096;0.286;4.98;0.062;23.6;158.2;0.99869;3.24;0.34;9.49;6
7.2;0.271;0.374;0.6;0.024;83.9;131.6;0.99365;3.14;0.68;9.53;4
6.29;0.232;0.386;0.6;0.019;34.3;139.4;0.99378;3.39;0.72;14.52;5
8.03;0.192;0.297;15.16;0.059;11.0;151.7;0.98948;3.22;0.45;10.42;6
6.45;0.285;0.324;0.6;0.009;33.7;168.2;0.99869;3.39;0.27;10.08;6
7.19;0.256;0.28;3.25;0.053;2;88.5;0.98859;3.15;0.45;13.42;6
6.87;0.303;0.361;3.99;0.039;31.9;129.2;0.99547;3.12;0.35;10.38;6
8.57;0.126;0.399;7.59;0.054;43.6;189.0;0.99273;3.04;0.33;11.69;5
5.45;0.417;0.275;9.23;0.047;13.0;135.7;0.99195;3.35;0.41;9.44;5
7.78;0.335;0.191;9.55;0.069;50.2;204.6;0.99034;3.27;0.6;10.34;4
6.94;0.29;0.351;2.43;0.029;15.1;80.6;0.99714;3.18;0.38;8.26;5
7.15;0.455;0.205;11.38;0.034;23.4;60.2;0.99324;3.17;0.49;11.38;5
8.09;0.201;0.183;4.17;0.077;23.1;169.3;0.99529;3.2;0.75;9.13;6
6.85;0.342;0.466;2.84;0.012;52.9;129.2;0.99182;3.01;0.62;13.26;5
6.86;0.24;0.38;7.11;0.012;50.7;148.7;0.99299;3.04;0.44;10.51;6
6.1;0.313;0.504;3.65;0.09;29.0;154.1;0.99188;3.32;0.4;11.2;6
7.47;0.166;0.376;2.34;0.044;31.2;95.8;1.00163;3.19;0.49;10.85;6
5.44;0.317;0.456;5.42;0.036;30.7;90.4;0.9921;2.86;0.51;12.54;5
5.67;0.351;0.363;2.42;0.033;44.1;176.1;0.99367;3.17;0.45;10.75;6
7.86;0.223;0.447;15.99;0.009;69.8;225.2;0.99004;3.14;0.43;11.95;7
6.27;0.212;0.309;6.47;0.01;46.7;106.2;0.9893;3.17;0.42;10.75;7
6.2;0.312;0.337;12.58;0.097;47.8;170.3;0.98804;3.22;0.44;10.97;5
7.83;0.282;0.283;11.53;0.045;70.9;155.0;0.99376;3.24;0.66;10.26;7
7.55;0.388;0.333;4.5;0.056;8.3;94.4;0.98901;3.36;0.36;9.72;5
6.62;0.33;0.546;3.48;0.046;21.3;98.3;0.9967;3.34;0.33;10.07;7
6.48;0.317;0.398;0.6;0.078;63.3;84.5;1.00096;3.16;0.46;10.97;5
7.54;0.174;0.275;0.6;0.059;42.7;82.0;0.99355;3.52;0.28;12.11;6
8.29;0.253;0.63;0.6;0.11;46.0;102.4;0.9967;3.24;0.46;10.01;7
6.32;0.181;0.373;11.39;0.062;2;87.1;0.99692;3.4;0.63;9.62;6
6.91;0.269;0.338;18.39;0.035;35.8;154.1;0.99583;3.28;0.52;9.94;6
6.23;0.395;0.345;0.6;0.047;81.8;196.0;0.99274;3.28;0.62;11.34;6
7.31;0.266;0.249;12.51;0.061;15.6;163.9;0.99486;3.09;0.5;11.51;5
7.03;0.187;0.724;5.52;0.07;35.1;138.2;0.99358;3.35;0.22;11.58;6
7.26;0.33;0.607;5.41;0.071;18.0;101.6;0.99449;3.23;0.34;10.9;8
5.7;0.204;0.115;8.56;0.045;20.7;36.5;0.99587;3.35;0.44;11.31;6
7.08;0.273;0.394;0.6;0.045;36.0;98.6;0.99806;3.15;0.28;9.5;5
8.29;0.251;0.169;4.52;0.031;16.1;55.3;0.99734;3.24;0.45;10.58;4
6.89;0.466;0.438;6.74;0.055;30.0;137.0;0.99457;3.2;0.34;10.88;5
5.83;0.285;0.309;7.66;0.067;38.8;66.3;0.99394;3.15;0.24;10.27;6
5.2;0.422;0.205;0.76;0.07;37.7;114.8;0.99357;3.1;0.63;8.79;6
8.75;0.222;0.156;7.31;0.06;37.6;206.0;0.99468;3.23;0.61;13.84;5
7.43;0.182;0.294;6.31;0.049;17.4;203.7;0.99526;3.05;0.41;12.14;5
6.63;0.257;0.279;5.69;0.037;52.1;71.4;0.98826;2.89;0.52;10.14;5
7.14;0.234;0.291;7.88;0.037;47.0;131.4;0.99479;3.27;0.59;10.75;6
7.24;0.209;0.392;0.6;0.055;44.9;136.5;0.99242;3.38;0.48;10.54;6
6.66;0.434;0.278;14.21;0.053;33.8;50.5;0.99274;3.24;0.24;10.91;6
6.64;0.238;0.528;9.31;0.02;32.4;83.1;0.98932;3.32;0.62;8.0;5
6.32;0.319;0.288;0.6;0.064;27.8;161.3;0.99376;3.01;0.61;10.3;6
7.27;0.175;0.289;7.45;0.067;22.9;160.5;0.99515;3.05;0.6;10.83;6
7.1;0.28;0.304;0.6;0.073;47.9;137.8;0.99438;3.12;0.47;11.55;6
5.99;0.313;0.331;5.97;0.015;41.0;156.3;0.99188;3.1;0.42;8.56;6
6.2;0.359;0.262;4.28;0.07;51.2;154.8;0.99676;3.42;0.55;9.91;8
7.04;0.171;0.515;2.15;0.047;21.8;208.2;0.99798;3.17;0.56;11.33;6
7.51;0.259;0.31;10.81;0.035;34.6;192.6;0.99439;3.15;0.34;9.85;5
7.49;0.424;0.181;6.78;0.024;6.9;185.8;0.99026;3.06;0.57;11.67;6
6.51;0.372;0.653;7.41;0.012;52.2;158.0;0.99182;3.05;0.55;9.81;5
8.46;0.079;0.463;9.73;0.047;37.2;123.8;0.9933;3.19;0.44;11.09;4
5.67;0.332;0.299;4.74;0.036;35.4;103.6;0.99528;3.14;0.5;11.16;5
7.32;0.281;0.442;2.67;0.052;24.1;30.1;0.99368;3.05;0.66;11.8;6
7.79;0.269;0.517;9.11;0.083;63.0;191.8;0.99607;3.0;0.47;8.0;7
8.15;0.337;0.233;7.39;0.065;51.5;102.7;0.9949;3.31;0.42;9.91;6
5.83;0.309;0.518;6.73;0.059;38.6;141.5;0.99896;3.02;0.51;10.33;5
5.81;0.421;0.341;3.6;0.041;20.9;111.0;0.9941;3.29;0.56;8.79;6
5.39;0.301;0.439;11.25;0.058;24.5;221.3;0.9955;3.31;0.44;10.7;7
5.31;0.366;0.252;1.35;0.026;39.3;161.9;0.99183;3.21;0.55;10.21;6
7.67;0.171;0.419;7.47;0.058;55.6;137.2;1.00327;3.38;0.55;10.81;6
8.34;0.259;0.415;4.23;0.077;18.9;106.7;0.99431;3.18;0.44;9.53;5
8.25;0.375;0.311;3.93;0.009;59.5;95.8;0.99513;3.11;0.34;11.44;5
8.88;0.467;0.339;9.91;0.009;37.6;162.4;0.99447;3.03;0.35;8.99;7
5.91;0.283;0.391;18.15;0.016;49.4;134.9;0.99325;2.91;0.65;10.47;7
6.65;0.406;0.337;11.07;0.053;58.2;151.0;0.99572;3.35;0.44;12.15;5
7.39;0.15;0.36;2.27;0.09;47.3;130.3;0.99846;3.31;0.4;10.59;6
5.85;0.194;0.39;15.09;0.027;26.2;149.1;0.99524;3.1;0.32;11.76;6
5.84;0.43;0.379;1.59;0.062;31.6;124.5;0.99461;3.08;0.45;9.04;5
6.17;0.209;0.322;0.6;0.026;23.2;74.6;0.99649;2.99;0.57;9.12;5
5.78;0.187;0.189;9.38;0.032;25.2;105.2;0.99955;2.97;0.37;11.11;6
8.36;0.214;0.367;8.82;0.057;5.0;90.0;0.99511;3.23;0.46;8.91;7
5.66;0.248;0.192;0.6;0.037;47.6;166.2;0.99312;3.42;0.51;11.06;6
7.69;0.482;0.315;8.55;0.057;17.8;109.9;1.00012;3.01;0.42;12.7;7
7.3;0.364;0.195;7.84;0.009;37.0;146.3;0.99038;3.26;0.46;8.83;6
7.22;0.415;0.397;10.52;0.043;31.2;147.1;0.99113;2.77;0.55;12.39;6
6.36;0.34;0.332;0.6;0.009;27.5;137.1;0.99466;3.11;0.37;9.84;6
5.77;0.297;0.258;4.75;0.031;59.0;139.7;0.99551;3.15;0.44;10.89;7
8.46;0.353;0.231;8.87;0.053;41.0;98.1;0.99979;3.16;0.32;9.68;6
7.23;0.495;0.204;2.67;0.079;22.8;176.9;1.00032;3.42;0.49;11.82;4
7.82;0.317;0.223;13.99;0.023;46.0;181.6;0.99737;3.09;0.58;9.85;5
7.44;0.433;0.183;5.84;0.084;19.0;112.9;0.99352;3.27;0.53;9.84;6
9.38;0.092;0.542;7.32;0.067;8.3;184.6;0.9904;2.83;0.57;10.2;6
6.99;0.307;0.245;11.65;0.033;26.4;152.2;0.99479;3.06;0.64;11.02;6
7.98;0.304;0.474;0.6;0.054;59.9;211.0;0.99439;3.01;0.33;9.11;7
7.0;0.335;0.191;0.6;0.049;30.2;159.3;0.99376;3.29;0.42;11.14;4
6.75;0.305;0.391;14.53;0.022;53.4;122.9;0.99741;3.38;0.47;8.75;5
6.86;0.278;0.358;1.45;0.081;35.7;125.5;0.99225;3.06;0.57;12.0;5
5.96;0.13;0.419;7.41;0.087;55.4;80.2;0.991;3.13;0.57;10.64;5
6.72;0.267;0.366;13.27;0.067;25.5;97.1;0.99074;3.16;0.27;8.56;5
6.49;0.39;0.249;8.2;0.069;24.1;140.3;0.99422;2.95;0.46;11.08;6
6.22;0.386;0.201;7.8;0.029;26.3;127.6;0.99272;3.11;0.61;10.27;6
6.17;0.375;0.291;0.6;0.058;50.6;41.6;0.99484;3.26;0.7;8.72;6
7.3;0.334;0.481;2.39;0.02;28.5;101.1;0.99766;3.17;0.64;9.21;6
6.15;0.278;0.406;10.35;0.033;47.1;115.7;0.99787;3.16;0.48;9.89;5
7.08;0.267;0.25;0.92;0.05;12.9;137.5;1.00018;3.15;0.51;12.35;6
8.35;0.319;0.344;1.05;0.066;4.4;125.1;0.98989;2.98;0.54;8.39;8
6.36;0.142;0.242;14.49;0.063;22.3;156.0;0.99508;3.36;0.72;10.33;6
6.68;0.258;0.255;7.42;0.026;33.9;183.9;0.99539;3.37;0.54;8.02;6
8.67;0.236;0.281;8.01;0.033;33.6;189.1;0.9909;3.29;0.68;8.13;6
6.46;0.312;0.182;2.13;0.068;71.4;151.4;0.99003;3.1;0.41;12.66;6
7.76;0.351;0.463;7.89;0.02;16.5;178.8;0.99428;3.01;0.63;12.18;6
4.99;0.294;0.178;11.93;0.052;34.3;172.8;0.99624;3.31;0.59;11.46;6
7.7;0.221;0.28;5.15;0.08;18.1;67.8;0.99183;3.02;0.46;10.62;6
7.79;0.31;0.172;8.12;0.071;12.7;233.0;0.98642;3.24;0.59;8.43;6
7.35;0.267;0.128;10.37;0.019;41.0;125.0;0.99197;3.38;0.41;8.6;6
7.5;0.225;0.243;1.53;0.022;18.1;134.9;0.99039;3.16;0.4;11.64;6
7.07;0.346;0.647;4.75;0.064;29.8;139.8;0.99522;3.16;0.54;11.23;6
6.73;0.307;0.035;15.44;0.069;51.0;60.5;0.99834;3.13;0.48;12.22;7
7.13;0.175;0.374;16.3;0.061;40.4;252.2;0.99541;2.99;0.4;11.66;5
7.94;0.259;0.262;17.23;0.087;33.3;64.2;0.99674;3.45;0.43;11.3;5
7.09;0.248;0.411;0.6;0.046;46.1;109.1;0.99669;3.14;0.47;9.81;7
6.25;0.149;0.349;12.41;0.083;28.3;141.4;0.9948;3.13;0.47;8.0;6
6.16;0.071;0.021;6.85;0.06;63.4;183.3;0.9939;3.13;0.38;12.16;6
5.55;0.189;0.468;7.24;0.051;48.9;102.5;0.99625;3.19;0.56;11.97;6
7.81;0.139;0.285;11.55;0.034;33.1;42.2;0.99157;3.09;0.39;10.91;7
7.12;0.254;0.271;1.96;0.016;27.5;222.2;0.99178;3.4;0.61;10.21;6
7.49;0.267;0.294;0.6;0.024;41.0;185.4;0.99335;3.2;0.64;10.47;6
7.45;0.35;0.123;0.6;0.083;30.0;162.3;0.99431;3.4;0.45;12.52;6
6.58;0.218;0.239;7.45;0.036;48.9;110.4;0.99253;3.21;0.48;8.0;6
6.89;0.276;0.534;6.25;0.061;28.3;174.4;0.98772;3.38;0.66;11.8;8
7.76;0.262;0.494;16.93;0.058;40.0;182.4;0.99212;3.24;0.4;11.06;6
8.25;0.389;0.253;3.42;0.034;25.0;110.4;0.99537;3.28;0.5;10.58;5
8.51;0.245;0.448;0.6;0.081;55.0;198.0;0.99456;3.12;0.39;11.46;5
7.07;0.405;0.357;1.73;0.064;25.9;109.2;0.99224;3.11;0.46;11.28;6
8.01;0.412;0.183;5.93;0.052;42.4;220.5;0.99546;2.92;0.35;13.47;6
6.7;0.309;0.32;2.98;0.099;18.0;156.2;0.98728;3.18;0.63;9.74;7
6.91;0.279;0.339;2.7;0.049;36.7;170.6;0.99212;3.3;0.49;10.0;6
6.43;0.459;0.366;8.19;0.043;64.9;88.9;0.99494;3.08;0.44;12.82;4
7.52;0.366;0.343;6.62;0.072;28.3;145.8;0.99559;3.41;0.54;9.14;5
6.67;0.156;0.384;5.92;0.049;42.2;151.4;0.9946;3.21;0.62;9.03;7
7.47;0.456;0.354;11.33;0.057;59.7;156.2;0.99221;3.09;0.46;11.56;6
7.99;0.325;0.329;6.11;0.073;11.5;120.7;0.99213;3.21;0.45;11.23;6
6.66;0.304;0.336;7.07;0.053;52.8;126.8;0.99179;3.38;0.72;9.55;4
6.12;0.445;0.432;13.65;0.078;52.3;181.3;0.99453;3.32;0.51;10.43;6
8.22;0.562;0.375;0.6;0.073;43.0;205.5;0.99503;3.25;0.51;10.77;8
7.11;0.551;0.456;11.87;0.066;40.1;127.7;0.99289;3.08;0.36;10.98;6
6.95;0.275;0.438;6.78;0.056;36.8;164.4;0.99522;3.32;0.69;10.14;5
6.78;0.202;0.396;1.85;0.044;43.9;121.6;0.99733;3.11;0.69;9.5;4
6.29;0.268;0.478;2.78;0.053;34.5;69.6;0.99156;3.12;0.37;11.03;6
5.66;0.136;0.342;13.85;0.017;27.9;159.5;0.99704;3.21;0.61;10.68;5
6.1;0.089;0.539;3.25;0.06;43.0;110.9;0.99426;3.04;0.6;12.32;7
5.68;0.268;0.246;8.53;0.042;64.9;116.4;0.99566;3.33;0.35;11.87;6
8.3;0.493;0.247;0.6;0.068;27.6;104.9;0.98969;3.1;0.45;9.31;6
7.66;0.189;0.487;0.95;0.054;44.7;198.7;0.99132;2.93;0.66;10.85;6
7.17;0.339;0.445;0.6;0.009;62.1;117.0;0.99195;3.16;0.45;13.4;5
5.91;0.243;0.172;9.63;0.084;40.2;97.0;0.99632;3.14;0.61;9.42;6
5.96;0.288;0.121;8.41;0.051;51.6;89.5;0.99261;3.19;0.6;9.62;5
6.65;0.284;0.551;7.72;0.025;38.0;113.2;0.99432;3.2;0.48;11.77;6
7.44;0.152;0.351;4.85;0.019;52.9;191.5;0.99266;3.16;0.8;10.06;6
7.32;0.439;0.361;1.03;0.059;57.6;175.6;0.98976;3.4;0.48;9.04;6
7.69;0.093;0.485;7.27;0.056;60.6;213.5;0.99656;3.04;0.5;10.4;6
5.96;0.226;0.138;0.6;0.07;50.8;126.1;0.99118;3.15;0.61;9.53;6
6.22;0.1;0.468;7.12;0.065;31.8;131.9;0.99538;3.17;0.37;12.23;4
5.76;0.37;0.246;4.72;0.014;20.6;164.9;0.99505;3.17;0.58;8.71;7
7.04;0.241;0.266;3.93;0.021;39.5;146.0;0.98906;3.09;0.47;12.49;7
7.5;0.19;0.344;8.33;0.046;56.6;143.3;0.99426;3.15;0.65;8.99;6
6.19;0.361;0.365;8.81;0.038;43.6;125.6;0.98826;3.07;0.65;8.27;6
6.64;0.271;0.575;4.12;0.033;27.6;203.5;0.99988;3.2;0.4;12.78;5
5.65;0.274;0.404;10.53;0.053;40.7;145.2;0.98543;3.25;0.67;11.84;7
8.38;0.41;0.298;7.79;0.048;27.8;133.0;0.99278;3.09;0.49;11.78;6
7.84;0.207;0.553;9.11;0.047;56.3;103.2;1.00197;3.2;0.29;10.22;5
7.23;0.307;0.103;4.32;0.042;44.1;73.0;0.99445;3.22;0.34;11.88;6
6.67;0.195;0.34;0.6;0.059;37.4;213.1;0.99989;3.35;0.33;10.52;5
7.28;0.273;0.246;4.44;0.046;45.1;88.0;0.99901;3.29;0.53;11.27;5
6.57;0.191;0.26;3.75;0.027;24.5;156.4;0.99299;3.27;0.4;12.37;6
6.72;0.315;0.408;10.08;0.009;37.9;182.0;0.99265;2.96;0.44;10.27;7
7.86;0.156;0.408;0.6;0.043;2;69.2;0.99539;3.2;0.67;10.39;6
4.95;0.349;0.406;4.66;0.029;50.5;201.2;0.99017;3.28;0.64;11.12;6
7.1;0.284;0.22;3.76;0.059;48.9;104.0;0.99335;3.14;0.6;9.12;5
6.89;0.269;0.394;0.89;0.068;30.4;143.6;0.99478;3.14;0.37;11.41;3
5.24;0.16;0.165;0.62;0.062;11.5;26.4;0.99446;3.12;0.53;11.02;6
7.34;0.381;0.42;9.43;0.049;25.6;145.3;0.99777;3.27;0.62;10.19;6
7.87;0.36;0.224;2.05;0.069;31.7;132.2;0.99388;3.23;0.49;9.54;6
7.46;0.342;0.371;0.6;0.065;29.2;220.1;0.99509;3.2;0.42;13.4;7
6.44;0.351;0.483;0.6;0.019;74.4;143.1;0.99295;3.4;0.59;10.06;6
7.98;0.262;0.247;7.22;0.065;50.5;143.9;0.99347;3.13;0.64;12.15;5
6.14;0.234;0.492;8.21;0.038;37.5;66.7;0.99761;3.31;0.46;12.03;7
6.44;0.48;0.357;7.39;0.069;45.6;83.5;0.99259;3.3;0.5;8.57;6
8.82;0.272;0.308;12.06;0.045;28.1;127.6;0.99529;3.27;0.39;8.84;6
6.84;0.501;0.347;14.47;0.043;33.7;159.6;0.9905;3.51;0.42;10.86;5
5.75;0.292;0.183;5.22;0.074;32.6;58.1;0.99146;3.09;0.38;9.08;6
7.51;0.39;0.314;6.16;0.052;37.5;115.2;0.9969;3.22;0.68;8.71;5
8.14;0.233;0.453;9.39;0.055;32.0;124.6;0.99076;3.09;0.54;11.18;4
6.67;0.39;0.2;10.55;0.019;9.8;128.2;0.99644;3.22;0.36;11.43;7
6.45;0.359;0.34;9.75;0.079;43.9;123.0;0.99391;3.2;0.54;10.61;6
6.37;0.427;0.176;16.53;0.038;40.2;102.2;0.99344;3.12;0.77;11.6;7
6.49;0.188;0.288;7.98;0.057;23.3;147.7;0.99417;3.08;0.61;12.23;6
6.71;0.339;0.343;8.46;0.014;5.7;165.3;0.99628;3.22;0.5;11.3;6
5.84;0.405;0.23;1.96;0.032;46.9;159.1;0.99491;3.26;0.56;11.27;6
5.46;0.234;0.428;3.71;0.047;45.9;90.3;0.99627;2.74;0.54;11.38;5
6.87;0.262;0.359;8.48;0.087;18.2;112.5;0.99232;3.44;0.5;10.37;5
5.76;0.352;0.485;8.39;0.037;26.1;102.2;0.99163;2.99;0.5;12.28;5
6.87;0.198;0.28;8.7;0.053;44.3;103.7;0.99351;3.07;0.35;10.58;6
7.56;0.262;0.311;0.6;0.012;10.1;143.4;0.99643;3.23;0.31;11.17;5
6.79;0.419;0.293;0.6;0.056;28.7;134.7;0.99278;3.3;0.47;8.18;6
6.94;0.229;0.276;14.57;0.056;57.4;219.8;0.99047;2.99;0.22;9.35;6
7.23;0.336;0.361;0.6;0.055;27.7;149.2;0.99437;3.1;0.64;11.5;5
6.03;0.248;0.507;10.03;0.057;38.6;157.3;0.99462;3.0;0.51;10.75;6
6.77;0.173;0.352;4.99;0.056;41.6;184.9;0.99014;3.14;0.55;10.8;7
6.17;0.269;0.209;5.97;0.054;31.6;132.9;0.99568;3.18;0.51;12.51;6
7.1;0.165;0.56;0.69;0.034;43.4;125.2;0.9942;3.42;0.51;11.43;6
6.31;0.179;0.212;11.17;0.064;49.2;203.9;0.99295;3.37;0.59;11.07;6
8.07;0.091;0.227;4.51;0.059;30.4;136.5;0.99596;3.26;0.63;8.87;7
7.31;0.369;0.3;11.58;0.076;9.3;166.5;0.99192;3.25;0.37;11.58;6
6.82;0.491;0.272;0.6;0.049;28.4;105.7;0.99404;2.98;0.58;10.38;6
6.61;0.379;0.447;14.39;0.016;22.8;142.7;0.99345;3.12;0.52;11.78;5
6.88;0.197;0.29;1.92;0.042;59.5;188.3;0.99696;3.24;0.58;11.47;6
5.72;0.285;0.346;10.81;0.07;37.8;144.0;0.99172;3.41;0.33;11.95;5
7.34;0.377;0.204;9.03;0.038;38.6;104.0;0.99021;3.2;0.66;8.26;6
6.84;0.267;0.609;0.6;0.042;16.6;167.8;0.99198;3.27;0.42;9.75;5
6.08;0.206;0.214;11.02;0.059;17.9;45.0;0.99567;3.18;0.5;11.84;6
7.01;0.306;0.162;3.14;0.032;60.0;104.5;0.99586;3.19;0.47;11.08;6
7.97;0.38;0.162;8.3;0.024;41.7;138.8;0.99744;3.39;0.61;12.37;7
7.89;0.177;0.192;5.71;0.043;52.0;136.2;1.00176;3.09;0.47;10.53;6
5.97;0.259;0.322;7.15;0.033;56.3;130.8;0.99001;3.32;0.38;9.06;6
7.57;0.163;0.329;17.71;0.081;13.2;130.8;0.99361;3.52;0.47;10.15;5
8.16;0.316;0.284;0.6;0.02;53.5;168.7;0.99421;3.24;0.35;8.39;3
7.44;0.334;0.227;10.02;0.052;15.0;114.2;0.98961;3.48;0.58;10.82;6
7.85;0.174;0.184;10.19;0.05;47.9;152.7;0.99385;3.24;0.29;11.96;6
6.24;0.103;0.396;13.09;0.067;47.6;145.8;0.99653;3.11;0.61;11.07;4
7.96;0.384;0.265;4.69;0.062;60.4;190.3;0.99177;3.23;0.71;12.04;4
7.99;0.164;0.266;2.08;0.019;19.1;120.9;0.99239;3.14;0.37;11.67;6
7.48;0.398;0.317;4.5;0.05;6.6;103.9;0.99188;3.28;0.48;9.02;6
7.02;0.309;0.466;0.6;0.059;23.8;167.1;0.99373;3.24;0.59;8.92;6
6.58;0.225;0.359;3.09;0.061;36.2;170.3;0.99114;2.98;0.4;10.45;6
6.65;0.241;0.49;1.98;0.043;39.7;116.2;0.99061;3.17;0.61;8.91;5
6.51;0.347;0.142;15.32;0.048;29.9;159.3;0.99486;3.11;0.49;9.21;6
6.46;0.217;0.44;8.46;0.045;29.3;101.5;0.99953;3.1;0.56;11.22;7
7.23;0.214;0.35;11.8;0.032;17.6;119.5;0.99835;3.0;0.37;8.91;5
7.92;0.133;0.538;3.61;0.009;42.7;158.4;0.99354;3.32;0.4;10.92;6
7.19;0.148;0.111;9.2;0.082;52.3;155.7;0.99501;3.22;0.57;8.78;5
7.29;0.419;0.081;7.13;0.066;31.8;93.5;0.9891;3.13;0.37;8.48;7
7.12;0.323;0.078;13.39;0.033;18.6;114.4;0.99064;3.36;0.31;11.36;6
6.17;0.301;0.182;1.32;0.015;58.5;163.5;0.9989;3.4;0.51;10.02;7
7.22;0.267;0.399;2.88;0.016;15.8;194.0;0.98865;2.93;0.58;12.65;6
6.89;0.203;0.32;5.81;0.08;38.8;106.9;0.99431;3.26;0.51;8.75;5
6.9;0.353;0.275;6.32;0.036;59.5;166.5;0.99663;3.11;0.52;10.57;6
5.61;0.219;0.221;0.6;0.071;23.0;200.6;0.98892;3.23;0.59;8.57;6
6.79;0.385;0.233;11.53;0.064;28.0;141.6;0.99397;3.3;0.6;9.62;6
5.75;0.132;0.295;3.0;0.071;64.2;254.2;0.99931;3.11;0.49;9.8;5
6.11;0.192;0.322;2.54;0.042;63.4;79.6;0.99751;3.18;0.5;10.57;7
6.34;0.127;0.32;5.52;0.041;38.7;114.9;0.99868;3.22;0.39;9.18;6
6.28;0.292;0.399;10.07;0.03;19.4;82.3;0.99736;3.03;0.52;11.36;7
7.89;0.097;0.194;11.82;0.053;25.4;230.7;0.99453;3.23;0.5;12.67;6
7.35;0.377;0.387;6.71;0.047;66.3;107.9;0.99311;3.18;0.17;9.93;5
6.64;0.201;0.207;15.39;0.035;29.0;114.1;0.99018;3.23;0.75;10.04;6
5.7;0.424;0.444;1.47;0.063;22.6;98.6;0.99461;3.11;0.6;11.84;6
5.44;0.512;0.341;2.09;0.013;42.0;136.5;0.99732;3.33;0.49;10.41;7
6.53;0.305;0.334;2.67;0.069;42.3;210.2;0.99421;3.49;0.25;11.67;6
6.34;0.222;0.433;11.37;0.082;33.1;166.7;0.99642;3.25;0.9;10.39;4
6.07;0.264;0.212;0.62;0.048;48.9;100.7;0.988;3.23;0.59;11.58;7
7.25;0.502;0.199;8.94;0.035;21.6;191.2;0.99629;3.38;0.35;11.99;5
8.47;0.335;0.441;0.79;0.057;34.4;132.4;0.99338;3.1;0.46;10.1;6
7.06;0.222;0.169;4.14;0.03;11.3;139.9;0.99398;3.14;0.64;11.08;5
5.84;0.216;0.485;3.5;0.048;25.1;190.2;0.99149;3.19;0.42;10.27;6
7.85;0.247;0.222;16.9;0.092;15.5;119.7;0.999;3.47;0.67;9.44;6
7.48;0.055;0.204;14.56;0.088;57.6;73.6;0.99322;3.24;0.44;10.41;5
7.87;0.26;0.572;8.91;0.042;39.2;133.0;0.99213;3.16;0.67;11.77;6
8.7;0.349;0.262;4.81;0.048;35.6;146.1;0.99525;3.27;0.62;11.91;5
6.65;0.251;0.104;5.96;0.063;38.4;37.5;0.99056;3.01;0.58;8.25;5
9.14;0.339;0.234;7.01;0.057;19.8;122.8;0.99438;3.17;0.65;9.99;4
7.28;0.337;0.39;10.81;0.043;26.3;121.8;0.99026;3.08;0.59;10.97;8
5.7;0.249;0.232;12.19;0.024;45.4;70.8;0.99154;3.53;0.6;10.22;6
7.02;0.163;0.447;7.91;0.078;18.2;115.0;0.99595;3.29;0.46;10.29;6
7.12;0.164;0.4;0.6;0.037;14.3;207.1;0.99558;3.43;0.48;11.32;5
6.82;0.206;0.439;4.64;0.024;30.1;162.0;0.99663;3.03;0.49;9.7;5
7.3;0.39;0.532;8.55;0.023;33.7;137.7;0.98989;3.18;0.5;12.63;6
7.0;0.142;0.379;15.73;0.046;48.0;182.9;0.99351;3.08;0.43;9.38;6
6.68;0.3;0.231;21.62;0.072;45.6;143.6;0.9936;3.36;0.49;10.35;6
6.49;0.497;0.344;0.6;0.015;24.6;49.3;0.99618;3.11;0.49;11.56;6
6.72;0.409;0.25;6.88;0.046;31.5;134.5;0.99161;3.25;0.54;10.48;5
7.72;0.392;0.712;6.87;0.06;36.9;104.4;0.99301;3.02;0.69;11.39;5
7.57;0.218;0.169;6.79;0.062;2;142.9;0.9941;3.09;0.54;8.62;5
7.62;0.392;0.248;4.52;0.061;22.7;157.2;0.99706;3.17;0.63;11.16;5
6.16;0.254;0.283;10.96;0.053;37.2;165.8;0.99339;3.05;0.42;13.46;5
6.95;0.004;0.401;0.6;0.025;19.3;130.6;0.99508;3.02;0.27;9.87;6
7.51;0.299;0.465;14.85;0.053;42.5;158.9;0.99575;3.06;0.53;11.77;6
7.31;0.277;0.424;8.69;0.009;42.0;124.5;0.98901;3.19;0.3;10.48;6
7.24;0.354;0.351;16.55;0.087;25.8;103.3;0.99817;3.21;0.63;11.09;5
7.16;0.214;0.356;2.8;0.031;24.9;201.2;0.99622;3.31;0.45;11.59;6
7.0;0.231;0.298;11.23;0.009;30.3;95.9;0.99476;3.46;0.76;9.53;5
7.16;0.094;0.183;5.14;0.064;31.4;82.8;0.99983;3.07;0.35;11.62;7
7.13;0.2;0.401;8.18;0.036;47.6;199.1;0.9958;3.26;0.3;10.89;6
5.73;0.306;0.511;9.55;0.045;38.9;131.1;0.99626;3.33;0.41;10.04;5
5.68;0.35;0.256;8.23;0.041;59.3;153.0;0.99868;3.54;0.43;10.57;6
6.48;0.37;0.31;4.1;0.035;18.4;202.7;0.99863;3.45;0.44;11.23;5
6.54;0.359;0.416;5.55;0.038;54.3;155.0;0.99456;3.4;0.57;11.89;5
6.55;0.262;0.297;9.58;0.009;42.6;145.9;0.99446;3.31;0.59;10.46;6
6.86;0.202;0.468;0.6;0.022;27.5;158.5;0.99393;3.32;0.83;10.75;4
6.98;0.182;0.366;2.84;0.016;36.1;191.6;0.99077;3.14;0.59;12.06;6
7.23;0.182;0.37;7.07;0.084;32.1;195.7;0.9936;3.09;0.34;11.54;6
6.76;0.314;0.317;3.62;0.053;14.7;152.2;0.99468;3.2;0.63;11.02;5
7.23;0.278;0.278;6.56;0.067;47.1;160.0;0.99481;3.24;0.35;10.17;6
6.87;0.303;0.258;5.35;0.041;2;114.1;0.99078;3.15;0.33;10.92;5
8.44;0.142;0.262;16.66;0.073;22.7;142.6;0.99365;3.21;0.49;8.86;5
5.89;0.288;0.359;6.7;0.058;44.8;123.2;0.98889;3.51;0.44;9.25;5
7.09;0.16;0.495;8.48;0.014;43.2;106.6;0.99541;3.34;0.44;10.42;5
7.12;0.114;0.178;0.6;0.04;47.7;100.5;0.9971;3.28;0.58;9.3;6
8.18;0.165;0.375;6.86;0.07;31.9;119.0;0.99412;3.01;0.44;10.85;6
6.12;0.227;0.415;10.23;0.07;2;110.6;0.99477;3.33;0.51;10.66;6
7.22;0.346;0.223;2.77;0.113;40.0;158.5;0.99136;2.87;0.5;9.5;6
7.49;0.313;0.242;9.53;0.031;35.7;145.4;0.99647;3.17;0.45;8.45;6
7.24;0.346;0.494;3.4;0.059;38.7;195.4;0.99889;3.18;0.56;13.2;5
7.48;0.291;0.276;12.21;0.019;26.2;217.9;0.99005;3.23;0.63;10.67;4
6.25;0.166;0.298;0.61;0.027;25.4;156.0;0.99682;2.98;0.43;10.15;7
7.09;0.124;0.39;5.59;0.03;20.0;173.9;0.99495;3.2;0.53;10.84;6
6.7;0.226;0.188;11.23;0.058;42.2;156.3;0.9904;3.21;0.63;10.71;6
4.67;0.128;0.301;7.37;0.055;21.7;82.9;0.99532;3.25;0.31;9.22;6
5.53;0.248;0.497;5.16;0.041;53.4;211.0;0.99521;3.24;0.45;12.88;7
7.64;0.271;0.322;0.6;0.036;33.6;242.1;0.99113;3.03;0.54;9.25;7
5.91;0.25;0.215;7.07;0.115;37.6;156.3;0.98705;2.95;0.42;11.36;7
6.8;0.111;0.464;10.52;0.034;27.8;181.7;0.99216;3.43;0.61;11.09;6
8.45;0.153;0.131;12.27;0.055;60.2;117.2;0.99554;3.26;0.55;9.21;6
6.31;0.281;0.304;3.55;0.016;55.0;122.3;0.99107;3.4;0.64;12.01;6
7.39;0.275;0.367;8.91;0.031;30.7;129.7;0.99223;3.2;0.43;11.31;6
6.55;0.34;0.245;0.6;0.053;24.1;92.2;0.9917;3.19;0.43;9.52;6
6.93;0.232;0.292;13.83;0.026;41.6;125.7;0.99441;3.14;0.34;9.32;5
7.08;0.253;0.311;0.6;0.062;31.2;94.0;0.99413;3.34;0.73;12.1;6
4.5;0.255;0.353;4.7;0.025;23.4;124.0;0.99371;3.47;0.47;8.97;5
7.54;0.333;0.361;0.6;0.084;36.9;96.2;0.99456;3.12;0.4;10.87;6
6.78;0.249;0.237;11.31;0.026;11.9;151.5;0.99466;3.17;0.65;10.35;7
6.58;0.172;0.166;0.6;0.021;71.4;177.9;0.99259;3.13;0.49;11.37;6
8.93;0.379;0.281;3.67;0.048;23.2;142.4;0.99388;3.21;0.58;10.0;6
6.02;0.148;0.385;5.63;0.012;11.9;154.7;0.99217;3.25;0.38;11.18;5
6.57;0.195;0.575;11.67;0.061;26.6;108.9;0.99371;3.31;0.72;10.07;5
6.24;0.148;0.388;9.82;0.059;8.7;195.9;0.99419;3.06;0.53;10.93;6
6.62;0.132;0.318;11.61;0.043;31.8;196.2;0.99276;3.16;0.42;10.54;6
6.37;0.073;0.23;7.29;0.052;27.3;206.7;0.98627;3.11;0.34;8.22;6
6.77;0.469;0.454;6.61;0.041;40.5;178.1;0.99259;3.13;0.18;8.75;4
7.45;0.258;0.246;9.74;0.009;15.4;115.1;0.99486;3.26;0.58;10.65;6
7.67;0.309;0.359;10.3;0.012;44.4;198.0;0.99673;2.96;0.51;9.48;5
6.53;0.236;0.461;6.46;0.062;60.6;134.9;0.99594;3.27;0.33;9.65;5
6.7;0.303;0.447;14.08;0.033;8.4;200.6;0.99398;3.23;0.3;11.4;7
7.14;0.346;0.224;4.49;0.037;29.1;134.2;0.99454;3.17;0.59;11.31;6
5.89;0.471;0.296;0.6;0.009;53.1;19.2;0.98922;3.0;0.68;9.38;7
6.86;0.384;0.537;0.6;0.029;42.4;129.9;0.99521;3.29;0.4;11.82;7
7.11;0.269;0.332;7.07;0.009;30.4;157.8;0.9907;3.18;0.8;9.07;6
6.2;0.213;0.111;15.46;0.019;45.0;113.2;0.99251;3.42;0.51;8.18;6
7.28;0.417;0.159;4.88;0.049;48.8;89.6;0.99503;3.16;0.57;10.31;6
7.44;0.043;0.454;4.11;0.033;51.9;109.9;0.99648;3.09;0.64;12.27;6
7.48;0.323;0.341;2.18;0.047;10.2;112.1;0.99503;3.3;0.57;13.59;6
6.28;0.196;0.311;6.28;0.096;29.6;96.5;0.99987;3.03;0.33;8.89;7
7.57;0.29;0.444;15.47;0.058;35.3;105.1;0.99568;3.36;0.68;11.53;6
7.22;0.356;0.238;7.82;0.057;37.2;217.8;0.99605;3.31;0.38;13.66;6
4.59;0.324;0.438;9.36;0.023;41.2;80.3;0.99415;3.08;0.4;9.23;6
5.95;0.348;0.447;7.99;0.037;49.5;219.1;0.99468;3.25;0.5;10.63;6
5.95;0.244;0.304;8.94;0.016;49.5;138.7;0.99922;3.05;0.63;12.49;6
5.86;0.309;0.336;4.79;0.05;50.1;200.3;0.99976;3.19;0.41;10.18;6
7.49;0.272;0.478;0.6;0.025;32.9;108.0;0.98963;3.14;0.54;11.22;6
6.01;0.332;0.477;0.6;0.031;39.1;171.2;0.99629;3.16;0.6;9.25;6
7.06;0.354;0.258;11.54;0.038;33.4;149.7;0.98905;2.97;0.62;9.65;7
6.76;0.395;0.351;1.53;0.043;49.1;140.7;0.99645;3.05;0.49;8.47;6
6.0;0.204;0.357;6.94;0.041;35.6;106.9;0.9916;3.29;0.46;10.55;7
8.52;0.306;0.234;8.64;0.037;52.5;144.0;0.99523;3.12;0.61;11.07;5
8.25;0.128;0.222;5.42;0.041;51.8;82.3;0.99483;3.05;0.41;11.65;5
6.68;0.354;0.347;20.87;0.056;11.8;110.1;0.99505;3.51;0.42;10.94;6
6.52;0.419;0.317;12.91;0.029;78.0;147.4;0.99395;3.23;0.68;10.5;5
6.71;0.095;0.16;2.07;0.031;48.9;195.6;0.99618;3.03;0.4;10.3;8
5.27;0.318;0.363;10.93;0.029;35.2;92.0;0.99674;3.12;0.65;11.43;6
6.52;0.298;0.225;0.66;0.013;33.5;129.3;0.99728;3.06;0.43;9.26;6
5.66;0.396;0.209;11.26;0.048;46.9;170.5;0.99795;3.16;0.65;10.7;5
6.59;0.126;0.33;5.99;0.061;59.4;45.5;0.99415;3.27;0.41;11.49;6
5.77;0.082;0.46;7.94;0.049;67.0;173.9;0.99114;3.16;0.45;11.49;7
7.11;0.408;0.446;9.39;0.045;19.9;135.9;0.99652;3.16;0.55;11.15;5
7.91;0.49;0.361;8.54;0.037;30.1;65.2;0.99187;3.2;0.46;10.91;7
6.27;0.125;0.247;8.82;0.063;20.5;129.1;0.99592;3.52;0.44;12.14;4
7.43;0.219;0.426;5.05;0.099;22.3;156.6;0.9951;3.06;0.74;9.63;6
6.51;0.324;0.446;10.75;0.025;66.0;143.5;0.99303;3.08;0.44;12.16;5
5.87;0.446;0.708;10.89;0.043;46.8;62.3;0.99543;3.18;0.3;11.02;5
4.9;0.221;0.404;8.44;0.009;26.7;213.5;0.99744;3.21;0.31;13.63;5
6.75;0.273;0.453;5.94;0.08;45.7;135.4;0.9952;3.15;0.4;9.77;6
8.11;0.046;0.467;0.6;0.045;27.5;172.4;0.99501;3.09;0.5;10.95;6
7.04;0.342;0.382;2.8;0.073;13.9;201.2;0.99652;3.15;0.53;10.61;5
7.75;0.285;0.497;10.59;0.07;20.7;171.5;0.99201;3.09;0.43;10.63;6
6.12;0.335;0.225;6.37;0.027;49.7;135.6;0.99502;2.95;0.55;12.01;5
8.39;0.204;0.244;3.72;0.064;40.2;189.7;0.99605;3.18;0.44;10.0;6
7.04;0.172;0.451;5.56;0.037;61.8;164.1;0.99651;2.99;0.43;10.4;6
7.77;0.4;0.279;7.97;0.069;2;148.6;0.99502;3.24;0.39;10.02;6
6.46;0.344;0.199;4.3;0.054;11.7;127.5;0.98862;3.2;0.44;8.54;4
6.43;0.255;0.387;0.6;0.075;26.0;66.6;0.99425;3.03;0.45;10.3;4
6.38;0.421;0.29;9.8;0.037;24.7;180.3;0.99774;3.39;0.24;9.5;5
6.44;0.346;0.409;13.81;0.078;42.4;41.8;0.9935;3.04;0.35;11.55;6
7.8;0.375;0.346;6.1;0.051;43.5;60.8;0.99376;3.35;0.43;11.32;6
5.4;0.333;0.276;0.6;0.027;58.1;223.4;0.99488;2.92;0.26;9.56;6
6.47;0.252;0.258;10.57;0.058;24.2;109.9;0.99472;3.09;0.36;9.96;7
5.23;0.35;0.226;12.8;0.072;22.9;146.4;0.99297;2.9;0.67;9.95;7
7.07;0.29;0.312;8.34;0.051;33.7;110.8;0.989;3.42;0.34;10.7;6
5.21;0.345;0.338;0.6;0.047;38.3;104.1;0.99845;3.15;0.27;8.33;6
6.65;0.262;0.18;12.66;0.037;27.2;191.3;0.99405;3.07;0.56;8.65;7
6.94;0.385;0.184;3.87;0.087;6.6;113.5;0.99513;3.37;0.54;10.42;6
6.42;0.097;0.343;6.17;0.072;4.3;130.0;0.98894;3.14;0.54;9.56;6
7.9;0.448;0.214;11.92;0.029;13.9;155.8;0.99273;3.39;0.39;12.2;5
6.02;0.293;0.423;7.75;0.069;19.8;135.9;0.99154;3.16;0.6;10.05;7
6.21;0.187;0.24;3.11;0.034;54.6;105.0;0.9943;3.16;0.59;9.52;5
6.51;0.236;0.397;10.52;0.039;18.6;200.3;0.99197;3.38;0.65;9.63;6
5.95;0.252;0.282;19.45;0.075;44.8;179.6;0.99346;3.45;0.32;9.53;5
7.17;0.277;0.273;2.01;0.029;34.8;168.6;0.99187;3.1;0.41;12.42;6
5.24;0.36;0.234;2.87;0.033;28.0;122.3;0.98746;3.55;0.58;9.65;5
7.65;0.329;0.229;6.89;0.052;36.1;100.6;0.98977;3.22;0.53;11.39;5
6.65;0.401;0.331;2.06;0.039;26.5;98.7;0.99658;3.02;0.43;10.46;5
8.07;0.401;0.419;5.07;0.046;46.8;139.8;0.99722;3.09;0.69;11.57;7
6.27;0.306;0.375;0.6;0.016;51.8;169.4;0.99569;3.18;0.61;11.43;5
6.91;0.17;0.438;0.6;0.063;64.1;105.2;0.99018;3.32;0.45;10.52;5
7.37;0.497;0.395;2.97;0.037;31.7;114.1;0.9896;3.25;0.39;8.89;6
7.25;0.309;0.225;20.17;0.062;65.5;67.1;0.99872;3.14;0.59;9.07;6
5.29;0.208;0.273;1.44;0.066;20.1;159.5;0.99494;3.24;0.57;11.62;6
6.56;0.196;0.326;2.03;0.061;10.5;87.4;0.99676;2.94;0.66;11.57;6
6.5;0.259;0.201;6.22;0.04;39.8;80.1;0.99198;3.11;0.68;9.92;5
6.54;0.459;0.493;4.08;0.037;37.0;66.7;0.98971;3.17;0.42;9.32;6
6.1;0.317;0.225;16.21;0.025;37.2;119.2;0.99791;3.05;0.35;9.83;8
6.3;0.175;0.391;1.8;0.047;16.8;167.5;0.9986;3.12;0.53;9.66;6
7.63;0.209;0.51;3.82;0.043;43.2;152.4;0.9979;2.72;0.57;10.2;7
6.5;0.209;0.228;11.85;0.017;25.3;116.5;0.99112;2.95;0.4;8.92;6
7.78;0.49;0.194;7.57;0.038;39.9;104.6;0.99762;3.17;0.36;11.77;7
7.43;0.229;0.394;4.91;0.035;48.8;97.9;0.99672;3.16;0.69;10.75;6
7.21;0.092;0.171;6.99;0.056;21.3;76.5;0.99396;3.12;0.53;11.72;7
6.23;0.243;0.29;7.46;0.058;41.6;205.9;0.99499;2.98;0.4;10.87;6
6.83;0.459;0.465;6.29;0.042;22.6;201.1;0.99341;2.92;0.5;10.91;5
6.28;0.13;0.268;0.6;0.015;23.5;135.0;0.99669;3.14;0.49;10.17;6
7.42;0.452;0.373;7.6;0.027;56.2;131.8;0.99329;3.39;0.61;11.78;7
6.51;0.275;0.365;0.6;0.037;44.4;185.3;0.99347;3.25;0.54;10.1;6
5.84;0.415;0.347;12.77;0.054;13.5;78.2;0.99552;3.13;0.55;8.0;6
8.39;0.235;0.233;1.28;0.042;16.6;141.6;0.9965;3.33;0.48;11.03;5
7.34;0.102;0.337;0.6;0.059;40.3;64.0;0.99;3.13;0.61;9.89;6
7.93;0.412;0.113;3.27;0.078;32.8;94.9;0.99473;2.88;0.58;10.21;8
7.33;0.439;0.511;5.14;0.021;3.0;124.2;0.99208;3.05;0.61;11.38;5
5.95;0.332;0.204;10.97;0.043;59.3;118.3;0.99439;3.43;0.59;8.0;6
6.99;0.225;0.129;6.03;0.009;60.9;200.0;0.99732;3.01;0.24;10.72;5
6.37;0.23;0.245;9.06;0.064;55.3;112.2;0.99493;3.01;0.51;9.86;5
6.32;0.22;0.536;5.15;0.03;39.3;109.9;0.99188;3.12;0.55;8.9;5
7.95;0.321;0.307;13.53;0.068;2.9;121.7;0.99627;3.11;0.55;13.21;5
8.1;0.246;0.385;9.1;0.06;13.6;184.4;0.99637;2.84;0.59;9.57;5
7.16;0.292;0.238;4.32;0.046;28.6;153.8;0.99516;3.2;0.45;9.73;5
6.82;0.313;0.397;8.25;0.053;45.4;116.8;0.99527;2.88;0.48;9.7;7
7.28;0.403;0.379;13.84;0.044;27.2;140.5;0.98901;3.12;0.36;11.92;6
5.63;0.293;0.317;4.66;0.009;56.9;125.9;0.99401;2.91;0.43;10.2;5
7.01;0.095;0.333;7.02;0.062;40.0;116.0;0.99646;3.01;0.51;9.6;6
6.51;0.405;0.363;7.09;0.039;10.0;146.1;0.99851;2.94;0.65;10.97;8
5.81;0.246;0.136;4.15;0.033;56.6;195.4;0.99869;3.19;0.35;9.45;5
8.37;0.362;0.282;5.55;0.024;48.2;96.7;0.99239;3.31;0.5;11.33;5
7.36;0.162;0.234;4.17;0.053;64.9;64.0;0.9938;3.2;0.54;11.66;6
6.89;0.152;0.219;6.08;0.045;37.7;202.8;0.98883;3.22;0.68;9.91;6
7.3;0.233;0.509;4.87;0.04;19.8;163.6;0.996;3.1;0.57;11.05;7
6.43;0.327;0.293;2.05;0.059;37.0;149.9;0.99446;3.21;0.44;11.29;5
6.52;0.22;0.461;1.13;0.02;32.9;135.7;0.995;3.46;0.57;9.48;6
5.19;0.287;0.309;3.24;0.031;51.8;213.5;0.99052;3.16;0.55;12.12;4
6.15;0.361;0.401;2.83;0.042;21.0;97.9;0.99305;3.29;0.42;11.14;6
5.33;0.332;0.1;9.07;0.039;37.7;115.3;0.99539;3.02;0.74;12.08;7
5.23;0.142;0.382;11.72;0.011;23.0;101.5;0.99418;3.3;0.56;11.96;6
7.49;0.137;0.233;13.75;0.009;35.3;177.1;0.99391;3.21;0.39;10.22;5
7.87;0.211;0.566;0.6;0.061;47.1;94.2;0.99696;3.18;0.63;8.65;5
7.92;0.321;0.482;0.6;0.028;52.6;197.3;0.99055;3.13;0.52;11.61;8
7.45;0.194;0.352;2.4;0.052;34.6;94.2;0.99051;3.23;0.51;9.83;6
6.23;0.239;0.182;16.73;0.03;9.4;87.3;0.99202;3.18;0.66;9.39;6
6.71;0.332;0.235;0.62;0.03;72.5;88.8;0.99338;3.04;0.5;11.15;6
6.64;0.27;0.348;0.94;0.023;42.1;99.0;0.99208;3.19;0.41;8.4;5
6.23;0.297;0.468;9.78;0.079;36.3;92.4;0.99339;3.13;0.67;9.82;8
7.61;0.367;0.266;7.97;0.052;18.6;198.9;0.9931;3.24;0.56;10.72;6
8.12;0.331;0.356;0.6;0.012;35.1;179.8;0.99529;2.92;0.66;9.02;7
5.1;0.479;0.329;10.02;0.065;26.8;125.9;0.99532;3.09;0.61;8.85;6
7.77;0.378;0.411;6.77;0.081;63.8;160.8;0.99552;3.1;0.28;10.06;6
5.42;0.244;0.303;8.42;0.076;29.6;143.1;0.99038;3.28;0.49;9.89;5
7.44;0.306;0.233;11.53;0.042;80.4;133.7;0.99043;3.39;0.27;10.82;7
5.71;0.233;0.219;8.07;0.043;30.8;120.2;0.98675;3.25;0.57;11.76;7
7.29;0.498;0.51;11.73;0.03;72.8;117.1;0.99895;3.11;0.42;9.21;6
5.9;0.26;0.462;3.42;0.057;64.4;206.2;0.99649;3.26;0.35;10.73;7
6.35;0.132;0.363;3.05;0.058;24.2;152.1;0.99424;3.0;0.36;10.45;4
7.06;0.292;0.231;5.65;0.041;26.4;202.0;0.9946;3.16;0.32;12.48;6
6.88;0.207;0.614;10.11;0.053;26.1;138.6;0.99474;3.15;0.55;9.79;6
7.37;0.216;0.32;0.6;0.032;49.0;118.8;0.99104;3.14;0.7;10.76;5
8.18;0.111;0.29;4.72;0.073;45.5;128.1;1.00183;3.22;0.36;10.44;7
6.63;0.213;0.164;4.8;0.011;48.9;163.7;0.99196;3.28;0.48;11.45;5
7.57;0.231;0.239;4.36;0.017;27.9;143.1;0.99537;3.21;0.35;11.21;7
6.41;0.284;0.251;3.22;0.04;33.0;152.6;0.99258;3.17;0.39;10.65;8
8.16;0.27;0.337;5.53;0.078;41.6;184.1;0.99304;3.27;0.58;9.9;8
6.3;0.207;0.306;8.74;0.032;40.3;101.9;0.99202;3.17;0.56;12.66;5
7.03;0.356;0.294;16.83;0.009;72.0;116.7;0.99234;3.45;0.56;9.07;5
7.63;0.377;0.183;5.71;0.041;25.3;78.4;0.98792;3.52;0.44;10.38;7
6.24;0.116;0.42;0.6;0.052;34.8;166.0;0.99255;3.39;0.44;11.39;7
6.35;0.271;0.45;5.6;0.026;37.6;82.7;0.99663;3.08;0.72;11.7;7
5.95;0.179;0.231;6.68;0.03;57.4;111.6;0.99302;3.13;0.27;10.96;7
5.91;0.164;0.319;6.1;0.077;45.9;90.2;0.99437;3.4;0.66;8.94;8
7.57;0.304;0.28;6.17;0.059;52.5;147.4;0.9932;3.16;0.5;8.56;5
7.95;0.041;0.489;2.39;0.056;45.5;158.0;0.99349;2.92;0.54;8.36;5
7.97;0.364;0.307;0.6;0.029;52.8;96.8;0.99246;3.18;0.43;9.95;8
4.98;0.092;0.303;15.41;0.061;54.4;86.0;0.98968;3.4;0.45;9.94;6
7.63;0.217;0.134;7.01;0.037;14.9;206.0;0.99581;3.2;0.26;11.65;6
5.42;0.316;0.32;6.81;0.044;26.0;87.1;0.99249;3.13;0.33;8.36;6
7.52;0.373;0.203;4.64;0.069;2.7;144.1;0.99328;3.06;0.47;10.17;7
7.13;0.346;0.22;9.85;0.067;56.2;180.3;0.9952;3.45;0.43;10.33;6
7.94;0.253;0.416;0.6;0.033;29.6;220.5;0.9937;2.97;0.62;8.88;6
7.28;0.378;0.296;2.1;0.059;65.5;147.3;0.99279;3.2;0.51;9.53;5
6.93;0.399;0.225;20.44;0.066;28.3;147.5;0.99508;3.3;0.4;10.65;6
6.32;0.262;0.364;3.7;0.047;51.0;130.9;0.99504;3.3;0.52;10.88;4
7.13;0.254;0.222;2.5;0.067;4.6;139.0;0.99627;3.16;0.53;10.5;5
8.08;0.165;0.201;0.6;0.039;39.4;117.8;0.99303;3.3;0.28;11.12;7
7.3;0.391;0.365;0.6;0.043;53.0;72.9;0.99332;2.88;0.58;9.86;6
6.76;0.193;0.606;3.54;0.076;31.5;152.8;0.99297;3.08;0.28;9.95;5
7.75;0.375;0.281;7.95;0.101;29.2;121.7;0.99361;3.3;0.55;9.41;6
7.94;0.424;0.217;0.6;0.02;5.4;131.7;0.99184;3.4;0.66;11.83;5
6.85;0.334;0.352;3.82;0.072;12.1;189.3;0.99245;3.05;0.27;11.36;5
6.34;0.137;0.098;11.63;0.01;34.4;121.3;0.9932;3.3;0.53;10.56;7
5.49;0.263;0.171;0.6;0.048;27.6;138.3;0.9933;3.17;0.56;8.02;6
6.38;0.327;0.211;5.64;0.012;33.9;136.5;0.99271;3.25;0.39;9.06;8
7.39;0.176;0.206;0.6;0.093;36.5;85.7;0.99583;3.33;0.47;10.48;7
6.74;0.221;0.507;6.47;0.015;26.9;171.4;0.99314;3.25;0.55;10.82;4
7.7;0.118;0.315;6.1;0.041;30.0;135.5;0.99137;3.29;0.63;9.13;6
7.66;0.271;0.264;2.76;0.04;56.3;62.2;0.99733;3.18;0.62;8.0;6
6.06;0.174;0.322;0.6;0.078;25.0;180.5;0.99654;3.28;0.47;10.81;6
7.29;0.1;0.361;10.55;0.055;32.0;195.2;0.99527;3.0;0.55;11.7;5
7.92;0.027;0.278;0.6;0.062;41.9;209.4;0.99301;3.03;0.5;12.36;5
5.78;0.282;0.498;11.96;0.052;28.4;128.3;0.99736;3.36;0.67;11.64;5
7.82;0.148;0.492;5.81;0.05;49.9;152.2;0.99336;3.17;0.67;10.43;6
5.94;0.213;0.394;15.88;0.026;46.2;90.3;0.99356;3.17;0.54;10.69;7
7.4;0.254;0.479;6.64;0.038;42.1;141.6;0.99429;3.28;0.4;13.22;8
4.59;0.292;0.311;11.75;0.009;17.3;27.8;0.99876;3.06;0.55;9.07;5
6.78;0.388;0.431;4.35;0.055;51.9;199.4;0.99331;3.15;0.53;11.32;5
7.4;0.228;0.195;12.4;0.009;45.2;164.3;0.99345;3.32;0.54;10.17;5
6.75;0.451;0.224;11.47;0.084;37.3;133.9;0.99676;3.25;0.63;10.92;5
7.32;0.397;0.181;6.88;0.049;15.9;96.0;0.99139;3.12;0.54;11.1;6
7.08;0.222;0.471;10.19;0.009;32.1;161.7;0.9973;3.4;0.48;12.07;5
6.04;0.251;0.319;2.64;0.022;39.8;134.5;0.99483;3.46;0.41;12.39;4
5.51;0.365;0.483;0.6;0.016;61.6;102.3;0.9922;3.12;0.48;10.45;5
6.68;0.508;0.392;0.6;0.013;23.7;176.3;0.98919;3.26;0.34;10.27;6
5.23;0.204;0.197;12.63;0.023;17.2;167.5;0.99442;3.07;0.57;10.34;5
8.02;0.371;0.276;6.15;0.073;9.3;113.8;0.99207;3.32;0.46;12.16;5
7.52;0.207;0.235;6.1;0.045;33.5;149.4;0.9939;3.2;0.48;8.33;7
7.61;0.215;0.271;15.36;0.031;38.3;158.1;0.99419;3.24;0.39;11.34;6
6.49;0.332;0.311;0.6;0.099;11.0;94.3;0.99173;3.22;0.53;12.9;7
6.74;0.416;0.096;0.85;0.044;35.1;168.3;0.9932;3.27;0.54;10.45;5
3.75;0.333;0.491;8.28;0.044;36.9;131.6;0.9965;3.41;0.41;10.78;5
6.69;0.254;0.041;7.25;0.048;61.1;148.0;0.99416;3.04;0.47;9.89;5
7.6;0.234;0.443;3.19;0.058;52.3;155.6;0.99689;3.14;0.3;9.04;6
6.12;0.178;0.238;5.91;0.046;41.8;199.7;0.99433;3.13;0.52;13.28;6
6.71;0.114;0.374;0.6;0.064;36.5;108.4;0.99011;3.21;0.46;11.27;5
7.08;0.276;0.276;5.96;0.064;23.2;74.2;0.99174;3.42;0.18;10.46;7
7.03;0.269;0.434;15.08;0.032;23.8;187.5;0.99196;3.22;0.51;12.31;5
6.06;0.238;0.301;1.96;0.061;30.8;186.8;0.99369;3.07;0.3;10.34;7
6.06;0.398;0.191;3.46;0.077;26.1;124.6;0.98812;2.89;0.51;11.69;5
6.79;0.164;0.377;3.15;0.061;34.9;105.5;0.99294;2.89;0.6;10.3;6
7.82;0.338;0.3;6.24;0.018;23.2;180.6;0.99897;2.88;0.5;12.22;7
6.4;0.195;0.283;7.04;0.026;2;171.2;0.99339;3.21;0.55;10.77;6
4.98;0.376;0.285;2.09;0.067;63.1;189.6;0.99551;3.04;0.66;12.31;5
6.97;0.295;0.282;0.6;0.009;9.6;115.5;0.9957;3.16;0.56;8.93;6
6.14;0.345;0.394;13.62;0.041;34.2;141.6;0.99685;3.05;0.5;12.31;6
7.06;0.239;0.217;5.09;0.074;28.9;160.2;0.99615;2.96;0.35;10.76;7
6.91;0.253;0.36;8.37;0.049;65.7;118.1;0.99152;2.97;0.58;11.06;5
7.86;0.335;0.367;10.05;0.045;64.5;101.9;0.99148;3.23;0.53;10.56;6
7.11;0.132;0.321;9.86;0.086;27.0;102.7;0.99313;3.17;0.37;8.0;7
7.55;0.101;0.255;6.85;0.054;32.6;135.5;0.99633;3.35;0.61;11.8;6
6.53;0.206;0.244;10.3;0.034;28.1;178.8;0.99277;3.14;0.81;12.16;6
6.98;0.264;0.345;8.43;0.043;18.4;127.0;0.99734;3.39;0.55;11.37;4
6.76;0.307;0.422;11.7;0.067;21.4;110.5;0.99647;3.5;0.46;10.22;7
6.72;0.285;0.337;10.01;0.039;32.3;110.8;0.99306;3.25;0.58;10.87;7
5.84;0.211;0.242;4.14;0.049;18.4;177.7;0.99174;3.22;0.57;9.2;7
7.12;0.333;0.4;12.82;0.047;22.2;124.5;0.99178;3.45;0.44;10.49;6
5.96;0.163;0.296;13.69;0.013;61.8;171.8;0.99416;3.24;0.48;12.18;6
6.43;0.384;0.428;8.72;0.037;13.5;103.3;0.9901;3.23;0.24;10.27;6
6.37;0.142;0.356;8.64;0.064;43.3;152.4;0.99346;3.08;0.43;11.08;5
5.36;0.387;0.453;5.33;0.058;36.7;122.4;0.99625;3.17;0.49;9.7;6
6.31;0.172;0.276;7.38;0.011;65.1;124.2;0.9959;3.46;0.71;10.16;5
6.23;0.384;0.292;4.16;0.043;22.1;151.7;0.99456;2.99;0.19;11.83;5
6.64;0.222;0.322;0.6;0.09;17.7;148.8;0.99628;3.28;0.32;9.83;5
7.24;0.45;0.224;5.11;0.051;34.1;200.7;0.9925;3.11;0.46;10.48;5
8.05;0.028;0.399;8.03;0.035;62.6;195.3;0.99251;3.02;0.51;11.23;6
6.35;0.002;0.342;2.2;0.038;44.1;133.6;0.99406;2.98;0.34;9.87;6
6.71;0.296;0.294;5.15;0.034;21.6;109.0;0.99722;3.05;0.46;11.15;6
6.5;0.357;0.324;5.47;0.09;25.9;158.9;0.9943;3.13;0.62;10.49;6
7.29;0.349;0.498;11.65;0.048;44.4;137.8;0.99405;3.23;0.49;9.0;3
7.88;0.194;0.232;0.6;0.037;26.6;64.1;0.99546;2.81;0.35;10.58;7
6.39;0.412;0.365;11.89;0.021;38.5;182.1;0.99656;3.1;0.38;11.55;6
6.63;0.349;0.392;3.37;0.043;48.1;177.9;0.99295;3.08;0.52;10.21;6
6.9;0.237;0.525;4.19;0.043;34.3;119.5;0.99261;3.24;0.69;9.73;5
7.29;0.279;0.428;9.1;0.044;38.3;79.0;0.99054;2.88;0.28;8.79;6
7.54;0.415;0.494;5.12;0.025;26.9;76.2;0.99757;3.39;0.46;10.38;6
4.54;0.192;0.231;0.61;0.051;73.5;131.8;0.98655;3.27;0.41;11.27;6
6.83;0.324;0.275;0.66;0.074;67.5;187.3;0.99491;2.92;0.42;12.21;7
5.57;0.314;0.262;5.37;0.055;37.1;89.1;0.99525;3.3;0.5;10.42;7
9.01;0.103;0.289;14.94;0.048;3.5;153.1;0.98911;3.3;0.55;9.65;7
7.98;0.556;0.391;18.9;0.03;58.3;119.1;0.99867;3.11;0.45;9.51;6
8.18;0.176;0.38;0.6;0.009;57.1;172.2;0.99599;2.75;0.51;9.67;6
6.9;0.166;0.463;5.42;0.046;64.3;130.9;0.99283;3.04;0.58;12.88;8
6.63;0.079;0.22;14.66;0.055;53.3;95.2;0.99585;3.17;0.5;9.7;6
6.18;0.223;0.479;6.69;0.043;53.2;138.1;0.99242;2.99;0.48;8.81;5
6.73;0.191;0.083;4.29;0.093;33.6;68.0;0.99352;3.0;0.49;9.11;7
7.1;0.235;0.542;13.16;0.036;50.3;209.2;0.99558;3.25;0.43;9.6;7
5.6;0.186;0.11;9.34;0.063;9.9;58.8;0.9963;3.05;0.44;10.46;6
6.82;0.351;0.226;4.07;0.048;62.1;142.8;0.99376;3.3;0.49;9.06;8
6.24;0.418;0.1;3.96;0.031;32.1;185.1;0.99757;3.06;0.56;9.74;5
7.75;0.253;0.136;1.72;0.046;26.1;76.6;0.98871;3.17;0.57;10.78;8
5.28;0.355;0.41;13.99;0.032;35.4;194.3;0.9958;3.14;0.41;9.8;6
6.58;0.152;0.543;9.49;0.038;14.1;92.8;0.99553;3.12;0.61;10.82;5
8.09;0.188;0.147;11.58;0.057;23.8;212.1;0.9985;3.18;0.21;10.73;5
8.07;0.274;0.485;10.85;0.009;44.4;218.0;0.99776;3.13;0.43;9.54;3
5.84;0.208;0.33;3.9;0.04;44.0;201.7;0.99378;3.21;0.59;9.8;6
5.73;0.487;0.231;13.88;0.044;23.3;148.6;0.98636;3.4;0.42;9.88;6
7.2;0.22;0.5;5.15;0.056;28.2;121.1;0.99317;3.16;0.53;11.01;5
6.15;0.285;0.362;2.01;0.062;38.0;113.0;0.99625;3.04;0.17;13.88;4
7.47;0.182;0.406;11.11;0.056;20.8;231.5;0.99503;3.0;0.55;8.41;5
7.42;0.385;0.335;13.86;0.072;48.7;70.0;0.99468;3.25;0.28;9.91;6
7.65;0.329;0.293;14.69;0.095;20.6;88.3;0.99207;3.08;0.46;11.74;6
6.85;0.287;0.329;11.26;0.054;20.9;127.4;0.99535;2.99;0.59;9.21;6
7.28;0.103;0.281;2.99;0.082;36.3;161.3;0.98659;3.43;0.35;9.74;5
6.95;0.254;0.149;5.43;0.056;20.0;93.6;0.99708;3.23;0.43;13.01;6
6.41;0.34;0.502;10.24;0.069;24.4;165.7;0.99539;3.2;0.49;10.18;6
7.01;0.267;0.28;0.6;0.04;25.9;191.2;0.99537;3.22;0.58;11.8;6
7.04;0.303;0.385;7.21;0.054;20.0;86.3;0.99417;2.91;0.35;9.59;7
6.82;0.22;0.519;2.11;0.038;30.0;156.2;0.99227;3.1;0.5;10.83;5
6.73;0.084;0.243;0.6;0.044;22.4;150.1;0.99304;3.2;0.46;12.05;6
5.15;0.224;0.396;0.6;0.053;32.8;147.0;0.99565;3.04;0.31;10.51;5
6.66;0.383;0.331;4.91;0.043;30.8;181.0;0.9909;3.28;0.41;12.32;5
5.49;0.383;0.173;10.27;0.069;37.5;154.5;0.99194;3.31;0.62;14.58;5
5.25;0.171;0.366;2.63;0.05;2;141.4;0.99378;3.35;0.56;8.74;5
6.46;0.38;0.34;4.74;0.035;39.1;100.8;0.99167;2.87;0.56;9.83;6
6.71;0.293;0.271;7.21;0.034;13.3;177.8;0.99267;2.95;0.48;11.83;3
7.18;0.388;0.158;0.6;0.067;38.8;127.5;0.99033;3.29;0.5;9.34;6
4.84;0.239;0.462;13.01;0.015;29.1;120.5;0.9923;3.14;0.54;11.04;6
6.77;0.405;0.112;17.48;0.038;23.4;178.1;0.98949;3.37;0.57;12.06;5
6.7;0.385;0.35;8.7;0.041;55.7;138.7;0.99351;3.04;0.53;10.1;5
5.64;0.297;0.328;4.71;0.05;30.1;145.0;0.99712;3.05;0.46;9.39;6
7.14;0.228;0.253;7.85;0.05;42.7;135.4;0.99749;3.1;0.66;10.52;5
7.69;0.357;0.208;12.61;0.053;35.7;118.1;0.99602;2.96;0.52;11.31;6
6.59;0.297;0.379;9.5;0.045;50.9;110.5;0.99838;3.04;0.33;10.81;6
5.9;0.115;0.29;9.56;0.03;26.6;223.0;0.9874;3.19;0.4;10.58;6
6.08;0.218;0.183;6.01;0.013;42.3;168.2;0.99279;3.23;0.5;9.68;5
8.23;0.214;0.366;4.59;0.057;28.8;66.8;0.99535;3.11;0.44;9.3;6
7.15;0.269;0.126;4.25;0.024;7.9;123.7;0.99815;3.04;0.63;10.56;6
7.01;0.097;0.176;8.19;0.066;40.0;118.0;0.99859;3.13;0.49;10.27;6
7.99;0.322;0.551;3.71;0.065;34.2;151.0;0.99258;3.28;0.42;11.9;6
6.36;0.303;0.271;9.09;0.061;49.8;122.2;0.99326;3.36;0.61;12.3;6
7.31;0.265;0.291;1.3;0.041;17.2;161.7;0.9847;3.03;0.45;11.3;5
6.92;0.465;0.213;9.52;0.056;65.7;75.6;0.99532;3.06;0.35;10.6;6
6.76;0.32;0.289;8.89;0.033;10.0;230.0;0.98704;3.2;0.71;10.64;5
7.57;0.113;0.084;5.26;0.009;38.3;182.9;0.99041;3.22;0.52;10.56;8
6.17;0.273;0.529;5.58;0.064;45.8;139.2;0.99404;3.36;0.63;11.7;7
5.83;0.01;0.37;4.96;0.024;43.3;85.7;0.99402;3.24;0.39;11.95;5
8.1;0.052;0.43;0.6;0.068;11.9;131.5;0.99083;3.09;0.37;10.85;5
6.54;0.346;0.237;7.65;0.062;41.1;182.0;0.99673;3.43;0.48;8.86;5
6.22;0.501;0.325;1.7;0.009;11.3;164.4;0.98942;3.59;0.64;10.39;5
7.65;0.205;0.403;6.89;0.035;81.4;130.3;0.99644;3.07;0.42;10.78;5
6.09;0.492;0.112;0.6;0.067;41.3;155.4;0.99932;3.05;0.74;11.63;6
6.43;0.203;0.334;7.65;0.04;46.6;122.0;0.9951;3.34;0.61;10.23;5
7.45;0.139;0.401;10.42;0.009;27.3;47.6;0.99683;3.25;0.43;9.7;6
7.47;0.204;0.474;0.6;0.07;49.9;154.8;0.9985;2.9;0.5;9.18;6
6.51;0.374;0.37;13.31;0.062;28.1;194.9;0.99041;3.18;0.41;11.31;5
7.02;0.243;0.4;5.09;0.066;15.0;148.8;0.99547;3.5;0.39;8.99;6
6.7;0.498;0.405;9.92;0.02;5.7;199.6;0.99;3.03;0.55;11.81;5
6.48;0.163;0.277;16.63;0.043;39.8;164.7;0.99501;3.06;0.3;8.12;6
6.43;0.322;0.138;10.54;0.078;45.4;124.1;0.99132;3.25;0.4;10.91;7
8.11;0.207;0.271;5.62;0.078;26.3;143.1;0.9921;3.29;0.59;10.29;5
6.99;0.597;0.349;0.6;0.049;44.2;98.6;0.99834;3.31;0.35;11.52;5
7.06;0.418;0.194;14.79;0.048;2;124.6;0.99071;3.1;0.59;11.14;7
7.99;0.343;0.227;1.06;0.016;49.6;151.5;0.9925;3.31;0.42;10.08;7
6.95;0.208;0.186;0.6;0.056;49.0;179.6;0.99251;3.3;0.44;11.0;6
7.4;0.366;0.314;0.6;0.087;8.2;129.3;0.99335;3.09;0.38;9.87;7
6.62;0.285;0.433;9.59;0.073;31.5;176.9;0.9932;3.01;0.41;11.33;6
6.21;0.289;0.454;8.75;0.009;33.5;142.5;0.99636;3.16;0.37;8.2;6
5.59;0.347;0.385;14.1;0.04;30.8;125.5;0.99172;3.08;0.43;8.67;4
7.13;0.221;0.227;10.41;0.074;34.2;175.1;0.99643;3.0;0.48;11.22;5
6.67;0.28;0.233;4.87;0.057;38.6;132.4;0.9919;3.38;0.45;11.11;6
6.93;0.234;0.332;6.55;0.034;37.9;177.7;0.99305;3.17;0.6;9.53;8
8.07;0.314;0.443;4.8;0.051;53.7;153.1;0.9923;3.16;0.5;9.63;5
6.16;0.282;0.288;4.31;0.066;15.9;99.1;0.99087;3.36;0.28;9.22;6
5.76;0.282;0.245;3.24;0.015;61.7;110.7;0.99788;3.13;0.39;8.91;6
6.39;0.248;0.444;13.87;0.019;52.7;105.7;0.98891;2.94;0.47;9.9;7
7.22;0.244;0.598;1.44;0.076;17.2;107.7;0.9912;3.2;0.45;10.18;5
6.54;0.234;0.278;3.01;0.092;8.6;142.0;0.99355;3.24;0.55;12.59;6
6.03;0.294;0.266;3.63;0.054;54.8;142.0;0.99236;3.28;0.47;10.26;5
5.59;0.271;0.282;14.11;0.106;45.4;114.2;0.99385;3.1;0.55;12.53;5
5.93;0.138;0.425;6.92;0.062;59.4;178.7;0.98821;3.01;0.65;11.23;5
7.67;0.135;0.255;4.51;0.086;25.2;118.0;0.99832;3.44;0.5;11.22;5
7.92;0.285;0.084;0.6;0.049;24.1;102.9;1.00129;3.31;0.48;9.33;5
6.84;0.316;0.535;0.83;0.022;49.3;110.3;0.99234;3.24;0.5;12.78;5
6.99;0.293;0.36;8.25;0.041;24.5;164.5;0.99507;3.36;0.57;10.4;6
7.06;0.309;0.322;0.6;0.038;50.3;156.1;0.98935;3.33;0.52;11.02;6
6.09;0.098;0.402;7.05;0.039;25.6;95.8;0.99641;3.23;0.42;9.85;6
7.02;0.381;0.219;0.6;0.051;61.8;127.4;0.99362;3.14;0.47;10.53;6
6.19;0.077;0.384;7.76;0.009;34.2;128.9;0.99655;3.24;0.45;10.14;4
5.41;0.336;0.274;10.18;0.041;32.6;145.8;0.99169;3.2;0.3;10.26;6
7.3;0.174;0.226;12.88;0.019;61.5;108.9;0.99454;3.31;0.32;10.82;7
7.66;0.145;0.073;4.36;0.046;16.1;70.4;0.99382;2.93;0.39;12.87;6
9.06;0.239;0.53;3.96;0.027;27.9;140.4;0.99295;3.06;0.57;12.15;5
6.95;0.449;0.21;11.39;0.042;8.6;86.8;0.99733;3.38;0.52;11.85;4
7.84;0.373;0.318;6.29;0.071;38.6;167.4;0.99275;3.34;0.53;10.51;5
7.44;0.442;0.373;3.11;0.069;21.4;140.3;0.99246;2.97;0.34;9.96;6
6.88;0.368;0.308;0.6;0.034;35.7;160.7;0.99186;2.97;0.44;9.9;6
5.87;0.265;0.438;8.79;0.035;39.7;48.9;0.99902;3.12;0.74;9.89;6
7.56;0.422;0.198;9.15;0.069;23.7;95.8;0.99421;2.99;0.43;11.07;4
7.34;0.274;0.423;6.23;0.067;28.6;179.6;0.99511;3.02;0.47;8.0;5
6.09;0.35;0.363;7.14;0.049;53.9;123.8;0.99551;3.05;0.53;11.35;5
7.4;0.23;0.329;7.03;0.029;51.4;160.3;0.98948;3.13;0.45;8.65;7
7.79;0.333;0.41;9.33;0.084;18.6;150.5;0.99317;3.1;0.48;10.51;5
6.67;0.203;0.478;2.97;0.06;33.9;208.2;0.99174;3.19;0.4;10.47;7
7.14;0.088;0.349;11.91;0.086;33.1;166.1;0.99982;3.1;0.35;9.0;7
9.24;0.215;0.433;5.79;0.047;68.5;134.4;1.00025;3.4;0.45;9.98;6
7.2;0.335;0.119;5.1;0.029;37.7;152.0;0.99497;3.43;0.26;8.16;5
7.43;0.3;0.25;0.6;0.075;56.4;157.5;0.99622;3.01;0.69;10.8;5
8.16;0.307;0.223;4.08;0.064;27.5;122.8;0.99369;2.99;0.58;10.35;6
8.62;0.358;0.346;2.59;0.043;30.6;223.6;0.99933;3.12;0.66;10.91;5
5.76;0.289;0.297;0.6;0.054;29.2;159.8;0.99027;3.11;0.56;10.5;5
5.96;0.305;0.373;5.99;0.012;49.8;83.4;0.99206;3.32;0.42;10.63;4
7.72;0.286;0.564;1.88;0.073;17.8;260.3;0.99784;3.23;0.58;8.63;6
6.14;0.251;0.404;5.41;0.056;25.4;154.2;0.99425;3.28;0.46;12.47;6
6.6;0.129;0.319;4.96;0.049;36.8;42.0;0.99149;3.36;0.62;10.13;6
8.05;0.434;0.275;7.05;0.089;56.0;85.9;0.99636;3.14;0.45;12.38;7
7.46;0.417;0.169;0.6;0.047;62.2;149.5;0.98878;3.43;0.33;10.76;5
7.41;0.168;0.304;3.11;0.063;2;145.2;0.99545;3.26;0.59;9.88;5
6.71;0.387;0.321;4.18;0.069;45.5;185.4;0.99753;3.47;0.47;12.58;7
5.25;0.223;0.203;4.75;0.041;35.1;135.7;0.99379;3.11;0.55;10.47;5
6.33;0.323;0.322;4.35;0.069;48.9;123.4;0.99397;3.06;0.44;9.85;5
8.14;0.338;0.293;5.39;0.009;14.0;132.9;0.99242;3.08;0.47;9.62;9
5.76;0.046;0.119;2.85;0.043;16.7;189.4;0.99534;3.35;0.39;10.1;7
7.29;0.37;0.502;5.46;0.018;79.3;159.9;0.9941;3.04;0.35;9.8;6
6.41;0.189;0.484;7.16;0.024;56.1;177.0;1.00301;3.29;0.35;10.22;5
7.08;0.285;0.154;8.01;0.054;28.8;60.2;0.99754;3.63;0.28;10.91;6
6.95;0.261;0.421;7.49;0.038;34.5;90.3;0.99032;2.98;0.58;10.69;7
5.45;0.282;0.367;9.21;0.009;29.3;85.2;0.99677;3.07;0.48;11.48;5
6.55;0.177;0.308;0.6;0.08;5.6;157.9;0.99675;3.35;0.54;9.95;7
8.48;0.193;0.414;1.83;0.056;32.0;121.8;0.99255;3.14;0.81;13.12;5
6.08;0.292;0.473;0.6;0.053;49.7;154.6;0.99526;3.35;0.77;8.0;5
8.42;0.318;0.563;0.6;0.081;34.9;164.4;1.00063;3.02;0.49;10.68;7
7.03;-0.096;0.131;8.49;0.044;64.0;135.0;0.99186;3.34;0.56;10.93;6
7.23;0.275;0.218;12.01;0.07;44.2;206.7;0.98634;3.0;0.68;11.34;7
7.47;0.209;0.444;4.01;0.059;30.6;107.6;0.9941;3.27;0.49;9.38;6
6.69;0.303;0.129;6.72;0.058;42.9;57.0;0.99487;3.41;0.56;12.4;5
8.34;0.318;0.288;0.6;0.042;8.5;188.6;0.99523;3.12;0.46;11.27;4
8.75;0.277;0.316;7.59;0.061;37.2;74.1;0.99149;3.05;0.52;9.72;5
5.7;0.379;0.433;8.76;0.018;37.1;168.1;0.99288;3.2;0.54;8.59;6
6.65;0.281;0.15;15.75;0.081;20.2;120.2;1.00221;3.23;0.42;9.77;7
6.41;0.345;0.367;3.93;0.024;53.9;109.1;0.99348;3.13;0.44;10.24;6
7.57;0.203;0.238;0.6;0.009;18.8;107.3;0.99268;3.27;0.48;9.86;8
7.2;0.453;0.494;8.02;0.023;20.1;193.1;0.99167;3.09;0.48;10.97;4
8.1;0.346;0.474;1.68;0.067;15.2;41.0;0.99555;2.94;0.41;8.71;5
7.75;0.286;0.475;0.61;0.015;31.7;143.1;0.99097;2.75;0.58;9.12;7
6.88;0.34;0.194;2.65;0.043;20.4;123.7;0.98928;2.98;0.63;10.52;5
7.42;0.368;0.362;8.46;0.024;58.3;141.6;0.9985;3.14;0.63;11.39;6
6.8;0.111;0.155;5.57;0.06;21.5;124.0;0.99388;3.03;0.34;11.22;6
7.11;0.294;0.304;6.47;0.071;62.2;162.2;0.99417;3.25;0.37;11.03;5
8.05;0.275;0.261;5.73;0.014;9.0;154.7;0.99485;3.11;0.48;9.51;6
6.78;0.347;0.46;5.71;0.016;54.4;128.7;0.99362;3.38;0.5;8.73;6
7.41;0.277;0.251;8.24;0.036;21.2;228.2;0.98914;3.27;0.61;9.38;5
6.07;0.296;0.147;15.49;0.103;63.9;159.2;0.98893;3.17;0.47;10.69;6
7.21;0.426;0.229;3.72;0.028;43.0;132.0;0.99289;3.43;0.56;8.72;6
8.4;0.232;0.33;12.3;0.059;77.4;143.0;0.99722;3.14;0.48;10.85;6
5.09;0.441;0.546;10.86;0.05;2;175.2;0.99566;3.24;0.26;9.83;6
5.8;0.325;0.467;3.43;0.048;53.7;139.3;0.99635;3.46;0.55;8.8;6
6.79;0.147;0.457;9.9;0.052;13.3;134.4;0.99024;3.07;0.45;12.68;7
7.83;0.477;0.26;16.26;0.029;51.5;116.4;0.99295;3.4;0.63;10.03;7
6.08;0.242;0.333;4.86;0.045;28.2;170.5;0.99188;3.09;0.59;10.51;7
7.05;0.377;0.209;8.42;0.043;12.9;90.0;0.98883;3.1;0.52;11.34;8
7.36;0.288;0.492;3.07;0.015;56.6;131.3;0.99102;3.29;0.53;10.3;6
6.69;0.255;0.363;4.11;0.031;33.7;143.0;0.99556;2.96;0.44;10.48;7
6.81;0.191;0.324;16.49;0.046;43.0;171.9;0.9952;3.11;0.44;10.44;7
7.38;0.29;0.303;10.95;0.009;44.6;172.8;0.9956;3.42;0.55;10.21;5
6.55;0.158;0.268;8.29;0.067;38.8;98.2;0.99594;3.1;0.34;9.67;6
5.52;0.173;0.202;3.5;0.066;44.2;129.3;0.99299;3.21;0.49;9.39;6
8.74;0.295;0.403;12.93;0.009;10.2;114.1;0.99538;2.85;0.4;11.58;7
7.56;0.34;0.426;11.97;0.049;44.3;141.0;0.99158;2.96;0.72;12.92;7
7.29;0.288;0.301;21.31;0.068;43.2;222.4;1.00018;3.34;0.35;10.55;6
7.37;0.368;0.218;5.11;0.072;51.4;233.9;0.98886;3.41;0.38;10.39;6
5.51;0.558;0.139;0.6;0.023;52.2;122.6;0.99267;3.19;0.6;11.51;5
6.2;0.18;0.479;1.94;0.068;53.9;119.5;0.99229;3.07;0.29;11.24;5
6.6;0.151;0.527;0.6;0.045;33.6;115.8;0.99245;3.23;0.56;11.18;6
5.99;0.203;0.262;0.6;0.086;34.6;188.1;0.98889;3.13;0.34;9.38;6
6.48;0.37;0.31;5.17;0.054;38.7;148.8;0.99464;3.34;0.37;10.36;5
7.87;0.37;0.315;6.1;0.045;65.6;127.9;0.99449;3.13;0.48;8.46;5
5.67;0.32;0.19;6.86;0.069;29.0;169.0;0.99452;3.16;0.36;11.44;7
6.75;0.091;0.361;5.68;0.062;12.3;101.0;0.99473;3.02;0.55;9.81;7
5.75;0.194;0.478;3.6;0.047;42.1;136.5;0.99659;3.35;0.65;10.68;6
7.62;0.166;0.398;4.64;0.065;14.5;113.9;0.99223;3.07;0.55;11.94;6
7.43;0.374;0.368;8.97;0.032;65.9;229.7;0.99126;3.29;0.44;12.38;7
6.07;0.475;0.474;13.02;0.041;27.1;175.5;0.98694;3.41;0.59;8.91;6
7.79;0.121;0.416;4.18;0.071;30.2;238.7;0.99687;3.05;0.35;8.92;6
6.6;0.236;0.286;8.56;0.02;35.6;133.2;0.99317;3.32;0.53;13.29;5
6.03;0.266;0.267;8.3;0.057;38.1;161.7;0.9954;3.06;0.63;10.82;6
5.69;0.258;0.133;0.6;0.036;37.7;152.3;0.99372;3.19;0.48;9.24;5
7.9;0.291;0.383;5.21;0.02;23.2;170.1;0.99035;3.53;0.42;9.8;5
7.65;0.408;0.331;5.82;0.057;40.2;162.7;0.99235;3.18;0.68;10.18;5
5.38;0.221;0.129;6.14;0.051;67.2;83.0;0.99188;3.2;0.42;8.43;5
7.37;0.185;0.416;0.6;0.014;28.2;114.7;0.99876;3.25;0.52;11.14;5
6.65;0.041;0.348;13.63;0.011;15.3;133.0;0.98965;2.88;0.54;9.01;5
6.01;0.528;0.259;11.09;0.051;7.1;111.1;0.99483;3.1;0.61;9.55;7
7.05;0.248;0.386;8.2;0.079;2;136.9;0.99709;3.39;0.7;10.4;5
6.33;0.432;0.408;9.61;0.042;40.9;87.6;0.99478;3.1;0.46;10.88;5
6.89;0.241;0.409;6.11;0.032;45.0;132.5;0.99723;3.18;0.38;10.71;6
7.27;0.292;0.198;4.7;0.031;59.0;121.1;0.994;3.16;0.46;9.68;6
6.95;0.347;0.161;2.7;0.059;41.4;176.4;0.994;3.11;0.61;11.81;4
7.57;0.146;0.421;4.96;0.061;31.9;124.1;0.99285;3.21;0.45;11.53;6
6.48;0.344;0.246;3.65;0.078;20.4;229.4;0.99492;3.39;0.39;9.6;7
6.53;0.191;0.347;10.13;0.041;57.4;81.9;0.99527;3.28;0.38;12.22;6
7.62;0.3;0.235;4.5;0.075;7.5;140.0;0.99129;3.15;0.38;10.11;5
5.87;0.255;0.406;1.48;0.009;58.9;215.7;0.99386;3.29;0.57;9.29;5
6.32;0.013;0.424;6.89;0.057;53.8;106.2;1.00047;3.28;0.5;11.22;5
7.36;0.214;0.073;2.32;0.029;40.6;144.1;0.99545;3.05;0.74;10.31;5
5.04;0.189;0.416;0.6;0.055;33.4;138.5;0.99703;3.21;0.15;12.81;6
6.79;0.283;0.449;5.37;0.043;25.4;221.4;0.99372;3.48;0.69;10.92;5
5.67;0.078;0.199;10.18;0.026;49.3;98.8;0.98874;3.22;0.49;9.85;5
7.14;0.147;0.34;7.11;0.034;63.4;44.5;0.98558;3.11;0.52;10.68;6
5.05;0.303;0.328;5.7;0.066;36.6;165.1;0.9939;3.52;0.52;11.59;7
6.56;0.48;0.279;5.44;0.027;33.4;167.3;0.99154;3.51;0.66;10.64;6
7.04;0.29;0.488;13.64;0.066;56.9;144.8;0.99368;3.08;0.38;11.72;6
7.6;0.329;0.275;10.39;0.009;72.9;82.0;0.99264;2.95;0.68;11.37;6
7.87;0.285;0.061;8.95;0.088;44.4;199.3;0.99218;3.34;0.36;10.61;6
6.06;0.292;0.388;15.04;0.033;40.6;141.3;0.99272;3.18;0.64;9.76;7
6.55;0.04;0.229;1.16;0.014;48.2;205.8;0.9952;3.11;0.48;10.39;7
7.09;0.238;0.355;5.41;0.06;40.8;167.0;0.99559;3.32;0.47;10.84;8
7.36;0.22;0.334;20.6;0.077;29.5;127.4;0.9964;3.05;0.33;11.88;6
7.51;0.109;0.42;0.6;0.088;39.1;200.2;0.99347;3.13;0.47;11.91;6
6.74;0.365;0.278;1.38;0.027;23.3;145.7;0.98609;3.31;0.39;9.89;5
7.08;0.338;0.377;10.32;0.043;30.1;96.4;0.99383;2.8;0.36;12.66;6
5.72;0.133;0.369;6.48;0.025;51.2;114.9;0.99572;3.43;0.48;10.52;5
6.2;0.407;0.592;13.83;0.039;25.0;163.0;0.98947;3.2;0.48;11.77;6
6.67;0.126;0.324;11.59;0.021;29.9;145.7;0.99729;3.11;0.43;9.27;7
4.39;0.276;0.108;7.65;0.072;24.4;187.9;0.98757;3.6;0.31;9.68;6
7.21;0.311;0.405;0.6;0.049;16.0;64.4;0.99427;3.05;0.31;12.05;5
6.39;0.371;0.328;1.4;0.044;57.8;134.0;0.99723;3.31;0.54;9.12;5
5.86;0.206;0.366;5.81;0.051;26.9;113.5;0.99434;3.08;0.34;10.56;4
6.65;0.129;0.332;0.6;0.04;46.5;111.1;0.99211;3.35;0.51;10.9;7
6.23;0.535;0.398;1.54;0.043;24.2;132.7;0.98733;3.12;0.43;10.13;6
6.87;0.414;0.269;14.26;0.094;45.5;142.3;0.99332;3.21;0.57;12.97;5
6.5;0.484;0.336;8.21;0.085;26.6;60.2;0.99364;3.23;0.49;9.83;6
6.98;0.4;0.247;2.42;0.051;48.8;111.1;0.9955;2.98;0.57;13.56;6
6.82;0.253;0.348;8.36;0.089;48.1;175.4;0.99571;3.01;0.44;10.61;6
7.12;0.124;0.339;2.25;0.049;30.2;161.0;0.995;3.14;0.49;10.71;7
6.47;0.231;0.44;10.3;0.044;49.5;105.6;0.99266;3.11;0.52;11.36;7
6.26;0.313;0.357;10.75;0.06;22.8;125.2;0.99073;2.94;0.37;12.72;6
7.07;0.285;0.161;6.91;0.051;35.6;128.1;0.99098;3.29;0.39;12.29;5
8.25;0.377;0.277;0.6;0.055;42.2;174.7;0.99966;3.14;0.52;10.63;5
7.25;0.186;0.361;2.61;0.025;27.8;199.0;0.99158;2.82;0.56;10.01;6
6.74;0.278;0.458;3.38;0.071;32.7;150.1;0.99437;3.24;0.38;10.12;4
6.52;0.252;0.349;11.84;0.051;41.2;189.1;0.99202;3.06;0.47;9.05;5
7.49;0.283;0.395;2.43;0.058;73.4;121.9;0.99616;3.06;0.28;11.74;6
6.04;0.14;0.319;10.19;0.087;5.7;112.2;0.99414;3.41;0.23;12.8;5
7.69;0.244;0.33;1.89;0.017;12.8;266.8;0.99094;3.34;0.4;9.08;8
5.33;0.259;0.32;19.92;0.044;58.6;150.9;0.99379;3.2;0.47;9.41;6
6.65;0.254;0.331;3.41;0.062;14.0;185.1;0.99157;3.02;0.4;9.88;7
7.25;0.304;0.269;6.65;0.089;24.5;158.0;0.99625;3.19;0.34;11.16;5
5.93;0.422;0.453;0.6;0.04;24.7;149.4;0.99528;3.33;0.37;10.17;8
7.14;0.268;0.357;7.81;0.052;44.1;130.8;1.00384;3.31;0.65;8.24;5
7.45;0.232;0.483;0.6;0.062;37.9;229.6;0.99267;3.08;0.61;10.29;6
6.28;0.103;0.413;0.6;0.019;17.6;111.4;0.99398;3.07;0.46;8.79;5
6.46;0.27;0.428;1.5;0.009;38.3;157.8;0.99734;3.41;0.69;11.49;7
5.95;0.353;0.398;9.72;0.031;18.0;147.5;0.99039;3.16;0.47;9.41;6
7.12;0.286;0.176;5.84;0.04;2.4;78.7;0.99002;3.18;0.62;9.11;6
7.67;0.355;0.151;2.28;0.045;33.0;50.2;0.99676;2.99;0.43;10.47;5
6.27;0.324;0.343;10.93;0.009;46.8;105.2;0.99239;3.23;0.34;11.4;6
4.99;0.219;0.46;10.2;0.026;29.3;77.4;0.9891;3.28;0.43;12.51;6
5.87;0.28;0.163;13.82;0.015;60.8;160.3;0.99541;2.91;0.56;10.32;5
5.32;0.164;0.239;8.2;0.047;32.0;175.5;0.98836;3.51;0.4;10.2;6
5.3;0.385;0.54;1.78;0.064;46.3;156.1;0.99766;3.24;0.33;9.8;6
6.88;0.317;0.59;14.33;0.03;23.2;152.3;0.99394;3.16;0.43;12.55;7
7.82;0.268;0.282;1.78;0.049;41.1;130.0;0.99681;3.35;0.59;10.27;7
7.82;0.292;0.297;5.4;0.067;7.1;112.6;0.99147;3.36;0.38;12.5;7
7.52;0.039;0.197;9.37;0.061;33.1;59.7;0.99969;3.06;0.34;11.33;6
6.18;0.116;0.256;6.0;0.048;63.3;133.3;0.99697;3.29;0.49;10.11;5
6.05;0.294;0.268;11.41;0.04;44.3;99.0;0.9912;3.1;0.45;8.1;6
6.25;0.084;0.125;11.56;0.022;17.2;163.2;0.99998;3.1;0.63;10.35;6
7.21;0.285;0.189;12.98;0.018;28.0;172.4;0.99559;3.2;0.52;10.19;6
7.0;0.334;0.503;6.67;0.061;23.9;124.7;0.99236;3.14;0.66;10.54;5
6.0;0.238;0.419;12.86;0.073;28.9;99.3;0.99157;3.12;0.75;8.47;6
6.68;0.181;0.37;6.33;0.028;40.4;119.3;0.99618;3.2;0.44;10.47;5
6.81;0.176;0.308;10.34;0.043;17.9;136.7;0.99473;3.0;0.52;10.73;6
5.43;0.191;0.259;6.83;0.075;23.4;96.6;0.99245;3.02;0.28;11.35;5
6.19;0.243;0.158;5.15;0.027;74.4;94.9;0.99674;3.38;0.47;10.24;7
6.24;0.226;0.448;5.33;0.057;33.5;134.3;0.99568;3.31;0.54;8.51;7
8.26;0.21;0.299;18.94;0.028;46.7;189.8;0.99391;3.26;0.48;11.29;5
6.8;0.289;0.267;2.65;0.019;59.5;128.7;0.99361;3.38;0.65;12.53;5
7.1;0.389;0.244;4.96;0.079;32.3;185.3;0.99542;3.06;0.49;11.62;5
6.17;0.245;0.334;5.95;0.066;13.0;105.7;0.99628;3.12;0.52;8.72;6
6.1;0.125;0.183;12.96;0.018;35.0;227.0;0.99408;3.04;0.68;11.34;6
7.47;0.233;0.257;6.15;0.076;39.2;181.2;0.99454;3.36;0.45;10.94;7
5.78;0.442;0.357;3.37;0.058;39.0;188.8;0.99357;3.03;0.53;11.47;5
7.32;0.213;0.486;17.66;0.078;11.8;221.8;0.99671;3.21;0.45;10.91;5
7.62;0.191;0.383;7.06;0.045;46.2;149.1;0.99577;2.91;0.4;9.23;6
6.98;0.333;0.562;2.71;0.016;48.5;148.5;0.995;3.37;0.52;10.51;8
7.21;0.147;0.533;10.8;0.066;39.6;150.6;0.99489;3.17;0.62;11.64;7
5.61;0.129;0.234;1.96;0.069;30.8;158.0;0.99588;3.2;0.4;9.64;7
7.04;0.212;0.452;2.97;0.053;49.1;178.5;0.99088;2.87;0.52;10.39;5
6.43;0.397;0.41;12.47;0.084;46.3;171.5;0.9919;3.13;0.52;9.73;6
6.66;0.385;0.403;5.77;0.044;42.2;162.6;0.99574;3.22;0.42;9.49;7
7.2;0.308;0.406;10.88;0.058;22.8;178.3;0.99253;3.23;0.39;10.83;5
6.41;0.293;0.419;7.65;0.029;21.4;182.1;0.99517;3.18;0.5;11.4;6
6.34;0.361;0.18;0.99;0.056;34.2;139.8;0.99284;3.2;0.55;10.84;6
7.54;0.331;0.446;1.38;0.068;2;88.3;0.99801;3.09;0.45;10.21;6
6.28;0.194;0.442;5.6;0.012;69.0;121.4;0.99104;3.27;0.61;10.97;5
7.1;0.316;0.304;6.16;0.043;52.2;131.7;0.99897;3.23;0.33;9.7;6
5.59;0.295;0.359;14.34;0.062;47.8;117.4;0.9928;3.36;0.5;9.96;6
7.16;0.371;0.274;9.26;0.061;33.9;141.1;0.99661;3.15;0.38;10.06;7
7.74;0.463;0.338;8.46;0.039;37.1;105.4;0.99088;3.24;0.45;9.98;7
9.04;0.296;0.329;8.18;0.054;21.2;120.1;0.99002;2.98;0.43;11.34;7
5.28;0.188;0.222;0.95;0.05;46.7;93.8;0.99295;3.24;0.4;11.43;4
6.07;0.207;0.313;0.6;0.048;22.9;139.7;0.99287;3.32;0.53;9.01;5
8.04;0.154;0.477;9.39;0.078;55.6;163.7;0.99691;3.19;0.47;10.28;6
7.4;0.132;0.442;7.65;0.04;11.9;215.6;0.99135;3.39;0.21;10.09;7
7.34;0.133;0.371;15.68;0.009;36.6;134.7;0.99387;3.28;0.63;10.63;6
5.76;0.344;0.31;0.94;0.01;20.0;77.6;0.9967;3.47;0.46;9.32;7
5.61;0.396;0.396;0.6;0.043;35.1;128.6;0.98843;2.97;0.53;12.82;6
7.47;0.311;0.134;2.33;0.069;43.1;165.1;0.9946;3.34;0.62;9.76;6
5.96;0.361;0.185;4.32;0.023;50.1;64.0;0.99427;3.13;0.43;9.3;6
5.12;0.27;0.46;10.24;0.017;46.3;129.8;0.98746;3.18;0.52;9.68;5
6.88;0.196;0.267;8.69;0.014;66.6;133.7;0.99566;3.3;0.58;8.34;8
6.43;0.333;0.54;2.16;0.076;25.2;158.4;0.98935;3.23;0.34;10.28;6
7.06;0.131;0.426;12.28;0.022;18.7;162.6;0.99301;3.25;0.53;10.95;6
6.78;0.387;0.475;5.66;0.029;25.0;235.5;0.99335;3.01;0.25;9.92;6
6.26;0.183;0.452;0.6;0.026;39.5;159.7;0.9952;3.2;0.54;12.32;7
5.86;0.337;0.465;13.82;0.053;40.1;88.9;0.99591;3.24;0.59;10.14;5
6.33;0.288;0.197;7.32;0.065;28.2;152.4;0.99542;2.96;0.41;10.64;5
6.42;0.37;0.365;8.8;0.029;9.1;169.6;0.99338;3.12;0.49;9.34;7
6.54;0.208;0.281;2.62;0.064;26.1;127.4;0.99675;3.33;0.63;11.39;6
5.85;0.477;0.376;0.6;0.04;62.1;161.2;0.99159;3.2;0.33;9.22;6
8.84;0.163;0.338;7.55;0.039;33.2;154.2;0.99579;3.28;0.46;11.53;6
5.55;0.275;0.432;8.29;0.02;62.2;209.3;1.00011;3.3;0.62;8.52;5
6.72;0.113;0.205;1.89;0.052;4.8;181.8;0.99392;3.29;0.6;11.41;7
7.44;0.013;0.386;0.6;0.036;50.6;140.1;0.99185;3.38;0.41;10.2;5
8.35;0.274;0.313;9.95;0.066;35.1;90.2;0.992;3.09;0.53;9.92;7
8.49;0.28;0.378;0.67;0.068;18.9;61.6;0.98945;3.12;0.43;11.84;6
8.2;0.281;0.466;9.72;0.042;28.3;185.4;0.99308;3.14;0.43;11.8;7
6.6;0.369;0.384;7.12;0.068;32.9;185.9;0.98883;3.24;0.55;11.06;5
6.19;0.226;0.37;17.4;0.017;42.8;104.4;0.99399;3.34;0.47;9.78;6
6.78;0.274;0.36;4.58;0.015;43.9;143.9;0.99693;3.48;0.36;11.4;7
5.03;0.269;0.518;6.09;0.039;63.9;161.9;0.99728;3.11;0.53;10.47;6
6.91;0.231;0.358;8.91;0.044;64.1;161.2;0.99496;3.27;0.45;9.56;6
6.13;0.256;0.358;2.15;0.031;31.6;122.9;0.99326;2.86;0.48;11.31;6
6.12;0.316;0.356;3.76;0.018;69.3;143.3;0.99293;3.38;0.39;11.64;6
6.12;0.165;0.217;5.47;0.019;11.0;111.7;0.99637;3.43;0.43;10.1;7
7.63;0.169;0.413;8.88;0.009;19.3;135.7;0.99546;3.2;0.5;12.46;7
7.63;0.243;0.22;3.48;0.039;59.5;195.9;0.99252;3.24;0.67;9.22;7
7.75;0.299;0.388;4.53;0.027;21.6;126.5;0.99643;3.06;0.4;11.7;6
6.64;0.267;0.379;0.93;0.04;56.7;117.0;0.99405;3.34;0.57;9.8;6
7.55;0.34;0.513;4.29;0.009;9.0;165.5;0.99359;3.23;0.54;9.05;5
5.39;0.358;0.374;7.92;0.054;6.8;188.4;0.99469;2.88;0.5;11.29;5
6.82;0.263;0.51;13.81;0.081;8.5;58.2;0.99841;3.13;0.5;10.61;4
8.31;0.326;0.404;10.74;0.014;35.1;170.0;0.98922;3.31;0.54;9.23;4
7.02;0.14;0.314;0.6;0.025;16.6;93.9;0.99201;2.98;0.3;9.41;6
7.22;0.396;0.382;13.63;0.015;26.2;140.3;0.99821;3.24;0.53;11.43;6
8.42;0.302;0.255;0.6;0.04;40.1;108.7;0.98891;3.2;0.31;8.0;5
6.93;0.015;0.412;4.58;0.058;15.2;211.1;0.98895;3.3;0.64;10.39;5
8.15;0.596;0.156;9.65;0.047;8.4;105.8;0.99272;3.27;0.62;11.75;7
7.49;0.213;0.328;3.96;0.056;30.4;115.8;0.99591;3.03;0.47;10.62;7
6.83;0.25;0.438;15.79;0.017;65.5;142.8;0.99185;2.99;0.47;10.1;5
6.7;0.16;0.405;7.19;0.054;40.0;168.4;0.99273;2.96;0.37;12.37;8
6.92;0.278;0.321;6.46;0.009;21.6;183.3;0.99177;3.08;0.36;10.84;6
6.03;0.164;0.373;4.91;0.024;36.8;107.3;0.99902;3.08;0.58;9.9;6
7.32;0.164;0.328;2.31;0.068;67.4;104.9;0.99265;3.29;0.7;10.63;5
7.06;0.354;0.375;3.37;0.039;32.2;119.4;0.9939;2.85;0.61;11.48;6
6.16;0.403;0.551;5.08;0.026;42.8;102.7;0.99723;3.32;0.45;10.95;5
6.91;0.439;0.158;8.89;0.059;12.1;170.3;0.99692;2.97;0.21;11.17;5
6.41;0.077;0.368;3.62;0.028;19.5;149.4;0.99494;3.44;0.57;8.82;6
6.66;0.278;0.221;11.26;0.021;33.6;55.5;0.9933;3.26;0.51;10.09;5
6.84;0.035;0.154;10.35;0.009;35.7;171.2;0.9951;3.25;0.42;11.09;4
6.83;0.179;0.307;8.05;0.045;8.9;168.4;0.99478;3.0;0.48;12.82;4
7.26;0.165;0.311;6.33;0.041;21.6;202.7;0.99258;3.04;0.26;11.51;5
7.57;0.272;0.308;7.71;0.05;2;125.6;0.99793;3.27;0.37;10.76;7
7.36;0.436;0.301;13.18;0.009;40.5;201.0;0.9943;3.31;0.47;9.39;5
5.87;0.264;0.232;7.43;0.051;13.2;204.2;0.99485;3.07;0.46;10.79;6
7.18;0.311;0.278;10.31;0.045;13.2;183.8;0.99756;3.22;0.08;10.25;5
6.45;0.38;0.303;11.38;0.02;40.2;151.5;0.99024;3.37;0.44;8.37;6
6.96;0.04;0.153;3.7;0.08;17.7;90.1;0.99419;3.06;0.53;11.84;6
7.23;0.435;0.433;4.72;0.04;47.2;132.9;0.98989;3.25;0.54;11.35;6
7.62;0.301;0.243;4.08;0.044;17.9;58.6;0.99365;3.03;0.33;10.92;5
6.32;0.135;0.271;0.6;0.047;19.1;76.7;0.99388;3.15;0.35;8.95;6
6.12;0.287;0.295;9.28;0.012;23.2;101.8;0.99335;3.06;0.34;13.1;7
7.22;0.14;0.212;1.61;0.034;28.5;105.4;0.99703;3.22;0.27;10.26;7
9.16;0.293;0.312;0.6;0.064;42.5;78.3;0.99513;3.28;0.65;9.45;6
7.9;0.242;0.407;4.64;0.062;35.6;126.9;0.99437;2.85;0.45;8.72;6
6.53;0.166;0.015;4.22;0.009;17.1;82.5;0.98896;3.46;0.72;12.71;6
8.03;0.225;0.352;0.6;0.009;63.6;148.0;0.99212;3.43;0.54;10.77;5
5.8;0.366;0.24;10.76;0.03;2;119.6;1.00105;3.42;0.52;10.03;6
7.67;0.202;0.321;4.5;0.101;45.2;163.5;0.99742;2.85;0.57;10.86;6
6.44;0.287;0.394;6.64;0.009;42.1;141.3;0.99574;3.14;0.5;10.28;7
7.53;0.352;0.35;4.64;0.066;16.8;162.6;1.00011;3.17;0.44;9.72;7
6.24;0.127;0.307;5.06;0.051;23.6;214.5;0.99341;3.0;0.54;10.34;6
4.9;0.265;0.566;9.41;0.067;31.1;189.3;0.99953;3.41;0.51;11.02;6
7.47;0.267;0.338;15.69;0.076;23.1;146.0;0.99276;3.21;0.42;10.17;7
7.11;0.348;0.366;6.82;0.083;31.7;206.4;0.99755;3.45;0.53;9.21;4
7.69;0.036;0.303;3.16;0.052;41.0;123.8;0.9926;3.39;0.64;10.42;5
8.04;0.389;0.111;5.62;0.042;43.2;139.8;0.99365;2.97;0.55;12.57;6
7.08;0.307;0.291;2.85;0.032;21.1;194.0;0.99208;3.43;0.43;9.96;5
7.27;0.391;0.492;13.38;0.074;55.4;179.1;0.99194;3.01;0.47;9.47;6
5.73;0.359;0.103;4.3;0.039;45.5;150.3;0.98388;3.03;0.77;9.99;6
7.1;0.194;0.444;5.53;0.076;45.5;81.6;0.99587;3.17;0.52;11.27;6
5.54;0.175;0.148;5.84;0.08;26.6;78.4;0.98957;3.28;0.61;9.06;6
8.49;0.39;0.374;5.29;0.038;21.3;55.9;0.99636;2.94;0.36;12.17;7
7.52;0.229;0.298;14.13;0.021;36.2;117.9;1.00042;3.08;0.45;10.23;6
6.73;0.289;0.298;12.95;0.048;62.4;69.6;0.99109;3.31;0.62;11.95;6
7.37;0.109;0.172;6.53;0.055;4.8;53.5;0.99152;3.33;0.37;9.33;5
7.61;0.47;0.366;9.32;0.048;15.5;197.9;0.99279;3.27;0.44;10.73;6
4.52;0.14;0.469;0.6;0.066;54.0;138.2;0.99475;3.05;0.45;11.71;7
7.79;0.368;0.418;8.71;0.078;37.1;108.9;0.99099;3.35;0.51;12.35;6
6.3;0.24;0.238;1.87;0.009;27.3;182.0;0.99273;3.11;0.46;11.67;7
6.45;0.058;0.335;0.6;0.031;19.6;203.6;0.99005;3.04;0.39;11.87;7
6.67;0.075;0.424;13.61;0.042;15.7;183.5;0.99077;3.37;0.33;9.97;5
7.0;0.414;0.107;6.18;0.051;45.4;245.5;0.99051;3.33;0.57;11.39;6
7.43;0.239;0.51;7.82;0.064;33.5;172.4;0.99274;3.15;0.52;9.67;5
6.65;0.291;0.349;9.13;0.046;41.5;121.9;0.99365;3.1;0.33;10.77;6
6.43;0.358;0.409;0.6;0.099;29.4;46.4;0.99646;3.04;0.55;10.39;5
7.42;0.256;0.254;6.51;0.009;54.1;136.8;0.99381;3.11;0.22;11.67;6
6.99;0.148;0.602;12.54;0.048;37.1;102.6;0.99639;3.19;0.45;11.11;5
7.96;0.399;0.331;12.72;0.038;45.8;28.2;0.99646;3.13;0.52;10.18;7
6.45;0.285;0.41;6.92;0.02;27.3;181.2;0.99532;3.46;0.53;10.91;6
6.83;0.339;0.22;12.85;0.009;42.4;152.2;0.99206;3.2;0.75;9.54;6
6.58;0.274;0.405;5.99;0.034;11.8;196.4;0.99394;3.3;0.34;9.26;6
6.71;0.313;0.334;7.09;0.05;24.4;98.3;0.99897;2.93;0.6;11.63;6
6.75;0.34;0.191;2.25;0.036;51.0;168.6;0.99452;3.31;0.54;8.96;6
5.85;0.235;0.046;9.99;0.06;36.3;128.3;0.99425;3.21;0.62;9.92;5
6.79;0.281;0.108;0.6;0.043;35.9;204.8;0.99263;3.27;0.55;11.83;6
6.99;0.15;0.415;0.6;0.042;23.7;195.8;0.98917;3.58;0.36;9.67;5
6.49;0.35;0.396;1.6;0.064;25.5;92.3;0.99087;3.26;0.54;9.5;6
7.18;0.399;0.48;9.28;0.06;47.2;132.2;0.98918;3.11;0.47;10.85;7
6.8;0.379;0.529;12.8;0.045;46.4;114.0;0.99981;3.39;0.3;12.2;7
7.76;0.232;0.088;0.6;0.064;2;170.7;0.98829;3.08;0.37;11.22;7
8.5;0.194;0.475;4.34;0.017;43.1;155.8;0.99367;2.97;0.62;8.89;8
7.32;0.267;0.385;2.87;0.051;16.7;113.2;0.99564;3.12;0.45;10.59;5
5.31;0.185;0.488;11.68;0.026;55.2;114.6;0.99377;3.52;0.29;11.83;4
6.77;0.201;0.371;0.6;0.049;30.4;148.6;0.99074;3.18;0.37;11.51;8
8.32;0.151;0.359;7.64;0.083;29.9;199.5;0.99289;3.27;0.47;13.54;6
6.22;0.348;0.412;18.34;0.009;45.1;136.7;0.994;3.23;0.51;9.17;6
5.54;0.197;0.4;8.84;0.042;25.0;145.0;0.9911;3.38;0.5;10.5;7
6.82;0.436;0.224;8.1;0.077;75.7;168.5;1.00034;3.25;0.47;12.78;8
7.22;0.186;0.299;4.23;0.023;33.5;169.2;0.99308;3.35;0.39;12.07;7
5.55;0.288;0.308;4.88;0.046;54.5;152.0;0.99527;3.16;0.48;11.41;7
7.12;0.284;0.306;13.07;0.042;10.5;227.9;0.99368;3.16;0.6;8.84;6
7.32;0.334;0.237;0.6;0.045;3.4;171.9;0.99927;3.01;0.44;8.38;7
6.81;0.201;0.233;10.63;0.022;44.2;125.1;0.99761;3.13;0.49;11.21;7
7.73;0.225;0.268;5.34;0.016;24.8;138.3;0.99462;3.3;0.45;10.29;5
7.01;0.345;0.491;0.6;0.009;30.4;157.3;0.99325;3.16;0.48;8.29;5
7.23;0.423;0.3;14.45;0.047;47.8;127.8;0.9946;3.04;0.61;9.86;6
7.16;0.209;0.32;0.75;0.039;19.4;125.6;0.99699;3.1;0.45;10.99;6
7.04;0.271;0.218;3.01;0.025;41.1;77.0;0.98876;3.27;0.68;9.57;6
5.6;0.41;0.214;7.01;0.035;32.0;68.9;0.994;3.07;0.63;9.6;7
6.48;0.312;0.313;3.65;0.06;20.6;102.4;0.99004;3.15;0.11;10.48;6
6.65;0.355;0.398;11.05;0.035;15.4;122.8;0.9911;3.03;0.39;8.41;5
6.52;0.105;0.299;6.1;0.054;38.2;116.2;0.98745;3.38;0.5;10.83;5
7.28;0.221;0.383;7.14;0.016;2;151.9;0.992;3.33;0.27;10.98;7
7.11;0.276;0.359;2.76;0.067;26.1;184.7;0.99332;3.26;0.47;11.2;6
6.48;0.345;0.22;9.33;0.046;54.0;166.4;0.99341;3.34;0.55;9.12;6
6.39;0.059;0.409;3.89;0.03;76.9;117.8;0.99673;3.11;0.61;9.25;5
7.57;0.145;0.164;2.76;0.045;17.1;138.3;0.99735;3.11;0.48;11.65;5
6.57;0.377;0.45;4.26;0.041;47.5;76.1;0.99811;3.41;0.58;10.09;6
6.7;0.22;0.407;14.99;0.035;16.0;172.1;0.99678;3.14;0.53;11.84;6
6.65;0.103;0.243;7.6;0.041;35.9;134.9;0.9901;2.9;0.61;8.68;6
8.23;0.341;0.16;0.6;0.044;2;152.6;0.99234;3.35;0.46;11.03;6
7.11;0.323;0.171;0.6;0.032;57.5;97.5;0.98984;3.38;0.56;8.7;6
6.94;0.303;0.236;9.77;0.054;64.8;39.1;0.9888;3.08;0.6;10.04;6
8.17;0.212;0.496;9.82;0.056;37.6;199.1;0.99118;3.52;0.37;9.66;5
6.02;0.091;0.567;10.34;0.032;33.3;151.2;0.99369;3.19;0.51;12.11;6
6.53;0.279;0.411;12.72;0.056;55.7;118.3;0.99417;3.16;0.49;10.62;7
6.9;0.299;0.235;2.5;0.069;47.6;141.8;0.99667;3.06;0.24;12.22;6
8.08;0.206;0.224;4.0;0.059;20.7;165.7;0.9908;3.25;0.51;11.58;6
7.59;0.348;0.551;12.76;0.037;39.8;163.2;0.99257;3.24;0.68;10.49;5
6.41;0.247;0.343;7.62;0.052;58.0;160.4;0.9946;3.3;0.59;9.12;6
5.97;0.322;0.426;1.39;0.011;12.2;48.8;0.99383;3.25;0.37;11.06;6
8.55;0.344;0.191;5.19;0.042;27.4;144.8;0.99263;3.14;0.35;11.11;6
7.02;0.193;0.308;4.5;0.043;45.7;142.9;0.99274;3.28;0.46;11.54;6
8.28;0.377;0.182;5.39;0.054;49.0;139.2;0.99397;3.34;0.57;9.65;5
6.97;0.335;0.373;0.6;0.038;39.0;177.5;0.99767;3.42;0.47;9.58;5
6.16;0.498;0.187;1.6;0.061;27.3;181.3;0.99803;3.25;0.7;8.92;7
6.44;0.382;0.587;10.3;0.06;61.5;139.8;0.9945;2.92;0.36;10.08;8
6.35;0.189;0.498;0.6;0.071;67.5;101.7;0.99339;3.33;0.38;11.24;6
6.51;0.382;0.432;7.12;0.056;12.4;150.8;0.99865;3.25;0.39;11.01;6
5.47;0.332;0.259;7.21;0.039;30.3;180.2;0.99446;3.26;0.46;11.28;8
6.91;0.094;0.276;6.17;0.037;2;87.8;0.99674;3.02;0.65;9.47;5
7.7;0.253;0.353;16.7;0.024;46.0;123.3;0.99496;3.43;0.57;11.82;6
6.76;0.354;0.344;6.91;0.077;73.4;151.4;0.99495;3.18;0.6;12.03;7
6.26;0.324;0.498;7.03;0.068;41.5;142.9;0.99597;3.31;0.51;11.28;7
7.17;0.29;0.352;3.54;0.036;30.2;211.8;0.99453;3.03;0.64;9.22;5
9.01;0.356;0.47;4.92;0.053;60.5;134.1;0.99757;3.11;0.61;9.57;4
7.28;0.137;0.225;0.6;0.048;40.7;87.7;0.99294;3.32;0.89;10.11;6
7.8;0.255;0.307;12.35;0.042;28.9;178.2;0.9969;3.17;0.44;11.98;6
6.82;0.269;0.502;4.94;0.052;52.2;173.3;0.99782;3.04;0.63;9.42;5
6.71;0.302;0.21;0.6;0.029;19.6;176.7;0.99522;3.11;0.54;10.16;6
7.23;0.172;0.264;3.21;0.057;19.8;72.9;0.9928;3.15;0.36;12.26;6
7.28;0.331;0.503;6.8;0.077;68.6;55.4;0.99278;3.23;0.33;12.81;5
6.74;0.18;0.009;2.27;0.061;22.9;84.7;0.99395;3.2;0.3;9.48;7
4.87;0.233;0.285;13.18;0.041;70.8;130.0;0.99411;2.96;0.54;8.8;7
6.2;0.371;0.164;9.9;0.038;38.9;121.5;0.99192;3.43;0.24;10.76;7
8.06;0.157;0.292;11.22;0.066;42.3;182.9;0.98935;3.05;0.37;8.79;5
7.96;0.249;0.371;0.6;0.015;15.7;191.8;0.99643;3.38;0.71;11.71;5
6.99;0.284;0.258;9.31;0.046;21.1;118.9;0.99545;3.53;0.5;12.81;6
6.35;0.139;0.331;6.87;0.038;33.0;111.4;0.99418;3.34;0.6;9.8;7
7.09;0.316;0.436;16.17;0.051;36.1;201.0;0.9899;3.25;0.37;11.47;6
6.94;0.279;0.46;10.5;0.083;34.9;177.7;0.99312;2.98;0.73;10.99;7
8.23;0.35;0.214;6.23;0.061;59.8;68.0;0.99112;3.21;0.57;10.95;6
6.47;0.298;0.168;7.93;0.073;19.7;116.6;0.99447;3.44;0.72;12.48;5
5.95;0.173;0.21;5.73;0.02;49.0;97.5;0.99365;3.07;0.45;8.79;5
6.97;0.325;0.324;5.69;0.025;51.6;131.8;0.99218;3.13;0.35;11.8;6
7.9;0.254;0.218;1.64;0.071;45.1;145.1;0.99425;3.26;0.39;10.74;5
5.06;0.238;0.389;16.8;0.041;35.5;138.3;0.99275;3.12;0.51;11.7;6
4.51;0.337;0.202;5.36;0.009;50.2;140.0;0.99222;3.34;0.62;9.05;6
6.87;0.296;0.413;12.55;0.038;53.9;174.0;0.98728;3.27;0.71;10.13;6
8.08;0.322;0.491;6.0;0.054;33.3;129.7;0.99284;3.31;0.36;10.26;5
6.36;0.5;0.251;7.61;0.029;35.6;91.1;0.99504;3.17;0.34;9.9;6
4.08;0.163;0.445;8.64;0.028;20.4;136.0;0.99392;3.17;0.42;10.52;5
5.35;0.058;0.343;14.53;0.019;28.7;186.4;0.99709;3.26;0.46;10.17;5
7.13;0.313;0.252;3.39;0.052;32.1;145.5;0.99705;3.06;0.44;11.09;5
6.73;0.312;0.146;7.94;0.038;76.6;160.1;0.98947;2.97;0.53;10.36;7
7.62;0.179;0.382;1.23;0.045;43.7;196.9;0.99787;3.51;0.55;8.28;6
6.75;0.259;0.234;1.64;0.06;41.5;189.6;0.9936;2.9;0.37;12.18;7
7.67;0.317;0.235;0.6;0.068;20.4;164.7;0.99725;3.08;0.44;11.34;6
7.8;0.299;0.14;2.66;0.028;39.8;219.5;0.99692;3.31;0.4;10.7;5
6.43;0.281;0.345;5.05;0.026;37.6;184.6;0.99627;3.07;0.43;9.6;5
7.54;0.389;0.237;11.77;0.036;15.8;84.9;0.99342;3.22;0.38;9.75;6
6.84;0.343;0.48;9.74;0.041;31.1;73.2;0.99728;3.06;0.62;12.77;4
7.1;0.21;0.155;6.25;0.056;57.2;67.1;0.99309;3.16;0.58;11.4;6
7.55;0.296;0.527;0.6;0.067;43.9;161.4;0.99831;3.3;0.38;11.19;5
7.79;0.258;0.164;18.71;0.048;47.6;137.1;0.99421;3.12;0.53;11.27;5
6.16;0.274;0.376;5.62;0.091;49.7;161.7;0.99606;3.48;0.56;10.44;7
6.97;0.338;0.439;1.64;0.052;46.1;131.2;0.99458;3.17;0.6;10.7;7
6.45;0.229;0.249;5.84;0.064;39.4;152.0;0.9917;3.21;0.41;10.04;6
6.16;0.289;0.339;4.32;0.013;26.3;163.8;0.9978;3.16;0.57;11.42;5
7.36;0.49;0.55;0.6;0.066;28.7;118.0;0.99397;3.34;0.56;12.0;6
6.25;0.305;0.32;1.95;0.028;16.0;89.4;0.99338;3.21;0.34;11.18;3
7.27;0.1;0.382;5.39;0.108;17.6;76.7;0.99445;3.31;0.54;10.0;6
6.92;0.369;0.086;8.67;0.055;48.6;143.9;0.99513;3.18;0.44;10.49;7
9.19;0.286;0.472;0.6;0.014;27.6;155.5;0.99426;3.23;0.51;10.08;5
6.09;0.331;0.32;0.6;0.05;37.9;159.1;0.99024;2.98;0.59;11.95;7
6.25;0.397;0.525;16.7;0.065;13.7;100.4;0.99665;3.22;0.29;11.6;5
7.81;0.344;0.542;12.92;0.041;43.8;155.8;0.99393;3.51;0.56;10.57;8
6.31;0.395;0.573;2.58;0.03;69.0;135.7;0.99816;3.14;0.54;11.0;6
7.35;0.228;0.289;0.6;0.05;38.9;97.0;0.99471;3.04;0.6;8.43;6
5.2;0.276;0.365;8.14;0.049;63.3;179.5;0.99596;3.3;0.44;9.83;6
6.88;0.471;0.373;5.45;0.075;32.5;170.5;0.9981;3.33;0.33;10.08;6
5.75;0.228;0.456;0.6;0.064;56.5;98.7;0.99258;3.13;0.5;11.62;6
5.75;0.211;0.213;2.68;0.057;20.6;94.5;0.99535;3.18;0.44;9.92;5
7.28;0.256;0.284;10.5;0.046;47.9;93.1;0.99671;3.17;0.56;8.62;7
5.44;0.245;0.221;1.18;0.069;31.3;197.0;0.99439;3.22;0.58;8.0;4
7.22;0.086;0.354;7.02;0.037;47.3;157.0;0.9906;3.33;0.33;12.12;5
7.0;0.291;0.386;0.6;0.036;47.0;17.3;0.99391;3.1;0.44;9.75;5
7.2;0.266;0.423;7.62;0.009;49.7;125.5;0.99613;2.97;0.34;11.43;6
6.99;0.168;0.375;16.6;0.045;66.4;150.3;0.99133;3.27;0.46;11.18;5
7.09;0.33;0.195;4.98;0.07;15.0;105.0;0.99703;3.28;0.46;11.18;5
5.46;0.299;0.475;2.52;0.012;24.3;176.2;0.99387;3.33;0.66;9.76;7
7.24;0.401;0.286;8.08;0.049;38.6;189.0;0.99361;3.35;0.57;10.86;5
6.54;0.26;0.38;8.43;0.028;29.4;161.4;0.99264;3.14;0.39;10.29;7
6.31;0.345;0.249;6.43;0.059;33.9;154.2;0.99618;3.31;0.53;11.36;6
7.39;0.356;0.336;10.35;0.039;38.8;96.1;0.99187;3.22;0.55;11.03;6
7.6;0.128;0.196;2.18;0.018;43.0;143.4;0.99506;3.17;0.69;11.81;6
7.41;0.275;0.437;0.6;0.049;55.3;114.1;0.99574;3.07;0.47;8.57;6
7.58;0.201;0.177;0.6;0.01;51.7;163.3;0.99311;3.17;0.63;12.77;4
6.9;0.381;0.304;0.6;0.009;56.2;148.0;0.99077;3.27;0.41;11.66;6
6.62;0.236;0.494;9.98;0.052;43.3;133.6;0.9911;3.45;0.49;11.67;6
8.24;0.416;0.442;11.85;0.027;27.9;139.6;0.99495;3.01;0.36;10.84;6
7.44;0.327;0.277;0.6;0.009;26.0;195.8;0.99203;3.42;0.51;10.56;6
7.31;0.284;0.34;5.57;0.013;45.3;70.9;1.00415;3.19;0.39;11.07;5
5.97;0.476;0.226;2.75;0.055;62.9;131.4;0.99395;3.27;0.42;8.3;6
6.85;0.34;0.308;11.71;0.034;52.5;150.9;0.99559;3.3;0.51;11.42;6
4.83;0.308;0.464;10.14;0.06;40.9;168.6;0.99783;3.17;0.61;9.49;7
6.44;0.035;0.283;12.95;0.067;30.3;129.1;0.98985;3.4;0.56;9.59;7
6.48;0.232;0.25;5.23;0.062;29.9;166.6;0.99336;3.17;0.59;11.03;5
7.8;0.448;0.424;1.46;0.025;35.8;135.2;1.00031;3.23;0.36;9.11;6
7.03;0.283;0.272;4.43;0.026;61.5;111.9;0.99026;3.02;0.43;10.83;6
6.71;0.303;0.433;10.72;0.085;40.6;132.1;0.99512;2.95;0.51;11.19;5
5.99;0.295;0.305;6.45;0.069;37.9;173.5;0.99391;2.99;0.61;11.85;5
7.44;0.217;0.3;9.23;0.028;55.6;124.8;0.98937;3.14;0.42;11.62;6
7.62;0.233;0.202;17.66;0.019;27.7;98.0;0.99672;3.07;0.38;10.45;6
7.42;0.334;0.427;0.6;0.066;44.0;86.1;0.99255;3.18;0.52;10.7;5
8.81;0.277;0.507;0.68;0.084;25.1;198.7;0.99886;3.41;0.52;12.12;6
7.02;0.327;0.567;0.6;0.025;34.2;125.9;0.9933;3.44;0.69;9.69;6
6.16;0.397;0.123;0.6;0.033;51.4;99.4;0.99054;3.13;0.3;9.51;6
8.23;0.268;0.443;9.11;0.049;50.8;124.6;0.99403;3.15;0.38;13.13;5
5.06;0.204;0.461;9.78;0.054;39.1;239.1;0.99562;3.28;0.33;9.5;4
6.28;0.283;0.463;10.73;0.023;26.7;95.9;0.99552;3.18;0.47;8.71;5
6.66;0.198;0.416;8.34;0.058;21.9;158.8;0.98978;3.23;0.41;11.59;6
6.79;0.218;0.253;3.65;0.082;47.4;197.4;0.99008;3.16;0.41;10.46;4
5.91;0.279;0.23;0.6;0.041;26.5;200.0;0.99035;3.36;0.41;12.17;5
6.38;0.365;0.443;10.45;0.046;32.6;143.6;1.00217;3.48;0.49;11.65;6
5.87;0.207;0.491;4.02;0.052;49.3;154.1;1.00085;3.0;0.62;9.14;5
7.75;0.228;0.457;9.16;0.014;16.7;149.1;0.99689;3.11;0.54;8.82;5
5.24;0.296;0.376;6.51;0.069;48.4;92.8;0.99392;3.21;0.54;12.29;6
6.59;0.133;0.045;0.6;0.061;37.6;113.2;0.99611;3.11;0.33;11.15;6
7.2;0.275;0.271;1.72;0.009;26.3;179.2;0.99746;3.31;0.69;11.16;7
6.85;0.374;0.18;6.34;0.038;37.0;116.2;0.98908;3.13;0.57;11.13;6
6.3;0.362;0.384;8.48;0.018;15.1;136.7;0.9993;3.0;0.53;10.24;5
6.08;0.222;0.199;9.81;0.047;62.7;105.2;0.99552;3.07;0.54;8.0;7
6.71;0.226;0.125;0.6;0.073;21.4;86.9;0.993;3.0;0.58;8.14;7
5.85;0.229;0.316;15.16;0.062;66.2;165.8;0.98947;3.12;0.61;10.97;6
6.05;0.265;0.246;0.6;0.035;26.7;170.6;0.99527;2.82;0.64;9.54;6
7.53;0.329;0.264;10.6;0.033;39.1;190.0;0.99271;3.05;0.34;10.78;6
4.73;0.282;0.215;8.91;0.047;36.7;120.6;0.99351;3.16;0.38;11.57;5
6.88;0.304;0.187;5.17;0.07;34.8;161.7;0.99401;3.46;0.35;12.25;6
6.26;0.05;0.246;11.06;0.077;19.5;117.3;0.9959;3.06;0.5;11.23;4
6.49;0.221;0.356;0.6;0.067;34.0;136.7;0.99406;3.06;0.37;10.14;6
6.12;0.195;0.528;11.6;0.01;18.6;112.2;0.99628;3.21;0.52;9.76;5
5.8;0.379;0.626;6.82;0.063;34.8;90.4;0.99571;2.95;0.45;10.61;6
8.08;0.161;0.318;4.67;0.044;41.6;163.2;1.00051;3.41;0.53;9.29;7
7.32;0.335;0.19;6.57;0.051;36.6;131.9;0.99486;3.26;0.49;10.34;5
7.26;0.318;0.133;7.54;0.046;57.3;106.5;1.00068;3.12;0.36;10.96;7
6.81;0.386;0.339;2.71;0.037;53.9;140.0;0.99704;2.94;0.4;10.3;6
6.69;0.316;0.369;0.6;0.036;30.7;149.4;0.99428;3.26;0.59;10.22;5
6.21;0.158;0.227;0.6;0.041;40.3;216.9;0.99735;3.13;0.43;9.88;6
7.42;0.225;0.3;4.77;0.042;44.5;188.2;0.99045;3.02;0.33;9.45;5
6.94;0.203;0.207;4.94;0.024;44.6;145.3;0.99335;3.0;0.33;11.32;7
5.99;0.43;0.194;13.35;0.022;36.8;131.6;0.99496;3.39;0.63;10.25;6
6.56;0.423;0.32;5.53;0.058;41.9;142.9;0.99858;3.1;0.46;9.18;6
5.96;0.376;0.34;1.93;0.064;49.1;104.9;0.99251;3.3;0.58;11.04;5
7.03;0.236;0.389;0.8;0.068;41.6;60.8;0.99581;2.99;0.5;12.65;7
6.74;0.151;0.274;7.25;0.009;44.5;147.3;1.00304;3.1;0.44;11.71;4
5.45;0.274;0.406;13.42;0.069;36.7;102.9;0.99641;2.99;0.51;9.91;6
6.33;0.246;0.27;2.62;0.079;24.6;144.3;0.99075;3.3;0.25;12.05;6
8.0;0.371;0.28;11.48;0.048;19.5;116.4;0.98611;3.11;0.69;11.19;8
5.92;0.207;0.507;0.6;0.009;30.5;132.4;0.99677;3.31;0.67;9.84;5
7.89;0.384;0.243;6.96;0.051;69.1;180.5;0.9955;3.15;0.61;12.29;5
6.8;0.106;0.459;7.08;0.046;26.4;120.4;0.99313;2.72;0.54;9.83;6
6.7;0.218;0.19;6.96;0.031;40.9;88.8;0.99047;3.31;0.42;9.6;6
5.32;0.212;0.291;0.6;0.014;54.1;194.0;0.99139;3.23;0.39;12.83;6
5.83;0.301;0.396;5.6;0.056;55.2;151.2;0.9922;3.25;0.57;9.41;5
5.32;0.319;0.365;0.6;0.041;39.2;71.7;0.9915;2.89;0.3;12.51;7
6.84;0.382;0.436;0.6;0.077;35.0;202.1;0.9947;2.92;0.79;8.48;6
7.12;0.243;0.216;19.19;0.084;38.6;158.6;0.99255;3.13;0.41;10.07;6
6.73;0.218;0.418;5.55;0.012;33.6;186.8;0.99022;3.25;0.43;10.61;7
7.95;0.376;0.414;5.64;0.067;54.8;159.2;0.99592;3.35;0.24;9.99;5
6.84;0.286;0.42;3.42;0.048;46.6;181.7;0.99219;3.1;0.52;9.28;4
5.37;0.409;0.318;6.78;0.009;30.3;153.4;0.99568;3.03;0.45;8.76;5
7.68;0.409;0.235;10.98;0.059;54.0;169.1;0.99257;3.13;0.64;10.15;6
7.64;0.077;0.297;3.0;0.042;5.9;100.0;0.9922;3.16;0.35;9.48;5
5.17;0.32;0.353;9.77;0.033;43.0;159.5;0.99199;3.35;0.52;10.39;5
4.65;0.287;0.246;9.21;0.091;33.3;150.8;0.99512;3.08;0.59;9.56;6
6.24;0.2;0.427;6.36;0.037;25.5;149.6;0.99399;3.24;0.48;11.04;6
6.73;0.29;0.206;19.83;0.04;19.4;132.3;0.99352;3.24;0.49;8.99;5
5.41;0.127;0.4;5.51;0.062;25.6;140.1;0.9926;3.32;0.49;10.21;6
6.95;0.303;0.136;5.81;0.009;42.2;176.9;0.99712;3.2;0.54;10.57;5
6.55;0.222;0.415;0.6;0.075;20.7;156.0;0.99298;3.17;0.53;11.72;6
6.97;0.194;0.305;0.6;0.055;40.9;118.8;0.99647;3.25;0.67;8.59;5
8.01;0.174;0.234;4.34;0.044;2.4;155.2;0.9941;3.5;0.6;9.71;6
5.55;0.235;0.386;5.78;0.042;13.1;219.1;0.9971;3.22;0.41;10.83;6
7.96;0.216;0.357;0.6;0.067;44.4;141.0;0.99119;3.18;0.45;8.47;6
6.27;0.362;0.509;3.79;0.04;39.9;114.2;1.00022;3.11;0.67;11.46;5
5.19;0.267;0.306;3.88;0.071;6.7;117.8;0.99355;3.25;0.38;9.51;5
7.17;0.262;0.371;5.14;0.009;53.9;191.7;0.99224;3.13;0.42;9.97;5
8.21;0.241;0.202;12.64;0.054;46.6;118.9;0.99503;3.38;0.47;9.51;5
6.82;0.486;0.18;15.91;0.038;18.4;143.2;0.99383;3.39;0.43;10.12;6
6.91;0.115;0.42;6.82;0.068;38.2;137.8;0.99535;2.98;0.43;11.3;5
5.86;0.269;0.356;14.77;0.04;31.8;201.1;0.9967;3.02;0.48;10.76;5
5.12;0.201;0.262;7.04;0.053;37.3;137.7;0.99631;3.09;0.45;10.88;5
7.05;0.46;0.246;9.77;0.047;34.6;180.9;0.99248;3.03;0.44;13.46;6
6.41;0.175;0.36;10.47;0.042;51.6;135.3;0.99421;3.29;0.58;10.24;7
5.43;0.3;0.243;10.27;0.069;24.6;130.9;0.99195;3.18;0.42;9.62;7
7.17;0.132;0.249;4.28;0.036;56.3;141.5;0.99252;3.34;0.5;10.68;8
6.11;0.171;0.466;0.6;0.058;72.9;105.9;0.99501;3.43;0.39;11.06;6
6.39;0.292;0.412;0.83;0.046;48.0;113.1;0.99556;2.95;0.34;8.45;5
6.72;0.313;0.498;10.11;0.044;16.6;190.2;0.99623;3.09;0.35;10.3;6
7.49;0.442;0.463;0.6;0.035;68.3;165.5;0.99527;3.25;0.37;10.25;5
5.94;0.269;0.254;10.17;0.028;22.0;146.2;0.99047;3.08;0.38;9.92;6
6.21;0.221;0.42;0.6;0.033;51.9;82.8;0.99525;3.48;0.64;9.41;5
5.61;0.241;0.402;11.44;0.029;48.4;92.8;0.99721;3.11;0.49;9.49;5
5.85;0.046;0.268;12.93;0.043;46.9;72.1;0.99478;3.23;0.54;9.79;6
5.72;0.183;0.149;4.04;0.025;55.4;112.1;0.99129;3.31;0.54;11.66;5
7.04;0.289;0.228;5.31;0.095;34.5;51.9;0.99738;3.25;0.53;9.85;5
7.69;0.34;0.2;11.78;0.076;40.8;116.7;0.99015;3.2;0.4;9.33;6
6.46;0.216;0.488;4.53;0.03;23.1;115.5;0.9921;3.16;0.39;12.65;7
6.84;0.333;0.513;14.74;0.061;43.4;227.2;0.99507;3.37;0.41;11.43;6
6.42;0.28;0.336;0.6;0.045;62.0;157.8;0.99205;3.18;0.5;10.49;7
6.18;0.257;0.361;7.12;0.09;54.9;186.2;0.99202;3.43;0.16;11.81;6
5.97;0.216;0.438;13.38;0.009;34.6;138.2;0.99144;3.09;0.51;10.07;6
9.56;0.132;0.243;12.38;0.081;60.3;193.3;0.99701;3.11;0.53;11.7;6
8.71;0.062;0.064;10.43;0.009;33.5;172.5;0.99;3.56;0.38;10.59;7
8.09;0.44;0.21;0.6;0.099;35.0;114.8;0.9916;3.03;0.54;8.7;6
7.39;0.339;0.332;6.08;0.029;20.8;197.8;0.99197;3.17;0.78;11.17;7
7.53;0.327;0.352;10.6;0.033;19.5;168.3;0.99195;3.33;0.61;10.51;8
7.66;0.189;0.284;0.6;0.065;46.1;136.3;0.99134;2.96;0.6;9.14;6
10.03;0.154;0.264;10.58;0.049;11.4;134.0;0.98923;3.21;0.43;10.67;7
7.37;0.19;0.403;10.07;0.046;41.9;55.1;0.98687;3.07;0.44;10.04;7
7.67;0.351;0.424;8.69;0.027;2;156.6;0.9964;3.37;0.44;9.31;4
6.71;0.233;0.287;0.6;0.085;41.7;126.2;0.99468;3.18;0.67;11.47;5
6.16;0.395;0.495;2.0;0.01;31.4;97.7;0.9867;3.35;0.49;10.62;5
6.4;0.218;0.211;1.11;0.038;19.0;110.8;0.99315;3.2;0.56;12.5;7
6.56;0.133;0.372;0.6;0.081;38.2;249.1;0.99665;3.22;0.5;11.11;6
7.43;0.093;0.346;0.6;0.029;30.1;118.1;0.99652;3.08;0.54;10.69;6
6.87;0.135;0.039;19.45;0.049;58.1;223.9;0.99695;3.22;0.29;10.61;5
7.23;0.325;0.479;3.46;0.076;2;94.9;0.99308;3.35;0.73;8.97;7
6.42;0.28;0.462;13.54;0.053;27.4;172.1;0.9917;3.32;0.5;8.88;6
6.58;0.189;0.388;3.86;0.058;26.3;130.3;0.99496;3.35;0.47;11.18;5
8.2;0.361;0.224;8.25;0.047;53.1;136.6;0.99507;3.27;0.47;12.58;6
6.71;0.241;0.446;12.72;0.079;20.6;139.2;0.99949;3.35;0.61;10.32;6
8.57;0.272;0.19;6.74;0.046;32.1;203.0;0.99636;3.4;0.62;11.2;5
7.01;0.152;0.463;1.29;0.047;64.4;189.5;0.99279;3.22;0.26;10.23;5
5.5;0.345;0.426;12.93;0.069;33.5;135.1;0.99984;3.22;0.43;11.89;6
7.37;0.214;0.128;0.6;0.057;37.5;167.9;0.99421;3.18;0.46;12.07;6
6.81;0.206;0.093;0.6;0.098;31.5;100.7;0.99098;3.0;0.38;8.64;6
7.37;0.293;0.404;8.68;0.067;42.6;107.3;0.9953;3.27;0.5;10.03;7
6.47;0.251;0.458;1.36;0.053;34.3;188.7;0.9967;3.37;0.47;8.94;7
6.46;0.314;0.122;8.85;0.016;13.4;145.3;0.99171;3.39;0.38;8.57;6
5.9;0.315;0.282;6.46;0.055;50.9;79.9;0.98862;3.48;0.38;12.06;7
6.9;0.179;0.094;6.96;0.036;34.7;256.0;0.99519;2.98;0.33;9.59;6
8.67;0.28;0.234;9.64;0.056;51.6;148.7;0.99733;3.02;0.4;10.09;7
7.15;0.316;0.354;12.05;0.056;46.1;121.4;0.98558;3.32;0.43;11.17;5
7.15;0.319;0.572;0.6;0.078;38.9;89.9;0.99271;3.33;0.47;10.5;5
5.75;0.275;0.215;18.49;0.025;33.5;73.6;0.98891;3.31;0.35;9.02;6
7.02;0.324;0.307;8.93;0.067;23.0;166.3;0.99496;3.33;0.59;9.86;5
5.61;0.317;0.414;10.41;0.05;66.0;108.1;0.99441;3.18;0.63;9.23;6
6.1;0.227;0.425;16.0;0.043;48.1;71.8;1.00037;3.26;0.53;8.28;7
6.98;0.266;0.425;1.83;0.044;31.8;162.8;0.99583;3.21;0.47;10.5;6
5.62;0.27;0.419;4.07;0.057;64.2;187.8;0.9911;3.01;0.47;10.3;5
8.15;0.227;0.44;10.75;0.065;11.3;220.3;0.99276;2.99;0.31;9.26;6
7.31;0.136;0.366;7.48;0.051;41.5;130.7;0.99575;3.1;0.36;10.05;5
5.8;0.303;0.165;11.93;0.031;20.9;120.5;0.98889;3.19;0.33;11.59;7
8.66;0.333;0.418;0.6;0.018;44.4;162.6;0.99075;3.39;0.3;10.82;6
6.84;0.387;0.295;8.97;0.077;54.4;99.8;0.99356;3.48;0.64;10.3;8
7.56;0.292;0.451;0.6;0.04;12.3;182.3;0.98834;3.21;0.54;9.96;7
6.93;0.1;0.31;10.83;0.033;11.2;92.0;0.99198;3.07;0.59;9.4;6
6.34;0.374;0.226;15.5;0.034;30.9;114.1;0.99315;3.26;0.45;9.97;8
6.5;0.371;0.448;0.6;0.039;16.8;180.0;0.99305;3.41;0.48;8.35;6
6.61;0.287;0.188;0.6;0.06;35.1;121.2;0.99462;3.38;0.42;9.82;6
7.95;0.26;0.321;4.61;0.041;20.4;109.9;0.99482;2.93;0.27;12.13;6
7.22;0.148;0.34;11.32;0.071;5.7;135.9;0.9899;3.38;0.41;13.52;7
7.76;0.173;0.162;2.99;0.017;27.3;166.2;0.98904;3.38;0.51;10.35;4
6.71;0.275;0.258;9.47;0.016;21.3;114.2;0.99288;3.31;0.44;11.51;5
5.63;0.195;0.515;8.48;0.017;43.4;166.4;0.98502;3.37;0.5;11.48;7
6.86;0.164;0.321;7.59;0.058;50.6;213.0;0.99602;3.12;0.66;10.23;7
5.69;0.35;0.404;9.47;0.009;31.9;175.6;0.99314;3.0;0.53;11.13;5
7.47;0.323;0.594;9.73;0.097;16.2;228.7;0.98962;3.24;0.43;9.2;5
8.06;0.178;0.482;13.02;0.049;14.5;125.1;0.99411;3.18;0.48;10.09;6
5.77;0.273;0.47;0.6;0.05;31.1;113.6;0.98653;3.17;0.26;12.03;8
6.06;0.213;0.323;11.45;0.093;4.5;98.8;0.99186;3.11;0.38;11.22;6
5.12;0.117;0.385;10.55;0.079;23.2;171.2;0.99275;3.1;0.53;10.48;5
6.89;0.179;0.603;5.6;0.037;42.2;104.4;0.99681;3.15;0.25;9.43;4
6.9;0.444;0.295;6.21;0.014;47.0;196.4;0.99255;3.09;0.38;10.8;7
5.76;0.355;0.406;5.19;0.034;44.4;114.2;0.98899;3.23;0.6;11.04;6
6.68;0.393;0.611;1.65;0.054;31.7;167.2;0.99456;3.16;0.42;12.09;7
4.8;0.471;0.338;7.3;0.037;26.0;197.7;0.99941;3.2;0.45;9.98;5
6.1;0.076;0.318;15.41;0.037;38.6;126.6;0.99195;3.5;0.55;11.03;6
7.02;0.068;0.428;17.47;0.041;7.3;198.3;0.99383;3.08;0.42;12.0;7
8.45;0.291;0.172;0.84;0.033;17.5;155.8;0.99663;3.24;0.34;10.34;6
4.43;0.325;0.239;0.6;0.018;54.6;172.5;0.99287;3.16;0.42;11.12;5
5.99;0.331;0.399;7.93;0.009;37.4;160.0;0.99203;3.18;0.54;9.33;5
6.85;0.446;0.39;2.93;0.03;50.4;113.9;0.98937;3.37;0.48;11.31;6
7.89;0.262;0.223;4.56;0.051;2;187.9;0.99147;3.33;0.53;11.23;6
7.8;0.175;0.272;11.66;0.111;43.5;134.1;0.99412;3.06;0.32;8.13;5
6.36;0.439;0.24;4.63;0.056;47.9;97.0;0.99109;3.19;0.57;9.8;7
6.43;0.21;0.451;4.57;0.024;6.9;94.5;0.99402;3.13;0.4;9.83;6
6.98;0.289;0.344;24.44;0.028;61.3;116.9;0.99759;3.25;0.61;9.95;6
6.12;0.495;0.318;7.32;0.034;16.2;116.5;0.99186;3.2;0.49;11.8;6
6.25;0.16;0.412;7.69;0.03;28.4;138.4;0.99487;3.37;0.51;8.97;6
7.14;0.37;0.254;2.64;0.021;70.2;146.2;0.9995;2.96;0.56;9.77;7
7.18;0.102;0.222;12.03;0.083;21.8;49.1;0.99471;3.25;0.58;10.0;5
6.28;0.284;0.441;2.48;0.041;49.6;127.1;0.99561;3.17;0.48;10.6;6
6.81;0.278;0.306;0.6;0.053;25.9;128.5;0.9965;3.25;0.38;9.81;8
6.72;0.288;0.139;4.69;0.042;43.0;95.5;0.99288;3.07;0.79;10.66;5
7.74;0.164;0.388;3.13;0.065;26.7;205.5;0.99287;3.06;0.43;9.55;5
7.75;0.37;0.035;3.58;0.043;65.4;104.3;0.99223;3.29;0.45;9.8;6
6.64;0.164;0.354;6.98;0.077;45.9;152.8;0.9935;3.35;0.32;12.45;5
7.58;0.169;0.517;2.66;0.058;18.7;98.5;0.99687;3.05;0.3;10.87;7
8.19;0.446;0.387;10.29;0.036;49.2;141.1;0.99379;3.03;0.39;11.58;5
6.37;0.394;0.246;4.61;0.062;29.0;182.2;0.99712;3.24;0.45;11.63;5
7.71;0.303;0.307;11.52;0.043;36.7;179.2;0.99558;2.89;0.3;12.69;5
7.78;0.205;0.182;4.68;0.059;35.2;164.3;0.99831;2.91;0.35;8.95;6
6.68;0.227;0.456;2.67;0.023;40.6;64.8;0.99734;3.17;0.57;10.17;6
6.27;0.292;0.242;1.66;0.046;53.5;130.9;0.99447;3.0;0.49;8.27;7
6.86;0.453;0.302;6.59;0.013;20.5;274.5;0.99229;3.05;0.56;11.47;7
7.92;0.179;0.529;4.87;0.044;32.4;109.6;0.99478;3.34;0.74;9.94;6
7.12;0.222;0.433;13.42;0.049;22.0;77.3;0.99264;3.22;0.39;10.79;6
7.98;0.066;0.457;4.55;0.041;59.2;74.7;0.99243;2.95;0.37;8.78;8
6.44;0.238;0.243;0.6;0.047;37.7;73.5;0.99499;3.06;0.48;9.39;6
7.49;0.372;0.534;0.6;0.07;39.2;135.4;0.99337;3.27;0.53;12.12;6
7.17;0.326;0.359;10.33;0.06;36.2;184.8;1.00083;3.25;0.22;10.82;7
7.02;0.406;0.416;0.6;0.093;65.7;134.3;0.99219;3.34;0.56;10.42;7
6.86;0.229;0.189;9.35;0.022;31.0;136.2;0.98976;3.11;0.18;10.47;6
7.77;0.229;0.427;10.23;0.053;51.5;115.8;0.99666;3.35;0.44;8.53;6
8.27;0.207;0.363;14.08;0.026;27.5;213.4;0.99193;3.42;0.34;8.54;6
6.42;0.199;0.368;6.5;0.027;63.3;137.9;0.98965;3.18;0.35;12.02;5
7.02;0.228;0.451;7.8;0.071;31.1;177.1;0.99232;3.2;0.43;10.39;7
7.54;0.286;0.188;12.92;0.041;2;128.0;0.99612;3.17;0.5;9.89;6
6.07;0.347;0.407;3.06;0.062;24.0;150.3;0.99299;3.42;0.34;11.17;5
8.38;0.326;0.281;10.07;0.073;28.5;177.0;0.99721;3.49;0.52;8.83;7
6.3;0.176;0.444;5.05;0.061;20.8;153.5;0.99188;2.89;0.61;8.0;7
7.04;0.422;0.354;9.84;0.043;44.3;159.0;0.99645;3.23;0.24;10.79;6
6.98;0.281;0.378;6.74;0.028;28.5;117.2;0.99341;3.4;0.52;8.81;6
6.33;0.322;0.172;0.95;0.044;22.2;160.4;1.00035;3.18;0.47;9.76;6
5.22;0.362;0.222;5.89;0.02;42.8;170.3;0.99254;3.41;0.36;11.92;5
5.07;0.162;0.369;12.16;0.075;37.3;225.5;0.99277;3.56;0.44;11.0;7
6.64;0.296;0.503;4.51;0.075;26.1;89.9;0.99308;3.24;0.49;11.47;6
7.66;0.275;0.342;9.31;0.033;49.8;168.4;0.99618;3.04;0.49;10.6;6
6.35;0.349;0.26;0.6;0.046;22.7;119.9;0.99384;3.23;0.63;11.09;6
6.94;0.229;0.479;2.2;0.063;43.5;39.6;0.99417;3.31;0.51;8.33;5
8.2;0.365;0.155;0.6;0.061;18.9;209.9;0.99389;3.26;0.53;11.39;8
6.44;0.171;0.224;1.31;0.055;8.4;110.7;1.00255;3.18;0.66;11.68;5
5.58;0.309;0.526;4.9;0.048;19.1;110.9;0.99344;3.2;0.54;11.95;5
6.87;0.378;0.301;9.1;0.079;16.7;136.9;0.99382;3.23;0.4;10.03;5
6.2;0.284;0.238;7.96;0.023;46.6;166.2;0.99346;3.32;0.46;10.95;5
7.22;0.181;0.364;8.17;0.009;26.9;164.6;0.99185;3.21;0.5;10.02;5
6.27;0.371;0.311;10.05;0.066;52.5;140.2;0.98986;3.14;0.4;10.44;7
8.0;0.206;0.208;8.54;0.054;44.2;115.5;0.99832;3.27;0.63;8.0;6
6.99;0.279;0.458;8.47;0.06;45.1;174.4;0.98767;3.3;0.4;10.95;7
6.34;0.38;0.272;6.25;0.034;24.7;54.2;0.99925;3.08;0.39;10.0;8
8.08;0.244;0.494;7.07;0.054;21.7;157.9;0.99531;3.13;0.61;9.03;7
6.3;0.32;0.458;0.6;0.08;36.1;146.1;0.99831;3.36;0.39;10.71;5
7.37;0.106;0.491;5.56;0.031;49.8;167.4;0.99623;3.2;0.57;10.72;6
6.95;0.344;0.212;0.6;0.023;4.8;144.6;0.9943;3.09;0.55;10.81;6
6.4;0.082;0.277;8.87;0.035;9.6;126.7;0.99771;3.08;0.44;11.11;5
6.57;0.483;0.457;2.36;0.037;33.2;105.5;0.99422;3.3;0.54;10.59;6
6.68;0.173;0.398;8.5;0.033;31.0;148.6;0.98813;3.41;0.2;12.48;5
7.89;0.434;0.161;6.64;0.081;64.4;157.7;0.99364;3.28;0.14;12.39;6
8.53;0.127;0.11;7.15;0.026;43.8;132.3;0.9963;3.24;0.69;11.66;7
7.61;0.203;0.264;2.25;0.034;2;188.7;0.99552;3.03;0.38;11.75;6
8.77;0.194;0.391;9.89;0.044;8.0;115.1;0.98889;3.09;0.54;10.26;5
7.76;0.246;0.383;12.23;0.055;34.1;133.0;0.99595;3.4;0.51;8.07;4
5.6;0.461;0.409;6.04;0.024;31.4;145.6;0.99587;3.19;0.44;9.69;5
7.66;0.09;0.194;8.34;0.02;30.8;152.9;0.99592;3.01;0.52;12.75;5
5.58;0.293;0.253;10.07;0.064;16.4;39.5;0.99361;3.23;0.44;12.27;6
4.89;0.201;0.444;2.73;0.06;25.9;106.4;0.99124;3.08;0.55;9.42;5
6.31;0.139;0.36;7.9;0.034;63.6;130.5;0.99464;3.34;0.38;9.64;6
5.48;0.501;0.231;0.6;0.037;72.7;87.4;0.99298;3.17;0.5;10.4;8
5.46;0.253;0.307;8.47;0.068;50.0;185.7;0.9959;3.24;0.39;11.75;6
6.73;0.345;0.491;11.83;0.033;15.4;136.4;0.99548;3.32;0.55;11.95;5
7.48;0.338;0.295;10.27;0.085;2;187.9;0.99508;3.05;0.46;9.74;8
6.83;0.225;0.16;12.72;0.048;43.7;149.9;0.99455;3.11;0.47;10.86;5
7.04;0.149;0.386;2.54;0.037;46.7;123.0;0.99327;3.25;0.42;9.12;4
8.45;0.373;0.566;7.1;0.047;20.0;148.5;0.98868;3.21;0.6;11.9;6
4.08;0.201;0.434;2.02;0.055;34.2;169.7;0.99561;3.16;0.59;13.11;6
6.89;0.164;0.433;9.33;0.035;51.1;165.8;0.99745;3.33;0.47;9.25;5
7.15;0.269;0.368;0.6;0.051;38.5;159.2;0.98946;3.2;0.69;9.49;6
7.23;0.113;0.516;18.96;0.036;52.7;189.1;0.99181;3.48;0.35;8.9;6
6.1;0.251;0.095;17.36;0.08;17.8;235.6;0.99593;3.25;0.48;9.91;5
7.1;0.197;0.266;9.65;0.033;41.3;224.0;0.99044;2.87;0.58;8.19;6
7.15;0.454;0.474;11.6;0.046;23.3;117.4;0.99811;3.11;0.37;10.14;7
6.89;0.289;0.578;16.27;0.068;46.0;152.0;0.99313;3.26;0.5;10.31;5
6.66;0.327;0.394;6.78;0.055;58.3;120.7;0.99206;3.06;0.57;10.68;5
6.18;0.229;0.384;3.05;0.074;39.5;96.4;0.98894;3.49;0.38;10.35;6
7.28;0.476;0.424;0.6;0.062;43.7;166.7;0.99834;3.4;0.54;12.52;5
8.13;0.239;0.46;0.6;0.044;96.8;123.9;0.99627;3.06;0.56;10.19;5
8.24;0.304;0.565;0.6;0.009;41.8;123.5;0.99509;3.22;0.57;10.05;5
4.81;0.25;0.243;3.69;0.032;24.2;158.8;0.99595;3.13;0.38;11.94;6
8.14;0.199;0.383;6.65;0.03;62.1;115.0;0.99332;3.45;0.52;10.53;5
7.02;0.236;0.304;3.12;0.096;30.5;162.4;0.9953;3.09;0.34;10.41;6
5.37;0.279;0.315;0.6;0.047;25.5;82.8;0.99016;3.15;0.45;9.52;6
7.86;0.32;0.343;2.77;0.056;36.0;110.6;0.99023;3.4;0.46;8.17;5
6.97;0.27;0.419;15.89;0.042;47.2;100.9;0.99029;3.27;0.65;10.9;6
5.83;0.424;0.275;9.25;0.025;7.1;54.1;0.99461;3.6;0.59;10.75;4
6.29;0.32;0.302;4.0;0.066;18.7;118.0;0.99097;3.0;0.4;11.74;5
7.32;0.049;0.444;7.34;0.057;30.7;168.9;0.99497;3.17;0.38;9.27;5
6.82;0.377;0.22;9.64;0.035;13.7;165.4;0.99633;3.26;0.46;12.74;6
7.9;0.211;0.441;4.28;0.044;15.0;183.8;0.99141;3.01;0.48;10.35;6
5.63;0.291;0.284;15.62;0.085;43.5;95.9;0.99046;3.09;0.54;10.03;7
7.18;0.341;0.428;8.61;0.034;36.1;203.4;0.99407;3.28;0.37;9.36;6
8.02;0.142;0.418;2.39;0.009;34.5;165.8;0.9949;3.02;0.47;9.74;5
6.49;0.219;0.241;6.63;0.055;31.0;192.4;0.99108;3.3;0.5;12.12;7
7.09;0.271;0.45;4.53;0.046;31.7;104.5;0.98947;3.54;0.29;8.0;5
8.29;0.233;0.37;16.52;0.016;6.6;174.7;0.99103;3.01;0.66;9.93;6
5.96;0.412;0.301;0.6;0.066;40.1;165.0;0.99116;3.11;0.52;12.45;5
8.28;0.235;0.478;9.3;0.063;42.9;209.7;0.99775;3.39;0.56;10.8;5
6.91;0.159;0.481;16.21;0.058;16.9;169.7;0.99944;3.11;0.56;8.72;7
7.07;0.326;0.324;3.21;0.076;6.2;68.7;0.99213;3.06;0.48;9.87;5
5.39;0.297;0.13;3.32;0.039;39.2;120.9;0.98544;3.24;0.63;10.26;6
5.9;0.264;0.376;9.56;0.069;33.9;189.3;0.99274;3.33;0.62;8.81;7
6.73;0.288;0.378;9.28;0.056;64.5;101.5;0.99249;3.42;0.3;9.91;7
6.31;0.261;0.108;0.6;0.013;46.0;140.9;0.99553;3.21;0.57;11.38;5
7.09;0.372;0.537;5.9;0.051;57.1;69.3;0.99663;3.2;0.5;11.66;6
6.41;0.275;0.361;10.2;0.041;10.4;140.2;0.9933;3.1;0.47;9.99;8
6.35;0.494;0.434;5.57;0.019;12.6;141.2;0.99229;3.16;0.42;11.71;6
4.3;0.347;0.244;8.29;0.027;65.2;166.4;0.99332;3.44;0.53;9.57;7
7.44;0.473;0.429;5.27;0.032;41.4;128.0;0.98608;2.99;0.46;8.65;8
7.97;0.269;0.29;9.45;0.025;24.2;126.3;0.98831;3.19;0.53;8.8;8
6.94;0.521;0.35;0.6;0.049;39.6;181.0;0.99547;3.01;0.67;8.71;5
7.74;0.22;0.399;7.18;0.057;41.5;123.8;1.00203;3.15;0.58;8.0;5
6.15;0.165;0.498;2.64;0.08;65.6;111.1;0.99036;3.1;0.37;12.74;6
7.63;0.223;0.292;4.38;0.071;2;197.1;0.99124;3.32;0.51;8.78;6
6.48;0.328;0.248;10.8;0.043;53.8;113.1;0.98944;3.09;0.54;8.19;6
7.46;0.057;0.325;10.84;0.03;58.8;208.5;0.99397;3.14;0.3;11.11;5
6.03;0.382;0.628;5.64;0.096;11.1;69.0;1.00067;3.13;0.64;9.67;6
7.05;0.2;0.265;5.16;0.062;46.7;101.3;0.99403;3.17;0.32;13.89;5
7.37;0.427;0.173;15.47;0.067;21.3;187.0;0.99801;3.26;0.53;10.57;5
7.31;0.036;0.241;11.13;0.053;35.5;172.7;0.99463;3.42;0.52;10.47;6
7.64;0.145;0.476;2.63;0.101;41.1;101.6;0.99362;3.21;0.63;10.45;6
7.39;0.2;0.421;10.5;0.099;51.7;73.9;0.99312;2.99;0.38;11.75;5
7.38;0.416;0.2;4.03;0.055;32.0;125.9;0.9927;3.06;0.48;10.74;5
6.76;0.296;0.522;0.6;0.069;43.9;179.2;0.99538;3.13;0.77;8.42;6
6.99;0.229;0.385;7.58;0.009;17.0;92.1;0.99806;3.03;0.54;11.28;6
6.61;0.298;0.132;16.32;0.067;47.2;168.5;0.99284;3.09;0.44;10.63;6
5.65;0.282;0.242;2.06;0.095;24.8;131.2;0.99488;3.16;0.66;11.67;5
6.44;0.296;0.505;3.64;0.041;54.8;120.0;0.98862;3.3;0.62;10.5;6
6.11;0.262;0.241;13.23;0.009;54.1;108.4;0.99184;3.49;0.4;10.03;6
6.92;0.153;0.405;4.16;0.074;31.2;116.7;0.99205;3.18;0.29;10.27;7
6.86;0.279;0.196;2.57;0.018;5.0;149.2;0.99605;3.06;0.53;11.97;5
6.78;0.334;0.376;7.89;0.035;33.3;175.3;0.99667;3.04;0.53;10.97;6
6.01;0.25;0.358;1.2;0.027;6.3;84.8;0.99696;3.44;0.59;11.66;6
7.07;0.384;0.427;1.93;0.05;34.0;150.4;0.99098;3.27;0.41;11.8;7
7.64;0.116;0.417;8.77;0.012;17.0;73.6;0.9932;3.21;0.46;11.45;6
8.68;0.231;0.43;6.25;0.031;50.0;197.1;0.98809;3.56;0.59;12.56;6
6.82;0.115;0.573;6.23;0.064;16.3;81.0;0.99181;2.9;0.4;12.54;5
5.94;0.368;0.039;7.12;0.042;63.3;133.8;0.9967;3.07;0.63;8.0;7
7.18;0.246;0.26;10.04;0.016;36.7;137.8;0.99623;3.11;0.73;10.5;7
7.09;0.129;0.482;16.25;0.02;39.2;118.7;0.98901;3.0;0.51;9.32;6
5.32;0.398;0.283;16.11;0.044;53.4;85.9;0.99206;3.06;0.42;11.02;7
7.24;0.162;0.352;3.22;0.014;41.0;120.0;0.99751;3.03;0.34;12.67;5
6.5;0.267;0.299;13.07;0.039;29.0;150.2;0.9919;3.33;0.58;9.51;6
7.47;0.367;0.247;8.4;0.075;34.6;59.7;0.99862;3.07;0.53;11.65;7
5.84;0.244;0.397;11.29;0.051;51.4;158.5;0.99294;3.2;0.45;10.03;5
6.77;0.26;0.412;7.76;0.057;23.5;137.7;0.99342;3.26;0.68;10.27;8
7.35;0.136;0.248;6.59;0.028;31.1;191.2;0.99647;3.27;0.4;9.98;6
7.74;0.375;0.441;15.13;0.031;41.7;140.6;1.0032;3.01;0.45;13.18;5
6.78;0.393;0.252;8.12;0.051;54.3;199.6;0.99578;3.02;0.76;8.58;8
6.19;0.219;0.217;8.62;0.035;30.6;51.4;0.99092;3.28;0.36;10.88;7
7.78;0.185;0.109;5.7;0.059;18.6;138.1;0.99062;3.22;0.44;11.97;6
7.44;0.303;0.413;0.6;0.064;21.6;187.6;0.99803;3.39;0.49;11.0;6
6.07;0.363;0.3;8.1;0.068;28.2;122.3;0.99683;3.02;0.42;12.5;6
6.68;0.226;0.519;4.1;0.048;15.7;190.2;0.99077;3.32;0.39;11.71;5
5.4;0.336;0.464;3.58;0.051;22.2;140.9;0.99471;3.05;0.46;10.24;4
5.61;0.417;0.369;0.6;0.083;3.5;118.6;0.9953;3.19;0.44;10.16;6
7.39;0.296;0.341;8.41;0.047;50.3;109.6;0.99491;3.22;0.32;9.26;5
6.5;0.176;0.41;6.16;0.028;51.0;186.3;0.99645;3.21;0.6;12.11;6
7.06;0.399;0.232;8.84;0.048;28.9;170.7;0.98942;3.37;0.54;10.36;5
7.09;0.289;0.32;4.62;0.033;19.1;121.3;0.99346;3.32;0.46;12.62;8
6.4;0.518;0.346;4.23;0.013;81.6;136.7;0.99448;3.29;0.56;9.29;6
8.4;0.331;0.373;4.76;0.059;25.8;150.1;0.99554;3.38;0.21;9.97;7
6.52;0.421;0.277;5.38;0.109;25.3;153.0;0.99225;3.27;0.45;9.3;6
7.43;0.406;0.537;0.6;0.043;50.7;124.2;0.9884;3.22;0.45;11.44;4
5.69;0.335;0.038;5.27;0.054;30.2;167.4;0.99533;3.22;0.64;9.92;7
8.34;0.235;0.144;11.69;0.059;49.4;152.8;0.98873;3.15;0.4;12.36;8
6.22;0.197;0.256;8.63;0.032;2;137.0;0.99214;3.28;0.36;12.41;5
6.24;0.464;0.339;1.38;0.069;17.8;122.7;0.9911;3.38;0.61;8.11;7
6.93;0.274;0.263;6.8;0.036;51.6;174.7;0.99463;3.13;0.77;11.6;4
7.73;0.332;0.358;1.96;0.051;32.7;162.1;0.99706;2.91;0.42;10.34;5
7.08;0.225;0.587;9.8;0.036;65.0;225.1;0.99389;3.27;0.32;11.74;4
5.59;0.241;0.36;4.88;0.053;24.2;108.1;0.99016;3.5;0.46;9.72;6
7.19;0.308;0.333;7.53;0.052;31.5;76.2;0.99527;3.25;0.5;10.44;8
6.67;0.244;0.313;5.14;0.009;27.4;145.9;0.99678;2.97;0.52;10.82;7
8.23;0.151;0.459;4.6;0.029;48.9;170.9;0.99472;3.21;0.52;9.26;5
7.31;0.182;0.337;3.93;0.044;2;184.7;0.99411;3.08;0.5;8.0;6
6.75;0.165;0.391;1.15;0.057;40.8;95.2;0.98943;3.21;0.44;10.07;7
6.27;0.254;0.282;5.08;0.061;75.4;118.0;0.99306;3.08;0.59;11.03;6
7.57;0.296;0.459;11.69;0.009;30.4;202.1;0.99757;3.05;0.63;11.63;5
5.58;0.178;0.4;0.6;0.02;14.2;69.0;0.99086;3.38;0.48;12.06;5
7.53;0.284;0.118;9.67;0.052;37.7;142.5;0.99322;3.17;0.36;12.3;5
7.62;0.321;0.22;0.6;0.044;18.3;139.2;0.99507;3.47;0.34;8.63;6
5.66;0.237;0.444;13.22;0.024;19.2;155.6;0.99704;3.17;0.53;9.44;7
8.08;0.202;0.066;16.21;0.06;47.2;179.3;0.99365;2.85;0.51;11.13;5
5.76;0.344;0.252;11.91;0.009;49.7;116.7;0.99353;3.4;0.24;9.48;7
7.65;0.083;0.426;1.85;0.081;53.9;190.3;0.99182;3.17;0.55;10.88;4
6.94;0.182;0.43;0.6;0.039;47.7;132.0;0.99269;2.93;0.23;9.32;6
6.8;0.313;0.303;2.2;0.033;21.1;123.5;0.99002;3.32;0.36;11.43;6
6.31;0.322;0.26;0.6;0.074;31.2;184.9;0.99325;3.16;0.54;9.57;6
6.88;0.356;0.474;6.93;0.041;34.6;164.4;0.99143;2.83;0.78;13.46;5
6.91;0.435;0.232;8.42;0.039;7.5;70.3;0.99236;3.34;0.47;11.31;6
7.01;0.155;0.378;10.32;0.027;49.0;64.0;0.99395;3.06;0.53;10.54;6
6.98;0.37;0.307;4.33;0.065;45.6;147.8;0.99586;3.33;0.59;11.23;6
5.75;0.03;0.225;13.06;0.091;69.1;91.5;0.9908;3.34;0.38;10.74;6
6.95;0.298;0.284;14.33;0.051;44.3;94.2;0.99341;3.16;0.44;13.86;5
5.82;0.338;0.378;3.38;0.049;16.3;131.0;0.9924;3.22;0.35;11.79;6
6.16;0.088;0.318;8.3;0.073;44.8;171.5;0.99641;3.03;0.46;10.79;6
6.63;0.294;0.424;8.48;0.05;27.3;80.7;0.99459;3.17;0.54;9.58;7
6.03;0.085;0.229;3.19;0.058;40.6;171.5;0.99673;3.16;0.47;10.03;5
6.8;0.191;0.656;3.73;0.036;76.5;118.2;0.99352;3.37;0.52;10.26;5
7.22;0.225;0.13;8.58;0.041;15.0;155.7;0.99094;3.21;0.53;13.83;6
6.92;0.287;0.46;14.24;0.047;47.3;78.7;0.99352;3.2;0.66;8.92;5
7.79;0.157;0.211;6.91;0.049;64.8;141.0;0.99417;3.47;0.72;9.1;6
6.77;0.305;0.264;6.4;0.059;38.0;111.1;0.99849;2.9;0.32;10.94;6
7.8;0.391;0.309;0.6;0.038;42.5;23.6;0.99517;3.27;0.58;9.25;4
4.79;0.079;0.236;5.28;0.015;35.3;119.3;0.99428;3.14;0.38;11.77;6
7.51;0.382;0.21;14.28;0.022;18.2;167.9;0.99585;3.18;0.46;10.14;6
7.64;0.246;0.542;7.15;0.081;15.5;45.5;0.99383;3.49;0.59;10.13;6
6.87;0.31;0.398;4.07;0.027;31.6;138.2;0.99286;3.17;0.43;10.72;6
7.78;0.359;0.42;0.6;0.032;39.5;153.1;0.99428;3.24;0.63;12.06;7
6.88;0.336;0.272;18.82;0.011;30.4;134.3;0.99708;2.86;0.6;9.6;5
5.55;0.367;0.072;3.63;0.011;42.6;148.2;0.99479;3.24;0.52;12.39;6
6.82;0.136;0.425;5.08;0.064;12.8;70.4;0.9895;3.22;0.49;10.78;6
5.33;0.212;0.369;12.39;0.074;23.9;89.8;0.99984;3.19;0.54;8.32;6
7.69;0.196;0.336;10.01;0.034;54.2;124.6;0.9953;3.17;0.41;9.54;6
6.74;0.337;0.562;4.6;0.035;20.6;169.9;0.99661;2.88;0.31;10.5;5
7.41;0.336;0.323;7.77;0.085;15.0;206.5;0.99083;3.21;0.59;10.72;4
7.71;0.213;0.307;1.38;0.076;17.9;115.5;0.99685;3.07;0.55;11.77;6
7.63;0.177;0.136;4.94;0.055;55.9;102.4;0.99327;3.3;0.38;10.02;6
6.01;0.195;0.461;8.3;0.069;55.6;105.1;0.99442;3.16;0.5;9.68;5
8.18;0.171;0.32;9.67;0.039;17.7;167.4;0.99443;3.3;0.54;11.13;6
6.85;0.156;0.408;10.03;0.063;23.2;93.9;0.99398;2.9;0.4;10.94;6
6.82;0.223;0.403;0.6;0.037;27.8;184.0;0.9982;3.08;0.56;9.1;6
5.68;0.295;0.456;6.52;0.054;37.5;157.5;0.99122;3.16;0.6;11.28;6
5.87;0.24;0.541;0.6;0.028;58.2;140.6;0.99146;3.25;0.37;8.35;5
8.69;0.196;0.334;8.09;0.02;38.6;133.3;0.99701;3.02;0.3;10.16;6
5.19;0.381;0.521;10.13;0.036;39.2;118.1;0.99207;3.03;0.25;10.4;6
6.98;0.248;0.346;3.06;0.099;68.7;87.0;0.99769;2.94;0.63;11.79;6
7.11;0.234;0.223;14.87;0.022;38.2;121.0;0.99288;3.09;0.42;9.62;7
6.41;0.312;0.717;4.23;0.06;28.2;117.8;0.99765;3.11;0.65;9.06;6
8.44;0.308;0.312;4.98;0.059;15.6;138.6;0.99472;3.14;0.51;10.5;6
6.33;0.083;0.416;15.44;0.069;23.0;131.3;0.99129;2.93;0.35;9.44;7
6.88;0.308;0.421;10.61;0.055;16.0;235.9;0.99879;3.14;0.53;9.89;5
6.98;0.235;0.42;4.52;0.052;72.4;141.1;1.00181;3.44;0.71;9.55;6
7.03;0.261;0.419;5.81;0.034;30.7;101.0;0.99094;3.23;0.61;9.8;6
6.58;0.432;0.268;15.99;0.022;38.5;133.9;0.99826;3.1;0.55;10.0;7
6.52;0.27;0.19;4.15;0.03;33.1;136.0;0.9879;3.29;0.47;10.1;4
5.88;0.222;0.315;9.42;0.017;34.2;139.0;0.99693;3.19;0.55;9.22;6
6.83;0.387;0.3;8.45;0.009;42.5;118.5;0.99285;3.18;0.43;11.49;6
6.13;0.239;0.42;1.33;0.045;48.6;227.8;0.99352;3.15;0.54;11.78;5
8.0;0.348;0.287;5.21;0.022;64.1;150.6;0.99025;3.3;0.66;11.37;6
6.31;0.225;0.276;11.36;0.046;10.5;133.7;0.99665;3.36;0.51;12.5;5
6.82;0.239;0.327;7.96;0.051;16.3;175.9;0.99765;3.31;0.57;10.96;6
7.83;0.259;0.361;11.94;0.053;34.3;216.5;0.99611;2.99;0.54;12.37;6
6.41;0.368;0.285;7.51;0.069;40.9;167.8;0.99119;2.98;0.55;10.46;5
8.06;0.484;0.186;6.54;0.045;55.1;79.5;0.99449;3.26;0.28;10.6;6
7.99;0.189;0.338;4.13;0.016;18.1;97.7;0.99501;3.11;0.44;10.27;6
6.42;0.338;0.48;0.6;0.031;31.9;98.1;0.99388;3.5;0.45;10.93;7
7.27;0.277;0.311;0.6;0.07;53.6;173.7;0.9924;3.15;0.6;9.93;7
8.16;-0.001;0.445;5.13;0.038;45.9;154.2;0.99372;3.07;0.37;10.58;6
6.53;0.161;0.161;4.0;0.065;64.9;169.6;0.99398;2.89;0.37;11.7;5
7.34;0.108;0.351;3.36;0.027;32.7;96.4;0.99152;3.4;0.35;9.52;7
5.61;0.287;0.338;8.29;0.054;26.0;183.7;0.99046;2.94;0.51;9.72;6
8.65;0.282;0.508;0.6;0.024;50.7;164.3;0.99736;2.97;0.31;9.73;7
5.64;0.128;0.336;8.75;0.009;51.4;222.7;0.99248;3.04;0.51;10.97;7
7.19;0.344;0.374;0.6;0.067;53.8;94.9;0.99511;3.21;0.54;11.18;6
6.31;0.259;0.544;12.34;0.069;25.7;162.1;0.99785;3.15;0.68;10.15;6
6.01;0.168;0.321;6.2;0.009;17.5;172.8;0.98949;2.98;0.55;11.26;7
6.09;0.226;0.226;2.81;0.074;59.0;161.3;0.99539;3.14;0.7;11.93;7
7.19;0.261;0.204;5.3;0.071;35.0;108.5;0.99286;3.26;0.39;8.06;6
7.64;0.334;0.151;2.87;0.01;61.9;125.1;0.99624;3.23;0.49;10.58;5
7.69;0.27;0.242;10.4;0.038;17.5;85.1;0.99609;3.23;0.23;9.62;5
7.56;0.37;0.467;2.14;0.048;36.7;99.9;0.99157;3.24;0.68;10.78;6
6.87;0.311;0.387;0.6;0.015;47.1;187.4;0.99714;2.99;0.32;11.74;7
5.49;0.18;0.537;9.24;0.037;36.7;132.5;0.99575;3.48;0.45;11.98;3
5.82;0.285;0.183;0.6;0.055;44.5;208.6;0.99184;3.09;0.56;11.07;7
6.99;0.232;0.36;3.55;0.037;46.1;99.8;0.99349;3.24;0.58;11.43;7
6.04;0.162;0.214;8.27;0.055;57.1;181.8;0.99359;3.53;0.54;10.21;6
7.02;0.138;0.183;8.27;0.037;48.6;99.8;0.99843;3.22;0.35;10.6;6
5.82;0.316;0.191;6.07;0.045;47.2;113.4;0.99649;3.04;0.47;8.91;6
4.26;0.275;0.477;9.82;0.04;63.8;64.9;0.99107;3.12;0.56;9.95;7
6.19;0.228;0.625;17.21;0.07;10.8;148.2;0.99722;3.32;0.63;11.51;6
7.15;0.248;0.02;5.33;0.073;44.3;123.4;0.99246;3.46;0.43;12.08;7
7.29;0.102;0.25;2.11;0.029;42.6;80.7;0.99215;3.33;0.67;10.63;7
7.24;0.216;0.382;8.53;0.045;41.3;224.9;0.99452;3.14;0.63;11.74;6
6.04;0.367;0.43;6.99;0.04;37.3;105.3;0.99506;3.15;0.47;9.23;5
8.1;0.416;0.452;0.6;0.014;13.4;140.2;0.99901;3.36;0.46;10.17;8
7.64;0.427;0.295;6.02;0.016;12.3;81.2;0.99603;3.01;0.33;8.0;7
6.6;0.263;0.38;10.65;0.032;34.0;119.5;0.99067;3.21;0.58;11.89;5
8.61;0.281;0.183;7.65;0.081;40.5;136.9;0.99124;3.51;0.84;12.22;6
6.94;0.246;0.177;4.06;0.013;62.5;275.4;0.99502;3.2;0.53;10.74;7
7.09;0.245;0.245;11.69;0.011;46.9;115.6;0.9902;3.08;0.39;10.24;6
8.97;0.115;0.21;14.1;0.009;42.1;175.0;0.99332;3.17;0.72;10.66;7
6.92;0.356;0.287;4.49;0.076;65.4;66.8;0.99443;3.32;0.52;9.87;6
8.04;0.343;0.482;6.05;0.01;33.0;203.5;0.9938;3.45;0.61;11.32;4
7.73;0.377;0.269;10.77;0.044;43.0;222.2;0.9927;3.36;0.59;10.6;6
6.06;0.336;0.323;11.64;0.036;63.8;144.6;0.99228;3.12;0.25;11.12;7
8.24;0.505;0.352;10.42;0.046;44.8;134.5;0.99012;3.24;0.36;9.35;7
6.44;0.284;0.346;7.56;0.061;52.9;143.6;0.99374;3.42;0.51;8.56;5
8.0;0.17;0.456;15.79;0.088;44.0;88.6;0.99307;3.28;0.66;8.49;6
6.66;0.39;0.185;11.69;0.049;35.7;78.4;0.99171;3.33;0.41;10.71;4
7.58;0.313;0.456;12.04;0.014;49.4;196.3;0.99229;3.66;0.43;10.34;5
6.97;0.295;0.396;14.23;0.033;47.1;136.2;0.99358;3.25;0.57;9.94;7
6.1;0.291;0.198;11.77;0.013;33.8;150.1;0.99737;3.2;0.61;9.22;4
6.29;0.456;0.377;10.88;0.042;14.1;136.4;0.98974;3.07;0.55;10.86;5
6.97;0.208;0.244;0.6;0.052;20.9;123.0;0.99136;3.26;0.64;10.83;7
6.05;0.249;0.396;4.05;0.065;44.4;129.2;0.98807;3.11;0.52;11.47;6
6.82;0.357;0.494;5.65;0.038;19.8;142.0;0.99499;3.39;0.57;10.86;6
6.76;0.116;0.242;8.41;0.074;32.8;148.2;0.98964;3.38;0.55;12.38;6
7.28;0.302;0;0.6;0.032;45.4;158.3;0.99728;3.11;0.3;10.84;6
7.03;0.284;0.352;3.13;0.06;62.6;117.8;0.99623;3.12;0.64;10.86;6
7.37;0.309;0.407;11.8;0.021;18.5;166.6;0.98995;3.49;0.41;10.6;6
5.84;0.315;0.343;6.71;0.045;53.9;171.8;0.99746;3.53;0.48;10.24;6
6.67;0.291;0.133;0.6;0.037;23.4;145.1;0.99166;3.25;0.37;10.95;5
5.27;0.378;0.186;0.6;0.047;5.9;180.8;0.99442;3.09;0.66;9.82;5
7.1;0.262;0.285;12.12;0.041;47.4;154.5;0.98549;3.03;0.43;11.66;6
6.64;0.274;0.394;12.57;0.072;65.7;154.3;0.99596;3.05;0.34;10.9;6
6.64;0.211;0.558;15.54;0.025;55.7;136.5;0.99434;3.4;0.55;10.88;6
7.05;0.12;0.399;3.55;0.078;48.8;101.9;0.99251;3.36;0.53;10.78;5
6.92;0.258;0.381;16.2;0.061;45.7;155.4;0.99264;3.04;0.58;10.35;6
6.8;0.302;0.354;15.73;0.039;11.2;154.0;0.99512;3.31;0.53;12.95;5
7.26;0.415;0.493;9.79;0.059;32.4;174.9;0.99048;2.92;0.41;11.04;5
6.22;0.348;0.285;4.82;0.04;26.5;63.3;0.99727;3.23;0.57;11.63;4
6.81;0.183;0.282;0.6;0.024;29.6;154.2;0.9923;3.07;0.27;10.93;6
8.97;0.355;0.413;7.42;0.057;39.8;136.5;0.99617;3.03;0.45;10.94;5
7.43;0.212;0.508;10.09;0.038;45.2;132.7;0.99339;3.11;0.54;12.41;7
5.38;0.305;0.273;12.1;0.042;62.5;183.6;0.99177;3.37;0.4;11.05;5
8.27;0.333;0.386;20.43;0.066;30.9;133.1;0.99609;3.3;0.55;8.6;4
6.81;0.234;0.316;9.5;0.063;30.5;152.7;0.99266;3.36;0.44;9.73;6
8.28;0.24;0.348;10.24;0.009;2;165.4;0.9919;3.14;0.31;11.67;6
6.6;0.256;0.301;0.6;0.046;38.3;133.9;0.99405;3.2;0.42;11.31;6
5.76;0.238;0.316;6.89;0.01;16.8;139.4;0.99323;3.26;0.48;12.12;5
6.73;0.322;0.21;0.6;0.016;33.9;156.9;0.99263;3.25;0.59;11.9;6
9.3;0.175;0.315;0.6;0.031;52.7;135.9;0.98974;3.3;0.35;10.67;5
6.36;0.471;0.339;19.68;0.026;39.0;143.4;0.99474;3.45;0.44;11.36;6
6.67;0.351;0.377;0.6;0.037;8.0;207.8;0.99832;3.51;0.38;10.28;5
7.11;0.196;0.279;18.84;0.031;58.1;156.7;1.00072;2.94;0.47;9.39;6
7.72;0.261;0.391;5.03;0.035;38.2;137.2;0.99709;3.5;0.65;9.29;7
6.16;0.276;0.375;2.46;0.044;22.4;153.4;0.99951;3.26;0.38;11.16;5
7.68;0.316;0.391;10.57;0.021;67.2;156.8;0.9982;3.28;0.66;9.76;5
7.02;0.407;0.362;5.81;0.054;17.8;185.1;0.99586;3.25;0.65;10.27;6
5.83;0.239;0.21;4.57;0.035;27.6;178.8;0.98996;2.95;0.32;13.22;6
7.16;0.335;0.313;0.6;0.03;53.2;131.4;0.99825;3.36;0.54;8.0;5
6.7;0.379;0.463;4.34;0.044;56.9;122.4;0.99544;3.34;0.4;10.88;6
6.71;0.061;0;9.97;0.04;79.1;127.5;0.99247;3.15;0.47;10.55;6
7.6;0.198;0.383;8.32;0.035;48.0;154.4;0.99202;2.9;0.45;10.02;4
7.53;0.368;0.588;10.7;0.026;8.2;181.7;0.99776;3.36;0.65;12.14;7
5.41;0.246;0.428;15.57;0.06;8.1;199.4;0.99005;3.18;0.51;9.72;4
7.09;0.244;0.258;12.55;0.055;32.1;137.0;0.99367;2.98;0.38;10.79;5
6.73;0.244;0.375;4.44;0.049;35.6;118.7;0.99409;2.99;0.53;11.53;7
6.75;0.196;0.6;4.7;0.088;2;69.7;0.99592;3.28;0.29;10.37;6
6.17;0.25;0.472;11.59;0.022;14.4;103.7;0.99652;3.03;0.39;9.8;6
6.97;0.272;0.248;5.64;0.031;75.5;114.8;0.99311;3.19;0.42;8.95;5
6.73;0.253;0.161;11.05;0.022;2;168.0;0.99292;3.14;0.4;11.84;6
6.97;0.313;0.28;1.06;0.034;15.7;181.8;0.99764;3.3;0.25;11.7;7
6.08;0.183;0.319;6.5;0.04;25.4;143.8;0.99898;2.96;0.56;10.71;5
7.47;0.286;0.381;9.71;0.046;49.2;156.1;0.99181;2.98;0.55;8.58;5
7.14;0.312;0.469;6.35;0.058;30.6;107.6;0.99478;2.89;0.43;10.51;5
5.48;0.229;0.64;14.58;0.03;22.7;156.3;1.00144;2.93;0.54;10.73;6
5.75;0.25;0.262;8.47;0.043;32.8;79.5;0.99278;3.28;0.43;10.15;5
6.77;0.222;0.215;5.44;0.009;5.1;190.0;0.99768;3.2;0.65;11.05;7
7.65;0.206;0.188;0.6;0.037;23.2;211.3;0.99226;3.26;0.62;10.73;5
7.12;0.269;0.304;12.3;0.036;41.6;214.0;0.99461;3.14;0.33;9.77;6
7.53;0.482;0.347;0.6;0.057;62.1;177.0;0.99412;3.18;0.48;11.71;6
6.24;0.27;0.392;10.03;0.055;16.2;167.7;0.99369;3.09;0.45;9.34;7
7.03;0.348;0.31;0.6;0.056;28.8;73.0;0.99437;3.01;0.44;8.79;6
8.21;0.338;0.504;5.08;0.045;40.5;163.7;0.99094;3.2;0.44;9.76;5
7.67;0.22;0.212;5.71;0.06;51.7;132.5;0.99371;3.37;0.7;9.92;5
5.9;0.265;0.359;1.9;0.034;25.1;132.3;0.99176;3.18;0.43;9.96;6
6.28;0.403;0.368;14.8;0.072;43.0;198.8;1.0003;3.26;0.6;11.04;6
6.74;0.2;0.466;6.66;0.084;12.1;101.5;0.99435;3.58;0.55;11.69;6
7.19;0.183;0.367;4.74;0.009;50.1;174.6;0.98944;3.45;0.79;11.01;6
6.09;0.398;0.397;5.34;0.05;58.2;172.0;0.99551;3.23;0.49;10.48;5
8.76;0.455;0.356;5.34;0.012;24.5;175.5;0.99673;3.14;0.59;11.4;6
8.27;0.382;0.314;16.87;0.067;38.2;117.2;0.98645;3.31;0.61;10.71;6
5.92;0.185;0.312;8.02;0.048;57.0;147.0;0.99326;3.08;0.59;11.64;6
7.24;0.123;0.094;0.6;0.072;35.8;170.3;0.99369;2.91;0.45;10.77;7
6.77;0.348;0.196;7.05;0.019;35.8;78.5;0.99224;3.17;0.59;10.56;8
7.18;0.386;0.271;4.63;0.024;22.1;218.7;0.9956;3.13;0.24;8.0;5
7.3;0.336;0.447;6.52;0.061;19.0;158.3;0.99458;3.01;0.51;8.91;6
5.85;0.241;0.321;4.44;0.052;47.7;139.0;0.99363;3.09;0.54;11.38;5
7.54;-0.025;0.329;5.13;0.05;48.0;106.2;0.99172;3.34;0.4;12.5;5
6.93;0.289;0.318;0.6;0.068;18.2;100.7;0.99421;3.18;0.31;10.56;6
6.44;0.23;0.389;7.67;0.042;45.0;98.4;0.99452;3.15;0.59;12.99;6
7.32;0.188;0.371;0.6;0.05;37.6;161.8;0.9944;3.2;0.6;9.71;6
7.62;0.28;0.57;10.26;0.071;34.2;79.4;0.99338;3.31;0.46;11.7;6
7.12;0.273;0.056;8.84;0.026;60.4;127.9;0.99651;3.25;0.61;10.37;6
7.02;0.222;0.304;11.13;0.018;19.6;153.4;0.99469;3.25;0.68;12.31;7
5.91;0.366;0.317;1.94;0.08;32.9;212.7;0.99254;3.25;0.5;9.74;4
7.43;0.468;0.122;3.71;0.033;60.0;192.5;0.99283;3.16;0.52;9.82;6
5.27;0.231;0.2;6.69;0.019;43.2;142.9;0.99274;3.11;0.76;10.17;6
6.82;0.325;0.373;1.61;0.084;16.2;177.5;0.99093;3.25;0.44;10.43;7
5.7;0.155;0.225;3.05;0.097;44.5;149.2;0.99461;3.07;0.55;9.63;7
5.96;0.194;0.454;3.61;0.034;49.4;181.0;0.98996;2.84;0.52;12.16;7
7.27;0.162;0.531;11.8;0.042;58.3;167.1;0.99809;3.36;0.47;11.39;6
6.03;0.288;0.22;6.79;0.016;22.7;145.0;0.9955;3.3;0.46;9.38;6
6.28;0.182;0.261;3.76;0.067;66.0;129.5;0.99801;3.23;0.4;12.09;7
5.71;0.245;0.235;0.6;0.06;72.4;97.7;0.99348;3.06;0.43;10.4;6
7.27;0.218;0.397;1.26;0.039;2;133.3;0.9893;3.38;0.36;10.34;6
6.54;0.262;0.393;5.65;0.039;21.2;204.7;0.99514;3.04;0.38;9.67;5
5.48;0.258;0.466;1.79;0.052;31.4;206.1;0.99093;3.21;0.59;10.92;6
6.22;0.176;0.327;8.07;0.042;42.1;94.2;0.9913;3.32;0.44;11.85;5
6.89;0.085;0.244;7.1;0.069;57.5;120.2;0.99887;3.41;0.34;9.86;6
6.83;0.278;0.312;1.7;0.069;49.1;124.5;0.99215;3.26;0.34;11.74;7
6.77;0.399;0.096;12.17;0.046;39.3;65.8;0.99602;2.93;0.76;12.42;6
7.63;0.32;0.171;10.95;0.042;2.3;101.7;0.99562;3.2;0.57;9.73;6
6.63;0.29;0.619;12.08;0.077;53.0;185.4;0.99165;3.09;0.58;10.67;6
7.1;0.203;0.304;6.5;0.038;51.0;125.7;1.00143;3.19;0.58;9.48;5
6.56;0.365;0.42;11.67;0.088;16.3;71.0;0.99217;2.9;0.31;8.77;7
6.91;0.29;0.513;7.51;0.048;38.1;139.4;0.99696;3.4;0.52;9.46;6
7.37;0.5;0.402;0.6;0.019;46.6;207.4;0.99181;3.44;0.58;10.6;7
7.93;0.216;0.248;13.25;0.042;26.3;99.2;0.99545;3.31;0.35;11.12;7
7.67;0.403;0.29;11.77;0.014;40.1;217.3;0.9887;3.3;0.47;11.17;5
6.68;0.455;0.04;10.59;0.084;52.6;117.5;0.98693;3.4;0.34;12.32;5
6.11;0.246;0.357;7.8;0.073;58.1;162.1;0.9965;3.07;0.49;11.29;6
7.12;0.217;0.249;2.38;0.032;2;124.5;0.99888;3.34;0.61;12.44;6
7.39;0.27;0.21;3.94;0.025;33.5;151.5;0.99901;2.93;0.49;8.8;6
5.71;0.269;0.477;1.61;0.075;2;96.6;0.99866;3.18;0.56;8.33;6
5.27;0.337;0.203;12.4;0.016;23.3;98.7;0.99526;3.19;0.5;8.37;9
6.57;0.432;0.4;0.6;0.047;64.2;145.7;0.99069;3.18;0.54;11.24;6
6.31;0.427;0.158;8.93;0.059;36.6;75.0;0.99305;3.3;0.48;10.03;5
5.93;0.179;0.298;4.47;0.019;14.4;105.3;0.99727;3.22;0.61;9.48;5
8.16;0.246;0.423;1.59;0.099;24.7;120.1;0.99794;3.03;0.32;9.96;5
7.96;0.292;0.47;15.99;0.046;27.2;79.1;0.9994;3.37;0.45;10.62;6
8.58;0.287;0.36;14.7;0.055;16.1;84.5;0.99449;3.28;0.32;8.74;5
7.85;0.184;0.348;1.57;0.017;67.4;216.9;0.99375;3.29;0.43;9.3;6
6.86;0.39;0.264;9.16;0.108;36.9;169.8;0.99183;3.13;0.62;11.21;6
7.83;0.257;0.255;10.77;0.009;49.4;149.8;0.99041;3.33;0.35;9.22;6
6.46;0.314;0.255;3.21;0.051;32.6;123.5;0.99145;3.09;0.38;11.86;7
6.55;0.203;0.34;0.6;0.041;3.4;139.3;0.99126;2.99;0.57;9.99;6
6.11;0.453;0.172;0.6;0.063;42.4;91.0;0.99196;3.32;0.39;12.44;6
7.29;0.289;0.083;7.34;0.04;27.7;137.4;0.99933;3.15;0.47;9.52;6
7.01;0.152;0.166;9.77;0.038;46.3;137.6;0.99484;3.26;0.43;9.82;7
6.7;0.428;0.339;8.72;0.009;39.1;97.8;0.98991;3.25;0.49;11.27;6
7.05;0.394;0.245;8.32;0.044;11.0;185.6;0.99397;3.27;0.2;11.89;6
5.88;0.37;0.327;8.25;0.079;40.1;143.4;0.99587;3.11;0.58;12.43;6
6.76;0.397;0.448;13.07;0.024;37.0;138.7;0.9939;3.13;0.54;9.86;5
7.44;0.387;0.555;9.2;0.038;35.6;132.0;0.98788;3.16;0.4;11.99;4
6.52;0.241;0.482;5.21;0.038;23.6;140.1;0.99551;3.09;0.54;9.71;5
7.46;0.343;0.345;4.65;0.016;42.2;91.7;0.99418;2.99;0.46;11.07;5
7.04;0.333;0.36;1.72;0.03;34.2;197.5;0.99748;3.13;0.54;10.68;5
7.57;0.312;0.229;9.98;0.062;22.2;109.2;0.99769;3.05;0.52;8.37;7
5.89;0.3;0.502;9.45;0.032;12.1;102.0;0.99336;3.36;0.45;10.2;8
7.44;0.124;0.3;0.6;0.021;15.4;187.1;0.99268;2.91;0.43;10.17;5
7.39;0.365;0.337;7.28;0.063;38.5;170.7;0.99477;3.11;0.54;8.19;3
8.03;0.482;0.226;7.29;0.032;39.1;123.3;0.98999;3.28;0.3;11.6;6
7.32;0.253;0.382;8.09;0.036;46.7;135.9;0.99593;3.45;0.44;10.49;7
7.23;0.366;0.348;10.17;0.083;40.6;235.4;0.99637;3.36;0.42;12.73;8
6.59;0.487;0.355;1.05;0.044;32.5;119.3;0.99448;3.01;0.43;12.32;5
6.26;0.33;0.398;1.41;0.036;36.1;151.9;0.99506;3.13;0.52;8.09;8
6.14;0.398;0.136;17.28;0.046;72.4;123.2;0.99587;3.29;0.61;9.92;7
6.54;0.29;0.321;6.56;0.028;46.0;117.5;0.9921;3.47;0.48;11.63;5
7.41;0.413;0.17;0.6;0.059;42.2;182.8;0.99672;3.17;0.44;11.73;6
5.9;0.213;0.269;0.6;0.052;24.2;158.1;0.99145;2.94;0.65;12.44;8
7.14;0.193;0.19;6.31;0.041;32.7;206.3;0.99606;3.1;0.47;10.16;6
6.65;0.246;0.206;0.6;0.009;7.0;130.2;0.9898;3.21;0.57;9.68;6
6.06;0.209;0.472;8.37;0.05;19.6;91.7;0.99673;3.17;0.4;8.28;5
7.1;0.108;0.387;7.82;0.047;9.6;38.5;0.99014;3.21;0.48;11.3;6
8.11;0.212;0.502;4.98;0.05;52.9;56.4;1.00082;3.25;0.39;10.26;5
6.2;0.267;0.403;15.26;0.051;47.7;124.5;0.99442;3.37;0.49;8.89;6
7.27;0.35;0.287;13.09;0.083;33.5;204.5;0.99237;3.21;0.53;9.15;5
7.7;0.291;0.27;6.39;0.038;28.1;70.7;0.99314;3.16;0.49;10.17;6
5.67;0.224;0.443;10.28;0.076;49.5;147.6;0.99351;3.45;0.4;11.43;7
7.13;0.474;0.39;12.07;0.072;56.6;189.2;0.98845;3.07;0.56;10.42;5
7.49;0.09;0.42;6.22;0.095;20.1;146.2;0.99613;3.42;0.42;12.75;6
7.45;0.052;0.456;10.88;0.065;42.0;107.2;0.99454;3.16;0.43;9.47;6
6.6;0.416;0.365;3.08;0.073;13.8;208.3;0.99383;3.32;0.46;10.45;6
6.49;0.381;0.308;9.85;0.04;27.9;125.7;0.99425;3.08;0.47;9.92;5
7.41;0.429;0.229;10.61;0.036;25.6;240.8;0.99416;3.0;0.47;10.65;5
6.43;0.335;0.433;9.73;0.055;22.4;164.3;0.99545;3.39;0.61;10.33;5
6.67;0.227;0.214;7.64;0.077;32.4;122.7;0.99591;3.36;0.53;9.69;7
6.17;0.268;0.523;5.55;0.041;27.2;115.7;0.99425;3.03;0.54;11.37;6
7.3;0.344;0.332;6.63;0.044;13.7;103.7;0.99331;3.36;0.56;10.01;7
7.4;0.279;0.421;0.6;0.047;12.5;167.8;0.99727;3.34;0.52;11.3;6
5.84;0.202;0.513;14.03;0.053;35.9;182.8;0.99157;3.44;0.4;9.3;8
4.94;0.242;0.353;16.77;0.04;44.9;30.4;0.99857;3.06;0.45;8.75;5
6.51;0.153;0.309;14.22;0.049;50.6;138.4;0.99526;3.37;0.38;10.16;6
6.36;0.286;0.297;0.6;0.073;66.0;144.4;0.994;3.58;0.63;8.0;6
6.38;0.26;0.048;8.6;0.079;2;159.2;0.99286;3.24;0.48;11.64;8
7.86;0.332;0.212;4.32;0.063;13.5;186.7;0.99749;3.12;0.44;11.23;7
5.83;0.412;0.26;2.56;0.057;36.8;107.3;0.98996;3.07;0.38;11.51;6
6.17;0.184;0.275;3.22;0.033;56.1;160.5;0.99454;3.21;0.41;10.59;6
7.65;0.166;0.524;10.02;0.067;38.4;180.6;0.99478;3.37;0.31;8.88;5
6.22;0.223;0.483;4.79;0.043;37.8;101.3;0.99099;3.39;0.58;8.84;8
6.01;0.418;0.165;10.3;0.039;15.5;162.2;0.99278;3.13;0.61;10.87;6
5.58;0.27;0.298;2.61;0.075;4.3;152.6;0.99456;3.55;0.41;9.79;5
6.93;0.296;0.234;6.1;0.029;33.8;219.9;0.99235;3.15;0.59;12.99;6
5.75;0.376;0.516;0.6;0.032;35.8;152.6;0.99414;3.17;0.47;10.27;6
6.9;0.078;0.337;13.63;0.039;53.8;136.7;0.99227;2.99;0.41;9.77;8
8.02;0.183;0.423;2.6;0.079;39.3;129.2;0.9995;3.19;0.48;9.56;5
7.88;0.297;0.218;10.94;0.074;28.7;197.3;0.99187;2.95;0.49;10.4;8
6.24;0.386;0.584;9.06;0.035;38.3;113.0;0.98909;3.53;0.57;11.01;6
5.96;0.322;0.418;2.24;0.048;3.6;207.1;1.00094;3.09;0.39;10.29;5
6.65;0.272;0.157;0.6;0.043;31.2;122.3;0.99109;3.17;0.62;9.23;6
5.95;0.367;0.104;11.45;0.071;37.0;144.6;0.99475;3.0;0.58;9.55;5
7.0;0.173;0.169;3.88;0.056;53.8;99.6;0.99434;2.96;0.55;9.88;6
7.47;0.234;0.441;5.3;0.045;63.1;118.9;0.99314;3.58;0.42;10.62;6
7.56;0.193;0.362;7.38;0.065;40.5;134.1;0.99828;3.13;0.56;10.13;6
7.99;0.156;0.247;10.5;0.043;21.9;148.1;0.99742;3.35;0.42;11.3;6
6.98;0.342;0.493;8.12;0.041;42.2;156.6;0.99457;3.13;0.53;9.22;7
6.65;0.226;0.241;3.6;0.041;2;92.8;0.99285;3.09;0.55;10.21;5
6.39;0.181;0.465;5.05;0.069;46.0;181.5;0.99036;3.02;0.61;8.0;5
7.34;0.352;0.364;6.13;0.045;22.6;117.3;0.99477;3.25;0.48;12.38;6
6.76;0.354;0.081;0.6;0.037;53.6;121.7;0.99058;2.98;0.4;9.44;6
7.26;0.241;0.193;0.81;0.049;25.7;202.5;0.99299;3.18;0.48;11.0;6
6.52;0.233;0.504;9.59;0.065;11.6;131.9;0.99345;3.09;0.64;11.36;6
7.5;0.24;0.201;16.6;0.064;56.2;136.7;1.00019;3.04;0.39;9.46;8
5.83;0.325;0.162;13.68;0.057;41.1;108.0;0.99379;3.08;0.49;10.91;6
6.55;0.244;0.23;8.52;0.041;32.9;66.3;0.99667;3.18;0.47;9.7;7
6.75;0.246;0.333;2.2;0.035;53.5;201.2;0.99146;3.46;0.48;8.45;5
7.16;0.347;0.281;13.02;0.075;41.3;185.8;0.99592;3.22;0.33;10.89;7
7.8;0.398;0.448;7.76;0.054;2.6;77.4;0.99766;3.17;0.57;10.48;6
6.8;0.44;0.292;9.79;0.043;32.6;96.1;0.99673;3.26;0.58;12.52;6
5.32;0.283;0.308;8.37;0.038;2;131.1;0.99826;3.14;0.22;10.85;5
6.55;0.309;0.446;4.88;0.046;31.6;63.4;0.99292;3.32;0.37;11.63;6
7.99;-0.0;0.245;12.79;0.054;43.8;174.7;0.99458;3.17;0.38;10.86;6
6.28;0.479;0.145;13.37;0.045;51.5;139.4;0.98999;3.15;0.27;10.91;5
6.74;0.396;0.448;7.48;0.009;21.3;168.7;0.9939;3.0;0.73;9.31;6
7.43;0.436;0.414;0.6;0.03;12.9;90.5;0.99245;3.44;0.46;10.34;7
6.65;0.165;0.553;3.98;0.072;4.1;197.8;0.99409;3.18;0.43;10.47;6
6.82;0.354;0.34;10.04;0.032;60.0;184.7;0.99708;3.21;0.55;9.55;5
5.9;0.2;0.367;6.09;0.024;47.9;93.1;0.99642;3.36;0.35;10.34;5
6.36;0.31;0.418;11.48;0.049;27.2;86.7;0.99778;2.98;0.57;9.4;7
6.81;0.203;0.34;1.78;0.075;47.3;165.2;0.98852;3.27;0.48;12.74;6
7.34;0.421;0.475;7.74;0.073;19.0;52.9;0.99415;3.07;0.48;9.87;5
6.63;0.325;0.323;13.19;0.054;46.4;177.1;0.9977;3.2;0.45;11.3;6
6.94;0.335;0.306;4.77;0.035;27.3;105.8;0.99038;2.97;0.33;9.71;5
6.91;0.337;0.282;10.84;0.029;20.5;90.4;0.99612;3.37;0.38;10.2;7
8.2;0.23;0.587;0.6;0.033;57.2;72.6;0.98724;3.28;0.5;10.96;5
6.83;0.277;0.175;7.88;0.01;58.0;139.5;0.995;3.09;0.5;12.85;6
8.39;0.31;0.273;14.01;0.061;45.0;123.9;0.99465;3.27;0.42;12.01;6
5.95;0.298;0.188;8.17;0.044;9.3;155.6;0.99733;3.34;0.54;9.89;8
6.57;0.463;0.255;9.05;0.079;52.7;163.2;0.99568;3.15;0.54;11.47;8
6.12;0.354;0.491;7.54;0.032;2;143.6;0.9932;3.18;0.44;10.43;5
7.18;0.335;0.299;10.24;0.045;22.8;171.9;0.99838;3.23;0.44;9.82;6
7.92;0.191;0.277;9.73;0.074;21.1;117.6;0.99273;3.09;0.39;12.62;7
8.09;0.105;0.262;13.98;0.017;40.8;188.2;0.98682;3.17;0.38;11.8;6
7.25;0.149;0.224;13.64;0.014;21.9;112.2;0.9969;3.14;0.47;10.26;7
6.34;0.207;0.346;5.96;0.013;54.7;142.6;0.98832;3.08;0.6;11.07;7
6.14;0.276;0.293;2.62;0.039;7.4;167.4;0.99763;3.18;0.58;9.32;7
7.75;0.416;0.378;4.38;0.054;45.2;98.4;1.0005;3.06;0.56;10.51;7
6.5;0.192;0.391;0.6;0.043;59.1;158.4;0.98924;3.42;0.56;9.15;5
7.87;0.265;0.378;1.8;0.057;13.8;167.5;0.99827;3.23;0.41;10.1;5
6.52;0.372;0.243;6.78;0.031;41.4;182.7;0.98916;3.14;0.56;10.45;5
6.67;0.374;0.175;9.69;0.063;81.7;190.4;0.99369;3.24;0.37;8.26;6
7.32;0.179;0.191;15.19;0.043;24.6;180.9;0.99681;3.04;0.68;9.72;7
7.19;0.123;0.16;0.98;0.073;62.0;115.8;0.9976;3.62;0.61;12.6;6
6.27;0.236;0.293;5.84;0.017;44.3;113.0;0.99566;2.98;0.48;10.74;8
6.68;0.269;0.2;7.66;0.049;39.5;143.3;1.00177;3.63;0.63;10.23;4
5.92;0.368;0.387;5.55;0.044;15.8;125.4;0.98973;3.3;0.5;10.88;8
6.97;0.26;0.206;3.94;0.014;31.8;61.9;0.99561;3.14;0.64;10.82;5
6.65;0.177;0.423;7.77;0.051;39.6;218.2;0.99545;3.15;0.42;11.63;7
6.99;0.298;0.447;0.85;0.043;28.5;176.8;0.99717;3.21;0.59;10.27;5
7.61;0.359;0.308;8.01;0.023;47.9;187.6;0.99728;3.34;0.44;10.33;6
6.57;0.23;0.319;8.91;0.044;58.8;170.3;0.99621;3.4;0.54;9.73;6
6.36;0.226;0.39;6.92;0.081;2;170.9;0.99415;3.13;0.36;11.58;5
6.6;0.241;0.199;4.4;0.046;46.5;174.6;0.99367;3.22;0.43;9.67;7
6.84;0.193;0.479;7.16;0.045;30.9;89.2;0.99114;3.37;0.63;10.62;5
7.46;0.172;0.092;0.6;0.03;8.9;104.6;0.996;3.02;0.65;11.74;7
6.88;0.255;0.182;2.07;0.077;56.5;168.4;0.99148;3.06;0.14;8.96;7
6.21;0.203;0.22;0.6;0.061;33.7;100.2;0.98854;3.01;0.34;8.97;5
7.32;0.424;0.364;3.79;0.018;46.2;86.4;0.99448;3.14;0.34;11.94;7
5.57;0.082;0.259;8.27;0.048;37.5;83.8;0.99341;2.96;0.28;10.96;5
6.76;0.162;0.188;6.48;0.033;19.3;131.9;0.99398;3.42;0.49;12.58;6
8.45;0.315;0.169;13.16;0.063;43.7;120.2;0.99471;2.72;0.42;10.73;6
6.15;0.122;0.163;12.67;0.036;41.9;207.5;0.99678;3.36;0.41;12.47;6
6.57;0.137;0.492;0.6;0.072;3.9;106.0;0.997;3.14;0.53;10.85;8
6.8;0.276;0.336;7.57;0.017;25.0;60.9;0.98381;3.06;0.57;10.52;6
6.68;0.302;0.551;7.71;0.075;25.9;106.9;0.99038;3.34;0.41;9.39;4
6.68;0.187;0.306;6.2;0.086;42.7;193.9;0.99524;3.15;0.48;9.95;5
6.47;0.236;0.136;8.65;0.028;51.5;132.2;0.99172;3.24;0.54;8.96;6
7.1;0.088;0.325;11.65;0.029;45.6;120.4;0.99016;3.19;0.34;11.81;5
6.67;0.382;0.449;14.76;0.076;22.4;219.2;0.99486;3.36;0.49;10.72;5
7.72;0.241;0.292;15.83;0.026;2;143.2;0.99081;3.17;0.51;9.87;5
5.68;0.322;0.465;4.26;0.035;46.1;111.3;0.98993;3.26;0.46;9.95;5
6.27;0.421;0.336;12.88;0.06;37.8;112.9;0.99296;3.0;0.49;9.42;6
7.13;0.465;0.263;7.01;0.027;48.5;155.2;0.99375;3.42;0.58;10.38;6
6.88;0.281;0.367;7.45;0.01;27.1;132.1;0.992;2.9;0.43;11.21;5
7.27;0.356;0.227;8.63;0.032;59.2;179.9;0.99855;3.2;0.62;10.72;6
5.34;0.255;0.181;14.81;0.023;48.3;95.7;0.99402;3.07;0.71;11.35;6
7.03;0.273;0.145;12.5;0.023;12.9;163.0;0.99529;3.25;0.28;11.01;6
6.7;0.286;0.314;13.67;0.05;31.6;137.0;0.99342;3.3;0.38;9.8;6
8.27;0.251;0.392;11.63;0.061;26.6;186.8;0.99632;2.89;0.6;9.28;7
7.58;0.158;0.242;7.65;0.057;56.9;149.9;0.99434;3.2;0.58;10.03;6
6.98;0.254;0.415;5.63;0.031;27.1;97.4;0.99459;3.45;0.39;9.15;7
5.95;0.27;0.368;14.57;0.027;24.2;138.8;0.99259;3.14;0.33;11.2;4
7.84;0.248;0.492;2.45;0.025;38.2;114.6;0.99489;3.33;0.53;10.36;5
8.96;0.241;0.504;12.38;0.01;36.7;180.6;0.98773;3.14;0.52;8.64;7
8.08;0.139;0.328;3.4;0.046;25.0;202.7;0.99563;3.07;0.59;11.69;6
6.22;0.415;0.481;2.82;0.04;48.8;104.7;0.99792;3.33;0.39;11.39;5
8.48;0.271;0.673;13.27;0.044;43.8;141.4;0.99381;3.39;0.46;10.74;6
6.23;0.329;0.363;14.03;0.042;23.6;193.9;0.99605;3.24;0.61;8.88;8
7.09;0.146;0.188;4.23;0.013;2;127.9;0.99496;3.21;0.45;8.81;5
8.73;0.223;0.316;10.77;0.058;54.1;89.5;0.9914;3.19;0.58;11.23;6
7.15;0.234;0.313;1.43;0.016;32.9;115.4;0.99205;3.32;0.56;10.07;7
7.39;0.297;0.223;12.37;0.023;10.5;96.3;0.99511;3.06;0.52;12.64;5
6.86;0.278;0.195;12.43;0.029;48.4;112.3;0.99597;3.23;0.54;9.86;8
7.33;0.304;0.332;10.51;0.083;34.4;176.2;0.99577;3.22;0.65;8.73;6
7.36;0.107;0.323;7.22;0.034;27.6;79.7;0.99074;3.28;0.61;11.2;6
6.27;0.128;0.292;6.68;0.033;43.9;147.2;0.99362;3.08;0.49;11.54;4
7.27;0.273;0.291;5.99;0.033;18.0;165.0;0.99572;3.47;0.42;11.97;7
7.28;0.182;0.335;15.59;0.023;28.5;113.9;0.99557;3.27;0.56;12.59;5
6.83;0.327;0.386;4.92;0.091;39.2;86.9;0.99462;3.04;0.36;12.28;6
7.37;0.264;0.365;13.81;0.024;37.6;69.3;0.99544;3.04;0.67;12.64;6
6.98;0.443;0.294;10.14;0.043;12.9;157.0;0.99255;3.32;0.41;13.29;5
7.9;0.318;0.233;8.12;0.065;22.2;98.1;0.99613;3.16;0.42;9.4;7
5.63;0.518;0.354;5.62;0.021;40.2;52.8;0.99567;3.33;0.48;11.41;6
7.24;0.246;0.425;2.36;0.058;22.5;126.9;0.99197;3.06;0.36;10.48;7
7.04;0.171;0.212;9.41;0.036;29.7;169.1;0.9971;2.97;0.64;11.14;8
6.74;0.487;0.343;2.11;0.022;44.8;112.2;0.98798;2.92;0.29;10.26;6
6.65;0.108;0.482;12.84;0.009;40.0;161.1;0.99088;3.25;0.58;11.37;6
4.86;0.307;0.552;11.81;0.079;59.8;176.9;0.99811;3.27;0.75;11.01;6
6.34;0.242;0.335;13.58;0.05;36.8;154.8;0.99346;3.12;0.29;11.63;6
6.21;0.318;0.278;1.86;0.042;14.9;77.3;0.99173;2.85;0.52;11.45;6
8.06;0.325;0.456;13.44;0.041;49.3;173.7;0.99037;2.93;0.37;10.08;8
6.04;0.305;0.172;8.92;0.018;32.7;115.7;0.99441;3.05;0.52;11.95;8
8.71;0.25;0.311;15.28;0.045;46.0;204.8;0.99455;3.35;0.49;11.48;8
5.16;0.306;0.346;0.6;0.035;47.5;222.1;0.9937;3.37;0.44;11.02;6
6.18;0.331;0.023;5.28;0.048;11.5;155.2;0.99804;3.16;0.52;9.97;5
7.89;0.102;0.307;10.01;0.053;51.5;127.1;0.99666;3.48;0.47;11.4;6
6.7;0.266;0.14;10.14;0.078;45.1;143.5;0.9984;3.12;0.3;11.15;6
6.56;0.407;0.148;0.6;0.049;6.8;107.9;0.99439;3.14;0.37;9.54;6
7.65;0.233;0.392;16.89;0.058;39.1;110.2;0.99296;3.33;0.55;10.1;6
5.86;0.3;0.199;0.6;0.049;55.2;143.9;0.99823;3.4;0.21;10.11;6
7.52;0.296;0.313;0.6;0.077;35.6;64.0;0.99722;2.99;0.34;9.82;6
6.8;0.257;0.573;18.61;0.038;57.9;185.2;0.99019;3.43;0.6;10.41;5
7.5;0.288;0.164;12.93;0.055;2;147.9;0.99767;3.26;0.52;11.87;7
8.46;0.407;0.349;9.22;0.024;24.3;71.2;0.99109;2.96;0.37;11.65;3
7.06;0.191;0.152;13.38;0.041;53.7;120.3;0.99114;3.26;0.53;10.48;6
6.68;0.295;0.342;10.75;0.051;34.4;163.3;0.99199;3.31;0.48;10.31;7
6.92;0.284;0.274;9.15;0.033;50.6;116.5;0.99702;3.1;0.51;11.05;7
8.64;0.477;0.323;10.92;0.024;17.1;98.5;0.99124;3.2;0.36;10.46;6
6.45;0.486;0.32;6.87;0.039;43.5;114.9;0.99308;3.36;0.25;12.04;6
8.45;0.3;0.227;11.26;0.032;32.3;65.1;0.99786;3.5;0.48;11.79;6
6.78;0.31;0.365;13.82;0.021;41.1;206.8;0.99694;3.21;0.51;11.52;6
8.07;0.262;0.445;2.76;0.047;36.2;128.8;0.99361;3.26;0.54;11.03;8
7.98;0.347;0.349;7.67;0.027;25.8;149.2;0.99079;3.61;0.32;9.76;6
8.37;0.239;0.1;3.9;0.037;57.1;180.5;0.99483;2.97;0.43;8.98;5
8.98;0.144;0.445;8.54;0.061;55.2;63.7;0.99189;3.06;0.57;8.0;5
7.9;0.347;0.357;9.63;0.047;35.8;65.1;0.99357;3.32;0.54;10.68;6
5.87;0.171;0.206;5.13;0.053;3.2;134.6;0.99139;2.93;0.32;12.24;5
6.67;0.217;0.323;13.14;0.084;41.5;115.2;0.99069;3.32;0.48;11.81;6
6.3;0.102;0.355;0.6;0.02;24.6;130.7;0.99725;3.21;0.5;11.0;5
8.3;0.242;0.188;10.31;0.039;50.3;121.6;0.9909;2.83;0.45;11.21;8
7.1;0.262;0.224;0.6;0.009;41.1;139.7;0.99525;3.22;0.45;8.64;5
6.89;0.273;0.477;5.19;0.024;56.7;202.5;0.9977;3.27;0.48;10.84;7
7.45;0.438;0.344;5.42;0.065;20.6;218.6;0.99308;3.05;0.44;11.55;5
6.62;0.511;0.234;0.6;0.033;9.5;95.9;0.99273;3.46;0.57;9.13;5
6.05;0.325;0.408;1.0;0.047;62.4;195.0;0.99118;3.56;0.59;12.22;5
6.21;0.329;0.347;0.6;0.039;38.9;194.4;0.99788;2.99;0.58;10.35;6
7.19;0.274;0.328;13.72;0.06;40.3;202.7;0.99637;3.31;0.54;9.52;6
8.06;0.266;0.399;4.57;0.016;28.0;166.0;0.99381;3.12;0.49;10.57;7
7.53;0.332;0.462;6.39;0.029;30.7;129.7;0.99757;3.17;0.67;10.46;6
8.2;0.292;0.222;11.58;0.075;19.7;131.8;0.99763;3.36;0.55;9.63;6
7.3;0.288;0.359;3.15;0.046;26.5;232.4;0.99943;3.11;0.46;10.87;7
6.3;0.368;0.432;1.96;0.069;5.7;111.5;0.99594;3.0;0.44;10.08;5
5.4;0.211;0.376;5.26;0.057;26.4;140.6;0.9932;3.3;0.23;10.08;6
6.58;0.264;0.468;15.48;0.023;18.9;113.1;0.99447;3.16;0.54;9.34;5
5.78;0.243;0.435;0.6;0.048;48.0;135.9;0.99207;3.56;0.53;10.0;6
7.13;0.291;0.486;13.94;0.047;38.2;150.3;0.99472;2.94;0.59;10.91;6
7.48;0.129;0.359;0.6;0.009;18.0;183.7;0.99036;3.02;0.72;8.5;4
6.38;0.189;0.325;0.6;0.009;58.8;82.9;0.99467;3.53;0.43;10.13;6
6.11;0.118;0.416;9.48;0.053;53.8;142.8;0.99172;3.24;0.4;9.57;6
6.7;0.215;0.202;4.01;0.068;29.1;188.1;0.99179;3.16;0.59;9.34;6
5.62;0.309;0.373;12.42;0.079;50.6;70.4;0.9988;3.15;0.67;12.91;6
6.31;0.248;0.177;0.6;0.053;56.2;149.4;0.99196;3.43;0.65;11.75;6
6.57;0.412;0.145;0.6;0.052;50.2;115.1;0.99054;3.2;0.78;13.16;7
5.28;0.175;0.35;3.94;0.009;36.7;177.2;0.99686;3.34;0.42;9.99;7
7.58;0.227;0.379;5.28;0.06;54.0;88.7;0.99227;3.44;0.18;9.7;6
6.76;0.083;0.125;9.48;0.019;40.4;132.8;0.99456;3.12;0.4;9.91;5
5.74;0.469;0.297;0.6;0.04;34.2;153.1;0.99341;2.91;0.51;8.86;5
6.64;0.346;0.27;4.24;0.009;62.5;126.3;0.99763;2.76;0.73;9.91;6
6.96;0.176;0.415;5.88;0.011;26.6;110.3;0.99167;3.23;0.22;12.14;6
6.54;0.315;0.481;1.66;0.047;59.4;179.4;0.99617;3.25;0.36;9.92;7
7.75;0.328;0.392;2.76;0.073;46.5;110.3;0.99187;3.02;0.47;10.28;6
6.91;0.243;0.47;1.88;0.061;14.5;60.1;0.99964;3.22;0.49;9.94;7
6.89;0.367;0.417;12.94;0.039;43.7;155.4;0.99202;3.09;0.43;10.72;5
5.86;0.409;0.396;4.85;0.052;28.9;79.2;0.99482;3.11;0.57;11.62;7
6.45;0.288;0.133;7.31;0.064;26.2;137.6;0.99509;3.27;0.53;10.66;6
7.56;0.22;0.221;7.69;0.05;40.4;169.1;0.98998;3.16;0.35;9.01;6
7.42;0.285;0.407;12.86;0.052;81.2;132.1;0.99374;3.05;0.43;8.0;5
7.2;0.365;0.529;6.45;0.091;44.6;92.7;0.99673;3.07;0.32;9.72;5
7.75;0.253;0.279;1.06;0.063;34.6;158.1;0.99375;2.92;0.54;8.73;4
5.97;0.229;0.332;2.13;0.067;29.7;139.2;0.99593;3.23;0.44;11.85;5
6.63;0.183;0.447;9.26;0.072;55.7;147.2;0.99325;3.24;0.46;12.69;5
6.94;0.301;0.455;0.6;0.054;64.7;183.3;0.99493;3.23;0.55;8.84;7
7.09;0.429;0.14;0.6;0.031;21.2;141.3;0.99108;3.15;0.66;11.56;8
6.51;0.173;0.422;2.26;0.052;54.9;148.7;0.99327;3.41;0.62;11.63;6
7.01;0.067;0.193;1.65;0.042;44.7;133.1;0.99135;3.22;0.46;12.69;7
6.35;0.323;0.372;10.17;0.037;19.7;138.3;0.9948;3.38;0.27;10.21;6
6.0;0.274;0.227;4.26;0.069;35.7;200.7;0.99308;3.17;0.66;12.27;6
7.58;0.324;0.431;0.6;0.034;58.7;160.0;0.99475;3.07;0.41;10.6;6
5.64;0.242;0.489;15.08;0.057;41.4;183.4;0.99807;3.23;0.27;11.94;4
7.59;0.284;0.375;0.6;0.048;53.9;165.8;0.99863;3.1;0.54;8.79;6
9.14;0.232;0.531;14.32;0.018;54.9;167.4;0.99624;3.12;0.42;11.07;7
6.4;0.176;0.388;7.48;0.056;16.7;168.0;0.99582;3.14;0.32;11.91;5
8.83;0.081;0.168;6.6;0.034;40.7;119.2;0.99182;3.34;0.6;11.08;7
4.94;0.309;0.44;9.07;0.04;26.2;97.5;0.98876;3.45;0.4;11.71;7
6.24;0.288;0.462;0.6;0.046;37.7;200.8;0.99592;3.22;0.52;9.76;6
5.92;0.367;0.232;12.16;0.055;50.7;97.0;0.99359;3.0;0.47;12.13;6
7.01;0.28;0.361;7.49;0.057;38.1;138.3;0.99492;3.34;0.53;9.59;7
6.06;0.191;0.342;9.97;0.052;22.7;126.1;0.99209;3.03;0.51;11.54;5
8.26;0.303;0.394;0.6;0.065;21.6;137.6;0.9919;3.14;0.37;10.52;7
5.81;0.174;0.354;0.6;0.041;2;115.0;0.99389;3.11;0.65;11.77;5
8.51;0.466;0.323;4.57;0.039;50.2;114.7;0.99715;3.27;0.38;9.73;6
5.98;0.203;0.356;6.77;0.052;51.7;149.0;0.99551;3.18;0.59;10.89;6
6.38;0.272;0.454;6.69;0.058;27.7;74.6;0.99674;3.48;0.57;11.15;6
7.01;0.303;0.472;10.39;0.012;21.4;177.0;1.00041;3.06;0.53;12.07;6
7.48;0.227;0.133;6.81;0.047;11.7;181.9;0.99285;3.38;0.47;11.03;5
5.48;0.361;0.531;6.63;0.033;51.3;172.2;0.99043;2.98;0.59;11.68;8
6.32;0.313;0.362;8.72;0.04;45.2;139.0;0.99388;3.11;0.45;9.03;8
6.47;0.362;0.451;8.13;0.052;57.2;112.4;0.99093;3.45;0.49;11.85;6
6.68;0.099;0.452;2.07;0.07;35.4;121.6;0.99683;3.15;0.56;9.05;6
6.82;0.224;0.084;16.45;0.02;25.6;157.9;0.98964;3.25;0.42;9.5;5
5.66;0.163;0.039;5.7;0.056;19.6;160.5;0.99646;3.31;0.51;8.59;5
7.01;0.319;0.374;10.34;0.056;33.6;126.5;0.99008;2.79;0.53;12.18;7
7.6;0.08;0.209;6.23;0.061;27.8;144.0;0.99189;3.02;0.43;11.19;6
8.21;0.293;0.347;12.11;0.065;37.6;135.1;0.99136;3.32;0.47;9.77;6
7.1;0.258;0.417;2.12;0.009;2;71.0;1.00021;3.12;0.3;12.44;5
6.32;0.367;0.432;8.82;0.042;87.4;141.0;0.99828;2.87;0.48;10.25;7
7.21;0.03;0.248;5.33;0.034;18.3;170.0;0.99009;3.1;0.56;9.97;6
6.65;0.221;0.231;6.06;0.014;41.5;46.7;0.99769;3.44;0.47;9.75;5
5.99;0.274;0.218;4.53;0.075;46.6;160.8;0.99402;3.35;0.55;11.01;6
5.5;0.349;0.175;10.38;0.051;29.6;202.5;0.99731;3.14;0.57;10.27;6
6.9;0.329;0.114;4.88;0.052;22.1;138.7;0.99809;3.2;0.58;9.9;5
7.2;0.301;0.389;0.6;0.01;16.5;116.5;0.99146;3.2;0.43;9.4;5
6.34;0.319;0.351;0.6;0.059;61.5;166.8;0.9963;3.28;0.25;11.48;6
6.35;0.419;0.161;3.61;0.029;36.0;205.8;0.98999;3.12;0.45;9.9;5
7.33;0.366;0.317;11.44;0.046;41.9;150.8;0.99298;3.01;0.46;8.0;5
6.1;0.21;0.412;1.63;0.041;53.3;163.5;0.99014;3.13;0.47;12.48;6
8.27;0.204;0.253;0.6;0.065;38.3;175.6;0.99244;3.35;0.42;10.4;7
7.54;0.39;0.204;9.06;0.08;14.5;150.1;0.9967;3.12;0.33;10.08;6
6.58;0.361;0.242;6.47;0.067;59.4;110.6;0.99307;3.12;0.41;12.04;8
7.04;0.43;0.375;11.27;0.036;35.2;117.9;0.99436;3.24;0.39;10.92;6
8.01;0.141;0.623;0.6;0.015;41.6;96.5;0.99023;3.1;0.32;10.48;6
6.25;0.261;0.387;0.6;0.042;9.0;101.0;0.99366;3.14;0.45;8.84;6
6.22;0.257;0.415;3.89;0.072;42.7;155.3;0.99606;3.24;0.44;8.0;4
5.53;0.39;0.494;15.26;0.009;22.3;127.4;0.99403;3.45;0.52;11.5;6
7.9;0.165;0;7.24;0.032;35.1;185.7;0.98998;3.38;0.5;10.15;6
8.54;0.232;0.184;3.42;0.032;58.1;148.5;0.994;3.15;0.39;11.61;6
5.17;0.254;0.471;12.5;0.009;29.5;213.8;0.99786;3.34;0.47;12.43;5
7.31;0.296;0.357;7.75;0.058;47.0;139.7;0.99194;3.28;0.5;10.37;6
6.61;0.368;0.406;14.2;0.022;13.1;158.0;0.99661;3.24;0.45;10.98;6
7.29;0.406;0.329;19.26;0.021;36.0;143.0;0.99142;3.3;0.45;11.3;5
7.47;0.311;0.253;12.18;0.027;21.3;128.4;0.99362;3.04;0.72;11.62;5
6.71;0.343;0.396;7.29;0.051;37.9;126.5;0.99445;3.05;0.32;9.45;7
5.68;0.37;0.363;6.25;0.03;74.2;135.5;0.99654;3.31;0.25;10.77;8
7.23;0.431;0.17;0.6;0.044;30.5;142.5;0.98832;3.25;0.46;10.38;8
6.38;0.191;0.228;10.56;0.058;53.3;143.2;0.99468;3.27;0.52;11.99;6
8.09;0.27;0.373;7.79;0.048;31.6;170.0;0.98747;3.36;0.68;11.88;7
6.32;0.429;0.331;13.73;0.026;56.0;201.2;0.99488;3.03;0.55;9.9;6
6.4;0.415;0.47;2.45;0.038;21.0;177.7;0.99224;3.25;0.59;9.18;6
6.26;0.272;0.355;9.7;0.068;33.5;197.5;0.99507;3.21;0.38;9.23;5
7.1;0.28;0.224;0.61;0.031;24.1;87.2;0.99447;3.11;0.55;9.65;6
7.78;0.454;0.25;16.15;0.053;23.4;142.0;0.99568;3.14;0.24;12.91;7
7.52;0.251;0.218;0.6;0.036;14.5;92.8;0.99662;3.16;0.41;9.06;6
6.48;0.276;0.306;17.87;0.047;61.5;130.9;0.99961;3.0;0.42;8.83;5
6.27;0.46;0.267;6.54;0.039;37.2;192.6;0.99696;3.08;0.28;8.0;6
7.33;0.355;0.504;2.07;0.052;28.4;123.6;0.99485;2.94;0.3;8.43;6
6.68;0.268;0.409;6.09;0.042;27.8;195.9;0.99538;3.36;0.63;11.17;6
7.01;0.228;0.291;1.17;0.081;27.9;173.8;0.99571;3.17;0.5;10.92;5
6.92;0.173;0.492;3.11;0.054;61.0;145.6;0.99231;3.31;0.56;9.11;6
7.25;0.322;0.383;5.72;0.059;42.4;114.9;0.98984;3.43;0.45;11.14;6
6.28;0.352;0.292;8.8;0.034;30.3;173.0;0.99294;3.03;0.4;10.4;5
6.14;0.279;0.192;13.87;0.028;25.2;150.7;0.99035;3.25;0.44;8.29;6
6.24;0.319;0.183;6.07;0.107;5.5;86.5;0.99553;3.3;0.43;8.54;5
6.88;0.093;0.244;7.94;0.043;8.5;153.8;0.98806;3.02;0.52;10.17;6
6.39;0.211;0.609;19.83;0.033;52.8;224.6;0.99411;3.06;0.54;9.2;5
6.11;0.274;0.297;7.68;0.013;33.7;141.1;0.99685;3.15;0.29;10.41;7
6.64;0.277;0.298;11.44;0.048;20.1;176.2;0.99072;3.3;0.63;11.12;5
7.48;0.296;0.113;3.48;0.041;46.4;76.4;0.99346;3.47;0.72;10.18;5
6.22;0.281;0.386;5.77;0.064;20.6;131.3;0.99985;3.1;0.42;12.01;7
7.57;0.251;0.534;2.9;0.04;50.0;134.9;1.00128;2.92;0.51;11.94;6
5.78;0.218;0.201;2.17;0.046;17.2;79.7;0.99989;3.38;0.41;9.6;5
6.4;0.247;0.162;5.23;0.056;61.4;141.2;0.99519;3.22;0.4;8.72;6
6.89;0.227;0.296;13.13;0.048;53.1;190.9;0.9946;3.12;0.23;12.24;5
7.26;0.366;0.331;6.48;0.015;55.2;175.4;1.00021;2.96;0.69;11.41;6
5.4;0.288;0.404;17.16;0.067;34.5;136.0;0.99219;3.32;0.5;11.97;5
6.95;0.379;0.412;0.6;0.032;24.0;157.0;0.99727;3.23;0.4;10.89;4
6.55;0.314;0.395;6.27;0.06;38.7;106.7;0.99639;3.18;0.49;11.19;7
6.07;0.424;0.329;16.23;0.054;5.0;192.0;0.99186;3.25;0.52;11.65;5
7.12;0.207;0.387;3.78;0.057;23.3;145.0;0.9912;3.28;0.37;11.24;5
7.64;0.161;0.425;8.25;0.055;15.1;102.2;0.99528;3.06;0.38;8.22;6
6.69;0.286;0.259;5.92;0.042;36.8;153.0;0.99588;3.28;0.34;12.21;7
7.05;0.19;0.454;7.55;0.017;20.3;202.3;0.99464;3.3;0.48;11.32;6
6.27;0.199;0.366;10.97;0.069;15.8;130.8;0.99858;3.2;0.63;8.61;6
7.07;0.406;0.337;13.92;0.066;25.3;76.8;0.99809;3.32;0.5;11.9;5
6.61;0.227;0.362;10.2;0.051;41.4;143.9;0.99373;2.94;0.53;11.67;6
7.41;0.219;0.281;6.23;0.021;44.8;81.9;0.99662;2.99;0.59;13.3;5
7.8;0.315;0.491;14.49;0.037;54.7;101.8;0.99;3.24;0.45;8.38;6
6.93;0.446;0.478;1.45;0.033;36.8;127.7;0.99358;3.27;0.73;8.0;6
8.31;0.294;0.236;1.92;0.055;47.0;148.8;0.99452;3.38;0.63;8.81;5
5.18;0.247;0.295;0.6;0.047;36.4;149.3;1.00052;3.16;0.59;8.81;6
7.48;0.416;0.243;1.82;0.054;73.1;107.7;0.99372;2.94;0.49;12.17;5
7.19;0.417;0.585;3.76;0.018;2;85.4;0.99298;3.23;0.4;11.4;6
6.63;0.293;0.371;8.21;0.048;37.1;171.6;0.99029;2.97;0.56;9.31;5
5.91;0.353;0.463;12.22;0.069;47.0;113.7;0.99307;3.14;0.5;11.45;6
5.61;0.238;0.557;5.45;0.032;55.5;145.9;0.99287;3.25;0.41;13.15;5
6.14;0.248;0.598;0.6;0.028;20.6;153.1;0.99235;3.21;0.52;10.27;6
7.02;0.195;0.375;8.11;0.058;20.3;87.1;0.99232;3.45;0.41;9.37;5
8.37;0.226;0.509;3.54;0.06;48.2;153.1;0.99291;3.31;0.45;9.1;6
6.43;0.191;0.159;13.38;0.069;19.8;163.8;0.99261;3.36;0.47;9.84;5
6.68;0.219;0.285;0.6;0.058;50.0;126.0;0.98991;3.16;0.36;10.62;9
6.82;-0.058;0.3;0.6;0.046;45.1;137.2;0.99579;3.09;0.67;11.06;7
5.57;0.243;0.247;9.8;0.056;43.3;161.7;0.99619;3.07;0.57;11.57;7
6.22;0.224;0.351;4.94;0.026;5.5;141.1;0.99619;3.37;0.41;9.7;6
5.93;0.209;0.358;4.79;0.053;50.8;138.5;0.98627;3.12;0.39;10.8;7
8.0;0.168;0.619;4.06;0.051;41.4;77.7;0.99074;3.21;0.38;10.86;6
7.03;0.29;0.179;4.11;0.021;33.4;120.1;0.99499;3.24;0.64;10.02;5
7.98;0.404;0.312;2.79;0.067;53.6;114.9;0.99502;3.08;0.36;8.57;6
4.87;0.303;0.26;4.78;0.078;28.5;67.7;0.99005;3.26;0.46;12.8;7
6.58;0.216;0.309;10.34;0.056;57.8;149.8;0.98822;3.33;0.37;12.27;6
7.52;0.293;0.45;7.14;0.064;38.8;200.0;0.99151;3.01;0.5;9.76;5
5.24;0.275;0.311;0.6;0.055;41.5;160.1;0.99304;2.92;0.5;11.73;6
6.53;0.328;0.366;10.3;0.023;4.1;136.8;0.9962;3.42;0.58;10.49;6
6.95;0.303;0.215;10.86;0.054;20.7;159.7;0.99058;3.49;0.63;9.2;6
6.46;0.358;0.411;7.44;0.04;51.8;171.0;0.99628;3.23;0.68;10.17;6
6.53;0.31;0.391;3.7;0.031;45.3;120.0;0.99424;3.22;0.49;9.56;6
7.42;0.193;0.353;0.6;0.02;11.2;148.0;0.98835;3.1;0.33;11.04;7
6.82;0.152;0.371;1.8;0.065;42.9;200.6;0.98875;3.35;0.59;11.15;6
7.08;0.391;0.319;12.69;0.077;54.4;170.0;0.99325;3.18;0.69;8.28;6
7.63;0.31;0.337;7.52;0.083;42.2;113.3;0.99061;3.4;0.42;12.69;6
9.2;0.189;0.543;7.85;0.027;46.1;77.8;0.99348;3.33;0.54;9.3;5
5.61;0.434;0.372;5.89;0.034;43.4;235.2;0.99396;3.26;0.45;11.71;8
6.47;0.274;0.461;12.01;0.019;47.6;169.3;0.99304;3.05;0.33;10.59;6
6.71;0.37;0.337;0.6;0.047;21.1;141.2;0.9894;3.02;0.64;10.26;6
9.33;0.18;0.243;3.79;0.057;63.6;179.1;1.00065;3.1;0.65;10.95;5
6.85;0.158;0.043;7.48;0.067;42.9;168.1;0.99605;3.02;0.69;9.43;7
6.52;0.414;0.447;5.48;0.013;33.3;164.9;0.99677;3.19;0.45;9.65;7
4.61;0.337;0.471;8.7;0.049;31.9;149.0;0.9919;2.94;0.46;13.31;6
5.31;0.378;0.294;3.3;0.074;7.9;161.4;0.99033;3.25;0.5;9.1;5
6.66;0.053;0.216;0.99;0.081;45.6;124.6;0.99679;3.27;0.6;9.73;8
7.22;0.371;0.237;13.6;0.059;53.5;114.0;0.99198;3.07;0.57;8.0;6
7.0;0.446;0.45;10.27;0.024;30.7;79.3;0.99568;3.37;0.42;10.1;7
7.14;0.221;0.282;8.86;0.039;31.2;186.1;0.99138;3.02;0.44;10.03;6
7.23;0.488;0.35;6.47;0.07;59.5;177.9;0.99331;3.08;0.42;9.59;6
8.22;0.169;0.346;0.6;0.076;61.5;155.8;0.99249;3.26;0.46;10.18;5
5.61;0.375;0.571;14.42;0.062;53.6;172.8;0.99353;3.13;0.42;9.0;4
6.89;0.133;0.254;11.06;0.075;38.3;87.1;0.99328;3.17;0.61;10.17;7
7.9;0.168;0.466;4.57;0.039;30.0;131.0;0.99966;3.03;0.41;8.63;6
7.04;0.324;0.324;0.69;0.06;45.0;169.0;0.99525;3.3;0.53;10.28;4
5.92;0.359;0.258;1.92;0.046;36.2;133.0;0.99306;3.11;0.48;9.22;6
5.92;0.276;0.287;8.64;0.047;20.1;131.9;0.99413;3.35;0.53;10.53;4
7.33;0.28;0.457;12.68;0.057;50.2;179.4;0.98863;3.23;0.48;12.19;5
7.64;0.317;0.324;11.86;0.032;50.4;155.6;0.99479;3.3;0.48;10.44;6
5.72;0.31;0.523;0.7;0.106;47.1;131.2;0.99651;3.43;0.59;10.73;7
5.98;0.124;0.262;2.12;0.068;34.9;161.2;0.99794;3.15;0.41;12.04;5
6.47;0.294;0.446;2.91;0.055;28.0;99.7;0.99921;3.24;0.34;10.38;5
7.06;0.252;0.53;8.11;0.041;2;125.8;0.99567;3.29;0.54;8.84;5
6.16;0.049;0.096;0.6;0.091;35.7;107.6;1.00158;3.14;0.44;11.2;5
8.97;0.361;0.423;3.82;0.07;26.5;138.7;0.99323;3.1;0.51;10.51;5
7.26;0.451;0.395;9.1;0.05;18.0;76.8;0.9962;3.24;0.41;9.77;6
6.79;0.263;0.335;12.35;0.03;66.3;160.3;0.99303;3.34;0.64;10.83;6
6.14;0.347;0.373;3.7;0.024;52.0;201.5;0.99247;3.4;0.27;9.87;5
7.92;0.307;0.33;7.93;0.021;49.5;134.8;0.99667;3.19;0.48;12.82;5
6.19;0.277;0.292;11.27;0.012;40.7;186.2;0.99709;3.32;0.42;9.98;6
7.38;0.276;0.251;9.76;0.024;52.3;79.1;0.99719;3.4;0.55;11.74;6
7.48;0.259;0.316;0.6;0.076;59.7;146.8;0.98889;3.15;0.61;9.92;6
7.96;0.338;0.516;5.84;0.033;46.9;159.5;0.992;3.28;0.67;8.0;5
7.3;0.238;0.408;6.2;0.058;34.1;138.9;0.9993;3.13;0.56;9.76;7
7.56;0.45;0.315;0.6;0.038;38.3;60.5;0.99457;2.97;0.41;13.01;5
8.33;0.284;0.368;14.13;0.036;32.9;144.9;0.99824;3.15;0.46;8.49;6
5.69;0.265;0.336;15.29;0.023;40.5;149.8;0.99397;3.01;0.35;8.73;5
6.15;0.387;0.359;8.06;0.031;50.0;130.9;0.99099;3.44;0.54;8.63;6
8.11;0.264;0.314;13.51;0.019;11.8;92.5;0.99796;3.42;0.47;10.76;7
6.5;0.263;0.49;7.66;0.045;47.3;184.3;0.99474;3.23;0.68;10.02;6
6.17;0.365;0.472;1.94;0.026;45.8;93.5;0.99253;3.26;0.55;11.57;6
6.74;0.124;0.418;8.96;0.053;38.2;93.4;0.99902;2.9;0.49;12.98;5
4.84;0.25;0.664;9.56;0.078;29.4;193.3;0.99686;3.22;0.58;10.48;6
8.37;0.432;0.253;6.26;0.068;24.0;137.3;0.9909;3.11;0.66;9.79;7
5.59;0.448;0.2;3.83;0.06;22.7;143.4;0.99463;3.07;0.53;10.05;6
5.57;0.182;0.388;10.07;0.056;18.1;44.8;0.9912;3.1;0.47;10.84;6
6.12;0.421;0.363;5.91;0.057;49.6;140.5;0.99146;3.11;0.66;11.98;6
5.36;0.248;0.226;11.11;0.049;31.6;100.6;0.99785;3.05;0.46;11.92;6
7.85;0.319;0.266;0.6;0.03;60.0;107.6;0.99896;3.2;0.45;10.04;6
6.52;0.331;0.244;12.8;0.06;23.2;122.0;0.99091;3.29;0.34;10.66;6
7.36;0.232;0.472;11.33;0.012;85.7;261.3;0.99389;3.12;0.44;10.72;5
7.14;0.401;0.118;12.05;0.061;14.4;151.2;0.9949;3.07;0.53;10.78;6
7.82;0.488;0.453;7.87;0.1;44.2;118.6;0.99754;3.05;0.47;10.04;5
5.94;0.428;0.132;4.3;0.066;34.8;188.6;0.99952;3.23;0.61;10.16;5
8.08;0.307;0.369;10.52;0.072;5.9;72.3;0.99075;3.28;0.47;9.13;5
6.38;0.18;0.283;10.24;0.027;46.3;181.0;0.99749;2.86;0.59;10.82;6
6.77;0.243;0.296;8.82;0.041;33.7;101.7;0.99585;3.07;0.38;12.65;5
5.48;0.367;0.339;8.7;0.054;31.2;93.8;0.99689;3.06;0.46;11.71;7
7.0;0.302;0.355;4.84;0.015;48.0;140.3;0.99625;3.17;0.5;11.68;5
6.61;0.333;0.291;5.16;0.055;19.7;166.6;1.00005;3.32;0.33;10.61;7
8.02;0.409;0.419;0.6;0.044;49.3;127.8;0.9945;3.16;0.4;10.74;6
6.04;0.088;0.201;8.18;0.056;31.2;207.9;0.98987;3.3;0.32;11.15;6
5.22;0.339;0.386;6.91;0.009;40.6;211.7;0.99759;3.04;0.52;11.55;6
5.88;0.305;0.154;13.48;0.039;37.0;178.2;0.98868;3.43;0.52;9.55;7
7.45;0.145;0.251;18.21;0.052;31.1;94.8;0.99697;3.14;0.41;9.72;7
6.81;0.224;0.342;2.52;0.045;43.3;134.4;0.99294;3.18;0.47;10.53;6
6.2;0.159;0.315;8.04;0.074;36.1;124.9;0.99512;3.19;0.45;9.91;7
6.02;0.285;0.386;16.76;0.057;43.5;111.8;0.9902;3.23;0.53;11.87;7
7.48;0.095;0.248;12.39;0.038;41.6;122.6;0.99381;3.2;0.65;8.0;6
6.28;0.358;0.479;6.69;0.069;31.4;62.5;0.99614;3.19;0.43;11.64;5
7.68;0.361;0.44;7.34;0.072;77.1;69.2;0.99136;3.28;0.5;10.03;7
7.02;0.343;0.451;0.6;0.028;38.7;139.2;0.99622;3.45;0.72;10.44;6
5.59;0.352;0.532;4.29;0.06;10.4;141.6;0.99951;3.3;0.56;9.76;6
5.56;0.357;0.399;8.64;0.056;41.9;169.7;0.99552;3.09;0.47;10.77;6
7.18;0.355;0.3;6.84;0.066;40.6;170.4;0.99739;3.2;0.61;10.44;6
6.1;0.275;0.27;14.34;0.029;41.8;124.8;0.99039;3.41;0.64;11.38;6
6.08;0.22;0.307;6.94;0.009;52.1;110.0;1.00102;3.05;0.48;10.86;6
8.19;0.339;0.29;9.31;0.048;18.8;201.0;0.99556;2.99;0.58;8.49;6
5.56;0.3;0.472;5.79;0.071;23.1;139.9;0.99634;3.26;0.5;12.72;7
8.13;0.197;0.336;16.52;0.066;44.6;151.6;0.98846;3.35;0.63;12.21;6
6.68;0.329;0.236;7.51;0.009;40.4;52.3;0.99576;3.0;0.65;8.59;5
7.75;0.264;0.277;1.34;0.042;42.3;197.0;0.98914;3.14;0.41;8.23;6
5.92;0.287;0.188;8.09;0.045;60.6;143.2;0.99469;3.17;0.48;9.4;6
7.41;0.427;0.524;13.25;0.057;61.4;209.4;0.99971;3.25;0.51;11.75;5
6.91;0.191;0.379;9.68;0.024;33.2;188.8;0.98925;3.18;0.41;9.43;6
7.63;0.271;0.145;6.36;0.01;36.8;97.7;0.99767;3.12;0.5;10.88;7
6.6;0.211;0.274;15.69;0.064;50.9;152.1;0.99216;2.85;0.54;8.84;6
6.75;0.294;0.532;0.6;0.04;8.0;144.8;0.99554;3.01;0.5;9.32;6
7.46;0.558;0.272;2.52;0.038;47.5;141.8;1.00064;3.06;0.41;12.05;8
8.2;0.124;0.33;8.67;0.046;30.5;97.7;0.99508;3.49;0.15;10.7;7
7.6;0.259;0.449;2.85;0.052;63.7;133.7;0.99001;3.3;0.63;10.45;7
8.03;0.224;0.433;13.33;0.028;37.3;117.2;0.99732;3.05;0.55;12.23;6
7.4;0.196;0.396;11.85;0.066;44.9;108.4;0.99192;3.08;0.57;10.93;5
7.31;0.204;0.392;13.48;0.032;34.5;177.8;0.99136;3.29;0.36;8.4;5
5.98;0.335;0.302;8.02;0.045;20.2;133.6;0.99629;3.13;0.52;10.46;5
7.85;0.369;0.455;7.42;0.046;70.6;158.7;0.98941;3.21;0.57;10.8;5
6.41;0.359;0.248;8.51;0.019;3.7;147.2;0.99462;3.24;0.26;10.82;6
8.23;0.197;0.32;2.2;0.08;67.2;123.4;0.99313;3.26;0.37;9.54;6
6.87;0.358;0.388;11.35;0.059;33.5;145.6;0.99816;3.1;0.45;10.75;5
6.38;0.142;0.32;2.37;0.039;39.8;191.7;0.99128;3.32;0.47;9.57;6
6.31;0.259;0.471;10.8;0.045;21.9;53.2;0.99074;3.26;0.59;12.31;7
6.09;0.313;0.335;0.74;0.02;2;149.6;0.99477;2.86;0.33;11.6;6
5.88;0.362;0.395;6.38;0.045;66.3;47.7;0.99389;3.18;0.55;11.67;7
7.06;0.117;0.307;9.42;0.009;34.1;138.9;0.99399;3.29;0.47;9.12;6
6.57;0.125;0.436;3.9;0.092;23.5;184.5;0.9939;3.13;0.5;8.98;6
6.68;0.09;0.217;2.79;0.036;13.5;147.6;0.99576;3.24;0.64;11.29;7
7.77;0.255;0.334;4.12;0.023;2;229.6;0.99498;3.01;0.51;9.52;6
6.56;0.185;0.329;6.81;0.069;57.4;113.3;0.995;3.25;0.46;11.03;8
7.23;0.225;0.402;9.82;0.064;31.0;167.8;0.99544;2.96;0.58;10.53;7
5.91;0.398;0.28;3.49;0.04;56.8;114.3;0.99134;3.31;0.68;10.48;3
7.75;0.335;0.325;3.85;0.022;28.9;140.3;0.99619;3.22;0.27;10.13;6
6.88;0.198;0.212;1.03;0.048;58.4;101.2;0.9962;3.2;0.72;10.85;6
5.67;0.227;0.281;0.6;0.045;4.3;125.1;0.99206;3.16;0.47;9.29;6
6.09;0.261;0.428;10.24;0.013;25.8;157.7;0.99371;3.33;0.49;10.47;4
6.21;0.329;0.174;9.99;0.019;37.2;191.4;0.98914;3.2;0.45;10.98;6
8.83;0.315;0.324;17.63;0.019;49.6;226.7;0.99104;3.34;0.71;10.88;5
5.52;0.232;0.377;5.4;0.024;27.9;118.4;0.99487;3.22;0.39;11.28;8
7.21;0.161;0.222;9.23;0.038;9.6;86.3;0.99441;3.38;0.55;9.49;5
7.7;0.057;0.46;0.6;0.033;38.6;177.8;0.99313;3.08;0.46;9.88;5
6.63;0.3;0.34;9.28;0.08;32.7;96.1;0.99404;3.33;0.58;10.62;6
6.45;0.194;0.4;7.99;0.074;47.7;142.6;0.99177;3.32;0.48;11.75;5
5.94;0.242;0.407;10.46;0.04;21.0;161.6;0.99412;3.4;0.41;11.32;6
6.02;0.172;0.499;6.7;0.041;19.0;99.1;0.99081;3.18;0.42;8.75;5
6.63;0.203;0.441;0.6;0.027;2;169.1;0.99494;3.36;0.51;9.65;6
6.97;0.198;0.341;12.83;0.009;12.5;256.4;0.99625;3.01;0.35;11.74;6
6.66;0.149;0.246;2.17;0.053;42.9;60.8;0.99661;3.03;0.61;10.55;5
6.11;0.292;0.329;3.65;0.046;39.7;69.3;0.99611;3.06;0.29;11.72;8
5.11;0.317;0.19;8.91;0.067;14.8;154.6;0.99313;3.0;0.67;9.32;4
7.64;0.387;0.272;8.44;0.037;39.8;135.2;0.99381;3.2;0.64;10.78;6
6.6;0.25;0.248;11.47;0.091;18.1;149.3;0.99791;3.03;0.3;11.14;6
6.37;0.22;0.364;7.34;0.055;34.4;85.7;0.99218;3.11;0.63;11.37;6
5.76;0.212;0.438;3.63;0.034;28.5;189.4;0.99521;3.11;0.63;10.2;4
6.72;0.267;0.153;1.92;0.054;65.1;170.7;0.9949;3.1;0.63;9.49;5
7.89;0.429;0.286;14.05;0.035;35.2;111.9;0.99456;3.33;0.51;10.76;6
6.27;0.357;0.378;0.6;0.033;43.0;85.5;0.9943;2.88;0.38;11.39;7
6.99;0.451;0.372;10.24;0.04;40.5;114.7;0.99604;3.32;0.38;10.73;5
7.22;0.259;0.301;4.48;0.02;34.6;86.3;0.99194;3.25;0.53;10.33;8
6.83;0.295;0.44;1.87;0.068;28.7;185.4;0.99379;3.12;0.44;8.14;5
6.85;0.351;0.307;0.6;0.053;52.0;148.2;0.9944;3.22;0.53;8.58;7
6.77;0.285;0.272;2.89;0.015;10.8;84.4;0.99856;3.39;0.67;10.91;5
5.42;0.225;0.442;0.6;0.015;30.1;144.2;0.99682;3.18;0.65;10.34;7
7.58;0.163;0.292;1.33;0.009;38.7;156.2;0.99927;2.84;0.36;8.08;5
5.89;0.266;0.468;13.35;0.016;46.0;145.5;0.99485;3.14;0.54;8.45;6
8.24;0.202;0.396;6.69;0.061;48.9;148.2;0.99055;3.41;0.38;10.17;6
7.45;0.301;0.383;8.98;0.019;52.0;183.3;0.99412;3.11;0.42;10.59;6
5.46;0.222;0.536;3.54;0.094;37.0;119.6;0.99368;3.16;0.8;10.51;6
7.89;0.364;0.343;7.08;0.06;50.4;103.8;0.99384;3.28;0.42;11.32;8
7.55;0.223;0.336;5.06;0.035;22.5;128.2;0.99375;3.12;0.25;9.5;7
6.49;0.281;0.182;1.9;0.083;39.0;127.8;0.99618;3.26;0.52;12.02;6
7.1;0.193;0.184;4.76;0.07;41.2;70.6;0.98945;3.25;0.34;10.41;5
6.46;0.159;0.306;8.03;0.027;36.5;78.1;0.99434;3.12;0.46;11.76;5
5.92;0.201;0.332;11.97;0.089;42.9;104.7;0.99558;3.37;0.28;9.33;6
7.51;0.332;0.252;2.04;0.079;23.9;106.4;0.9886;3.19;0.39;11.03;6
6.17;0.386;0.377;9.58;0.039;64.0;198.9;0.99871;2.93;0.41;11.02;8
7.6;0.192;0.327;2.63;0.025;23.9;161.4;0.99686;3.07;0.5;11.37;6
8.0;0.224;0.335;3.0;0.041;29.4;158.2;0.99829;3.24;0.6;11.7;7
4.99;0.339;0.457;2.19;0.049;4.5;160.1;0.99478;3.03;0.49;9.63;6
6.99;0.233;0.338;4.38;0.032;2.9;56.3;0.99181;3.08;0.61;9.76;7
5.97;0.336;0.17;11.63;0.067;35.5;72.8;0.99292;3.07;0.39;10.33;5
7.22;0.229;0.177;7.36;0.014;48.9;116.1;0.99625;3.0;0.5;11.21;6
6.18;0.282;0.434;7.93;0.055;12.4;136.2;0.99383;3.32;0.25;8.98;5
8.35;0.416;0.206;5.92;0.04;47.3;179.3;0.99529;3.22;0.32;12.73;6
7.32;0.275;0.6;4.89;0.064;55.1;138.2;0.9996;3.12;0.7;10.8;6
7.59;0.338;0.279;2.0;0.112;17.0;109.9;0.99674;3.25;0.6;11.47;6
6.73;0.345;0.384;2.24;0.027;37.1;138.8;0.99622;3.28;0.39;9.11;5
6.44;0.35;0.272;9.58;0.066;16.0;104.3;0.99859;2.9;0.43;10.26;7
7.0;0.324;0.442;4.95;0.009;14.4;132.6;0.9942;3.37;0.57;9.71;6
5.22;0.242;0.258;0.6;0.043;32.3;129.5;0.99358;3.43;0.4;10.31;5
6.03;0.299;0.335;13.95;0.047;33.3;205.3;0.99692;3.34;0.54;10.66;6
6.88;0.311;0.41;12.88;0.021;54.0;238.7;1.00243;3.23;0.56;8.18;6
6.89;0.243;0.418;9.37;0.093;31.4;146.8;0.992;3.13;0.5;11.35;7
7.58;0.423;0.27;2.35;0.04;32.3;157.9;0.98911;3.44;0.27;8.13;6
6.17;0.303;0.289;4.32;0.028;21.7;108.4;0.99464;3.23;0.46;10.81;4
5.63;0.219;0.386;9.63;0.065;36.3;134.9;0.99864;3.41;0.64;9.96;6
8.29;0.373;0.185;1.54;0.055;25.9;26.3;0.99573;3.18;0.43;11.29;7
6.63;0.291;0.475;12.46;0.034;30.4;150.6;0.99616;3.08;0.59;11.19;6
6.57;0.223;0.477;0.6;0.081;26.2;128.5;0.99717;3.26;0.56;9.71;6
6.18;0.201;0.25;9.02;0.068;63.3;161.9;0.98983;3.09;0.42;9.11;6
7.26;0.201;0.395;3.05;0.05;34.7;121.3;0.9948;3.23;0.52;12.56;6
6.07;0.269;0.386;14.9;0.049;24.9;116.4;0.99865;3.25;0.69;10.0;5
8.26;0.296;0.236;0.6;0.045;37.4;182.8;0.99201;3.18;0.45;9.42;6
6.8;0.304;0.512;0.6;0.027;2;79.7;1.00055;3.09;0.6;10.08;6
6.22;0.298;0.326;9.22;0.009;31.3;78.4;0.99578;2.96;0.6;12.18;6
7.78;0.251;0.224;16.03;0.053;35.9;148.5;0.99355;3.2;0.51;10.76;5
7.2;0.056;0.182;8.18;0.052;44.2;85.6;0.99431;3.29;0.25;9.59;5
8.79;0.243;0.26;8.37;0.07;56.1;137.9;0.99253;3.18;0.57;9.41;4
6.97;0.195;0.541;1.43;0.063;15.3;158.0;0.99588;2.95;0.66;10.05;6
6.88;0.232;0.399;12.06;0.065;69.4;126.8;0.99111;3.05;0.66;8.91;5
7.5;0.24;0.114;3.37;0.041;69.4;157.5;0.99332;3.24;0.42;10.72;6
7.42;0.327;0.264;11.13;0.074;33.7;78.8;0.99482;3.27;0.58;12.35;5
5.66;0.215;0.684;5.64;0.044;17.4;100.3;0.99025;3.27;0.65;11.44;4
6.55;0.177;0.678;0.6;0.019;25.5;148.9;0.99758;3.34;0.58;8.95;6
5.46;0.211;0.644;11.17;0.033;27.3;155.2;0.99522;3.18;0.48;10.36;5
7.49;0.327;0.067;6.78;0.024;33.2;157.7;1.00064;3.06;0.52;11.25;4
8.5;0.094;0.327;2.28;0.032;18.7;156.5;0.99682;3.07;0.57;8.36;5
7.6;0.32;0.37;5.48;0.035;20.1;184.9;0.99019;3.12;0.64;10.97;6
6.37;0.2;0.4;8.51;0.011;49.0;156.6;0.99297;3.21;0.56;10.74;5
6.6;0.231;0.273;10.98;0.017;26.9;210.4;0.99367;2.99;0.44;8.0;7
5.27;0.255;0.423;7.62;0.055;8.8;108.5;0.99469;3.25;0.36;12.56;7
6.04;0.321;0.206;0.6;0.048;2;148.4;0.99457;3.16;0.65;11.88;6
5.89;0.242;0.293;15.69;0.086;34.9;103.1;0.99334;3.23;0.39;11.99;6
6.41;0.176;0.324;9.37;0.028;25.1;146.8;0.99705;3.28;0.52;10.86;5
6.18;0.224;0.161;3.79;0.012;42.1;173.3;0.9901;3.05;0.58;10.59;5
6.51;0.268;0.299;13.38;0.067;54.7;197.8;0.992;3.31;0.3;9.06;6
7.57;0.348;0.532;11.49;0.038;37.4;131.8;0.99754;3.31;0.54;10.93;6
6.95;0.179;0.565;2.26;0.051;14.6;99.6;0.99186;3.3;0.62;11.4;4
5.91;0.209;0.37;7.96;0.038;42.5;105.8;0.99698;3.27;0.44;9.78;6
7.92;0.423;0.405;4.1;0.045;34.7;110.3;0.99565;3.09;0.39;9.39;6
6.95;0.286;0.254;8.76;0.052;29.3;103.9;0.99404;3.22;0.56;12.87;6
5.48;0.426;0.221;9.17;0.046;71.9;171.9;1.00008;3.25;0.51;11.58;5
7.32;0.247;0.48;7.45;0.028;51.0;186.5;0.99493;3.33;0.51;10.35;7
4.71;0.054;0.224;0.65;0.035;55.7;139.2;0.99681;3.09;0.56;11.73;6
5.83;0.364;0.398;0.6;0.069;37.7;155.1;0.99639;3.13;0.57;12.4;5
7.33;0.346;0.356;10.65;0.027;12.2;164.0;0.99039;3.2;0.34;10.12;6
5.75;0.387;0.312;0.6;0.022;37.2;164.4;0.99229;3.04;0.6;10.35;4
6.52;0.296;0.396;13.73;0.053;11.6;132.9;0.99478;3.04;0.79;10.35;7
6.85;0.291;0.321;4.12;0.053;6.8;58.2;0.99172;3.03;0.49;12.97;6
8.29;0.451;0.278;3.94;0.092;18.1;187.5;1.00004;3.18;0.42;12.6;5
5.4;0.246;0.425;2.38;0.061;17.9;80.2;0.99155;3.09;0.43;9.48;6
7.59;0.234;0.145;5.7;0.085;36.2;127.9;0.9921;3.33;0.61;8.46;6
6.28;0.452;0.265;6.51;0.045;24.1;104.2;0.99498;3.13;0.45;10.32;7
6.77;0.321;0.275;5.75;0.044;19.5;248.1;0.99153;3.17;0.29;8.95;5
6.54;0.242;0.22;8.96;0.022;39.3;161.1;0.99012;3.19;0.48;10.05;6
6.87;0.149;0.3;7.71;0.074;26.1;118.3;0.99266;3.15;0.21;8.92;7
7.19;0.1;0.328;12.72;0.054;46.6;211.1;0.99554;3.12;0.46;8.0;6
7.74;0.047;0.329;4.35;0.07;41.1;219.2;0.99489;3.26;0.55;8.29;6
6.58;0.198;0.286;7.98;0.039;26.5;85.8;0.9982;3.49;0.43;10.66;5
7.08;0.371;0.253;5.2;0.019;24.4;125.6;0.9951;3.27;0.55;10.67;6
5.69;0.266;0.063;6.77;0.087;25.7;144.9;0.9908;3.14;0.76;10.15;7
6.85;0.29;0.238;5.05;0.072;56.6;164.6;0.9893;3.26;0.4;9.88;7
8.05;0.199;0.428;9.87;0.091;37.4;146.0;0.99146;3.17;0.39;8.39;6
7.27;0.149;0.437;10.6;0.039;37.4;166.5;0.99099;3.21;0.5;11.49;7
6.87;0.288;0.394;5.87;0.055;33.0;118.1;0.99865;3.18;0.39;9.29;5
7.25;0.41;0.774;5.89;0.046;21.5;151.9;0.99375;3.17;0.57;11.44;7
6.2;0.169;0.249;16.33;0.009;48.2;178.5;0.9983;3.16;0.49;9.91;7
7.55;0.328;0.376;13.88;0.034;41.1;163.4;0.99083;3.06;0.47;12.45;6
5.33;0.23;0.362;3.05;0.045;71.7;146.3;0.99198;3.4;0.48;10.84;6
7.32;0.251;0.4;2.74;0.042;62.2;206.3;0.99902;3.22;0.41;9.21;5
8.07;0.239;0.336;7.97;0.024;38.5;105.0;0.9889;3.3;0.47;11.9;7
7.73;0.471;0.577;10.33;0.053;2;168.7;0.99022;3.36;0.44;12.05;7
5.57;0.202;0.122;0.6;0.038;62.8;98.2;0.99632;3.23;0.56;10.74;6
6.85;0.369;0.405;0.6;0.02;34.1;212.5;0.99449;3.37;0.46;11.61;6
5.8;0.284;0.383;1.41;0.047;53.1;152.5;0.99083;3.31;0.25;11.11;6
6.7;0.389;0.363;0.6;0.073;29.8;155.5;0.99241;3.29;0.47;8.0;6
6.87;0.253;0.377;1.26;0.016;31.3;91.2;1.00308;3.17;0.42;10.24;6
7.4;0.253;0.281;0.6;0.053;26.4;80.8;0.98972;3.25;0.41;10.61;5
7.52;0.196;0.425;3.42;0.033;41.6;86.0;0.99471;3.38;0.5;10.32;4
7.62;0.338;0.141;5.06;0.049;48.8;171.2;0.99411;3.14;0.46;11.99;5
7.46;0.185;0.376;1.94;0.062;5.6;202.2;0.99034;3.35;0.41;10.17;6
7.15;0.159;0.517;1.63;0.096;28.9;116.5;0.99378;3.12;0.62;10.75;5
6.57;0.201;0.412;12.03;0.075;34.9;171.0;0.99251;3.33;0.55;9.66;6
7.56;0.434;0.358;1.28;0.065;76.8;176.6;0.99785;3.06;0.43;13.59;6
6.17;0.495;0.193;0.6;0.051;39.5;126.3;0.99323;3.15;0.68;11.27;6
7.7;0.076;0.34;11.83;0.068;47.8;103.1;0.99689;3.22;0.59;12.35;7
6.36;0.176;0.152;5.91;0.052;46.0;107.8;0.98859;3.27;0.56;8.32;5
7.65;0.254;0.415;4.13;0.038;21.9;102.2;0.99612;3.06;0.66;13.59;7
6.09;0.428;0.554;12.51;0.049;20.9;83.9;0.9904;3.01;0.53;11.61;6
5.81;0.145;0.418;0.6;0.06;60.1;117.6;0.99634;3.07;0.54;9.85;8
5.04;0.285;0.445;10.5;0.011;22.2;135.6;0.99746;3.24;0.6;11.03;6
6.48;0.166;0.528;4.09;0.052;24.9;162.5;0.99349;3.01;0.39;9.32;5
6.87;0.381;0.197;14.39;0.047;39.7;193.5;0.99207;3.15;0.41;10.11;5
5.31;0.29;0.199;9.48;0.071;2.3;103.6;0.99033;3.5;0.51;11.59;5
7.05;0.468;0.335;0.81;0.054;20.7;69.1;0.99063;3.07;0.44;10.07;7
6.75;0.15;0.323;9.68;0.039;31.4;92.3;0.9918;3.39;0.62;10.66;5
5.98;0.28;0.256;10.91;0.068;41.9;132.9;0.99309;3.05;0.21;11.6;7
5.58;0.321;0.266;12.61;0.039;10.2;111.7;0.98728;3.25;0.32;9.68;5
6.3;0.144;0.292;12.06;0.034;55.9;170.1;0.99535;3.24;0.46;11.16;6
6.95;0.254;0.479;7.88;0.066;32.8;118.7;0.99625;3.26;0.57;10.73;6
6.54;0.328;0.143;5.26;0.019;15.0;59.0;0.98686;3.33;0.44;8.11;5
7.16;0.246;0.203;3.51;0.092;49.9;147.5;0.99295;3.21;0.47;10.65;7
8.45;0.327;0.102;9.88;0.108;34.9;85.0;0.99411;3.13;0.51;10.37;6
6.46;0.392;0.303;3.3;0.031;49.6;138.8;0.99191;3.1;0.38;10.56;6
7.11;0.363;0.341;7.12;0.027;27.5;109.6;1.00034;2.97;0.51;10.91;6
8.52;0.259;0.25;4.03;0.023;22.3;176.3;0.99599;3.17;0.42;10.79;7
5.92;0.242;0.313;10.92;0.025;6.6;50.5;0.99066;2.95;0.29;10.5;7
6.68;0.385;0.356;6.8;0.036;31.5;138.8;0.99191;3.27;0.39;11.57;6
6.71;0.301;0.365;13.5;0.045;55.6;149.3;0.99112;3.4;0.69;8.0;6
8.35;0.304;0.344;2.15;0.067;43.3;178.4;0.98972;3.17;0.46;12.17;7
6.11;0.171;0.337;9.92;0.009;39.2;161.8;0.99043;3.25;0.6;13.01;5
6.62;0.194;0.275;7.03;0.05;54.5;83.9;0.99708;3.41;0.45;11.24;5
8.0;0.341;0.272;9.69;0.044;37.3;108.2;0.98736;3.26;0.59;9.87;6
8.6;0.17;0.218;10.51;0.05;45.8;191.9;0.99741;3.1;0.49;9.58;6
5.98;0.253;0.324;1.63;0.048;62.2;65.1;0.99145;3.24;0.39;12.25;6
6.29;0.33;0.493;10.49;0.051;43.7;108.0;0.99303;3.11;0.48;9.46;7
5.83;0.355;0.394;8.88;0.07;46.8;133.9;0.99696;3.31;0.38;10.66;5
6.38;0.221;0.206;4.27;0.027;36.6;207.0;0.99211;3.0;0.41;13.38;4
7.88;0.391;0.396;17.08;0.009;45.5;130.8;0.99012;3.21;0.46;10.71;6
5.4;0.234;0.271;1.62;0.042;21.8;229.8;0.99042;3.08;0.65;9.3;6
5.46;0.378;0.309;7.58;0.053;42.7;209.0;0.99221;3.35;0.41;11.12;5
6.9;0.331;0.322;8.28;0.068;14.5;179.8;0.99694;3.08;0.39;12.47;6
7.26;0.222;0.226;9.08;0.009;34.6;219.4;0.99586;2.94;0.51;10.63;6
6.49;0.338;0.305;7.1;0.086;34.5;105.2;0.99797;3.27;0.59;11.09;8
7.06;0.371;0.303;10.6;0.073;33.9;98.3;0.99072;3.2;0.56;8.0;7
7.64;0.361;0.518;15.65;0.063;62.8;117.0;0.99435;3.2;0.54;11.16;6
6.99;0.252;0.311;3.79;0.009;34.2;253.0;0.99166;3.46;0.38;11.95;5
6.62;0.214;0.253;5.04;0.035;28.5;204.8;0.99383;3.43;0.57;9.66;6
6.2;0.266;0.241;1.64;0.044;32.9;137.9;0.99345;3.39;0.54;9.18;5
7.77;0.265;0.295;10.1;0.04;43.4;186.4;0.9967;2.98;0.52;10.45;7
7.56;0.187;0.316;0.6;0.038;41.3;141.1;0.98957;3.35;0.38;9.89;5
7.67;0.313;0.446;3.87;0.009;62.8;86.0;0.99395;3.02;0.43;10.94;6
7.45;0.085;0.531;6.52;0.058;21.8;131.9;0.9984;3.46;0.43;10.15;5
6.88;0.407;0.474;8.07;0.041;26.6;242.2;0.99579;3.39;0.56;12.28;6
6.76;0.365;0.39;5.58;0.065;49.8;81.5;0.99312;3.11;0.49;10.66;6
7.44;0.193;0.286;6.69;0.052;37.0;187.6;1.00091;3.04;0.54;9.94;6
8.51;0.264;0.404;2.57;0.049;17.9;129.5;0.99611;3.19;0.52;8.27;8
8.39;0.501;0.162;4.31;0.036;45.7;95.5;0.99506;3.27;0.44;10.48;6
5.79;0.371;0.393;6.05;0.009;16.6;103.2;0.99243;3.17;0.56;13.12;6
7.2;0.239;0.444;4.97;0.016;35.1;158.1;0.99791;3.18;0.47;9.58;5
6.67;0.292;0.227;11.58;0.049;50.7;111.5;0.99629;2.99;0.47;8.56;7
7.48;0.455;0.33;14.4;0.026;58.4;174.2;0.99317;3.06;0.42;12.39;6
7.82;0.288;0;9.38;0.009;41.5;200.1;0.9952;3.25;0.52;9.5;6
6.3;0.309;0.631;1.97;0.025;32.4;142.8;0.99534;3.38;0.5;10.91;6
7.57;0.164;0.331;0.87;0.069;28.8;93.1;0.99589;3.21;0.39;9.26;6
7.41;0.43;0.405;12.06;0.034;39.1;202.6;0.98808;3.02;0.45;9.34;6
7.2;0.302;0.164;1.02;0.035;18.1;179.4;0.99218;3.41;0.68;10.54;6
6.06;0.239;0.269;3.47;0.044;2;141.2;0.9971;3.24;0.59;10.98;5
6.9;0.447;0.528;5.86;0.046;36.8;139.4;0.9924;3.17;0.52;10.81;5
6.85;0.249;0.198;2.96;0.009;73.7;191.0;0.99519;3.34;0.51;11.72;7
7.24;0.322;0.339;0.6;0.051;33.7;185.8;0.99168;3.34;0.45;8.44;7
6.94;0.306;0.251;9.2;0.044;14.9;103.9;0.99142;3.04;0.52;11.84;7
7.08;0.293;0.351;8.63;0.028;43.6;168.2;0.99437;3.17;0.61;8.0;5
5.3;0.322;0.506;9.29;0.04;26.6;217.2;0.99035;3.0;0.26;9.77;6
6.44;0.273;0.206;4.45;0.072;22.9;167.8;0.9911;3.02;0.46;9.28;7
7.22;0.319;0.318;6.37;0.094;36.5;203.9;0.99439;3.27;0.75;9.76;6
7.04;0.233;0.338;6.58;0.03;39.5;112.8;0.99513;3.31;0.46;8.72;6
7.01;0.391;0.384;0.6;0.038;28.0;206.2;0.99389;3.18;0.52;10.17;6
7.2;0.193;0.444;0.6;0.065;58.5;169.5;0.99456;3.2;0.46;10.93;8
6.04;0.26;0.275;3.24;0.033;27.4;161.3;1.00128;3.36;0.45;9.62;5
6.53;0.419;0.302;0.6;0.078;42.0;244.5;0.99672;3.16;0.41;11.72;6
6.04;0.276;0.353;0.81;0.073;50.4;213.8;0.99839;3.23;0.67;11.04;5
7.26;0.274;0.236;6.15;0.073;33.3;132.4;0.9919;3.01;0.61;11.27;6
7.44;0.231;0.557;14.03;0.053;46.2;204.8;0.99251;3.35;0.48;12.75;7
7.52;0.352;0.312;9.56;0.025;40.4;141.5;0.99204;3.31;0.38;12.3;7
6.32;0.283;0.291;5.43;0.058;37.7;91.6;0.9968;3.06;0.5;12.14;6
5.3;0.23;0.141;5.41;0.048;48.8;168.5;0.99419;3.17;0.6;10.28;7
8.11;0.387;0.384;3.87;0.009;19.5;104.3;0.98549;3.13;0.6;10.81;5
7.91;0.202;0.28;14.14;0.044;49.0;239.7;0.98651;2.99;0.6;11.81;6
5.96;0.221;0.188;10.6;0.037;50.7;109.0;0.99494;3.14;0.57;9.5;5
6.4;0.253;0.266;0.6;0.067;9.2;108.7;0.9926;3.07;0.38;12.28;5
7.36;0.457;0.16;4.77;0.036;6.9;98.0;0.9971;3.3;0.47;10.37;7
7.22;0.395;0.37;8.7;0.031;15.3;119.5;0.99959;3.04;0.61;8.21;6
8.81;0.261;0.459;0.6;0.01;45.8;126.4;0.99741;3.3;0.35;11.62;6
8.69;0.318;0.314;5.26;0.038;53.7;130.8;0.99429;3.2;0.47;11.25;8
6.26;0.282;0.43;8.15;0.009;50.6;185.4;0.99659;3.3;0.53;10.28;5
6.82;0.28;0.087;9.55;0.055;48.3;82.3;0.99473;3.26;0.56;9.05;5
7.22;0.28;0.373;2.94;0.053;11.6;159.3;0.99639;2.99;0.32;11.69;6
6.09;0.222;0.337;4.64;0.077;25.1;37.3;0.99348;3.24;0.47;8.5;7
5.87;0.336;0.547;12.76;0.022;14.2;169.5;1.00024;3.39;0.44;9.18;5
7.19;0.534;0.33;11.23;0.062;34.0;73.6;0.9903;3.05;0.47;10.38;6
7.17;0.514;0.511;0.6;0.03;47.8;90.3;0.99249;3.25;0.35;10.06;6
6.76;0.16;0.423;12.43;0.07;15.7;113.7;0.99661;3.39;0.37;10.87;4
7.66;0.123;0.145;10.46;0.016;65.5;163.2;0.98738;3.17;0.38;9.42;7
6.33;0.101;0.177;0.6;0.048;24.5;68.0;0.99363;3.17;0.57;9.89;6
6.47;0.306;0.283;3.21;0.009;40.4;143.5;0.99619;3.07;0.51;12.02;5
7.54;0.16;0.335;8.62;0.024;12.2;158.4;0.98717;3.09;0.48;11.76;6
6.87;0.22;0.722;3.61;0.057;31.9;138.4;0.99423;3.06;0.67;9.82;7
5.84;0.069;0.321;20.8;0.039;41.8;38.1;0.9893;3.04;0.39;12.29;7
5.72;0.378;0.472;8.48;0.055;65.8;194.6;0.99481;3.14;0.47;9.94;6
5.78;0.222;0.373;5.28;0.038;34.6;108.1;0.99254;3.39;0.37;9.96;7
5.7;0.319;0.432;5.65;0.045;15.7;173.3;0.99609;3.21;0.4;9.45;6
6.72;0.282;0.415;0.6;0.074;34.5;125.3;0.99296;3.14;0.64;9.8;6
7.15;0.023;0.342;7.06;0.036;29.0;130.9;0.99312;3.28;0.44;11.19;7
6.19;0.246;0.354;3.27;0.019;26.8;136.9;0.99581;3.27;0.41;11.97;7
7.81;0.455;0.286;6.69;0.016;33.0;245.3;0.99066;3.23;0.53;11.75;6
7.5;0.304;0.341;10.75;0.035;51.6;93.9;0.99152;3.21;0.61;9.98;6
7.43;0.235;0.391;2.38;0.043;42.2;245.1;0.99334;3.41;0.28;9.63;6
7.79;0.362;0.326;2.96;0.032;25.9;153.2;0.99292;3.05;0.5;11.77;5
6.72;0.29;0.239;7.79;0.05;45.6;165.5;0.98851;3.62;0.49;11.51;6
7.27;0.102;0.387;2.33;0.021;48.6;88.9;0.9925;3.03;0.34;8.89;5
8.23;0.348;0.508;16.36;0.038;74.7;129.7;0.99793;3.14;0.4;10.35;4
7.0;0.253;0.644;6.2;0.037;30.5;136.8;0.99938;2.96;0.36;9.54;5
6.76;0.183;0.349;3.02;0.054;31.7;196.0;0.9949;2.93;0.38;8.0;7
7.74;0.246;0.533;10.28;0.042;31.5;140.1;0.99295;3.15;0.54;8.82;6
7.19;0.259;0.272;8.73;0.013;24.1;156.8;0.99583;3.33;0.46;8.79;5
9.44;0.188;0.297;6.34;0.035;69.0;129.0;0.99033;3.04;0.68;10.24;5
7.07;0.06;0.394;16.61;0.009;50.4;139.4;0.99254;3.27;0.74;10.09;6
6.42;0.166;0.415;1.27;0.047;26.1;87.9;0.99817;3.2;0.6;11.22;6
7.26;0.249;0.381;20.72;0.041;43.0;133.7;0.99118;3.32;0.54;10.06;6
7.26;0.378;0.184;3.56;0.009;27.6;81.3;0.99464;2.95;0.66;10.48;6
8.04;0.386;0.307;4.49;0.06;16.6;81.2;0.99318;3.28;0.62;11.21;6
7.35;0.295;0.284;7.3;0.057;23.6;140.5;0.99009;3.28;0.38;9.02;8
6.2;0.157;0.382;4.45;0.043;23.7;153.2;0.99525;3.28;0.59;8.13;6
7.34;0.149;0.459;8.49;0.06;17.9;293.0;0.99876;3.08;0.62;9.96;6
6.33;0.226;0.151;8.07;0.028;40.5;135.9;0.9952;3.08;0.62;10.35;6
6.66;0.316;0.436;8.09;0.061;45.2;164.2;0.99357;3.38;0.51;12.48;5
7.62;0.249;0.511;2.26;0.029;16.4;42.9;0.99473;3.18;0.55;9.91;5
6.73;0.068;0.416;2.24;0.055;33.5;119.0;0.99233;3.23;0.56;10.64;7
6.44;0.296;0.259;3.69;0.058;30.7;82.4;0.99355;3.24;0.53;11.21;6
7.75;0.351;0.322;4.04;0.067;39.0;148.6;0.99986;3.16;0.47;10.5;6
6.77;0.278;0.076;6.29;0.049;39.4;157.0;0.99151;3.18;0.48;10.03;6
5.77;0.309;0.439;6.01;0.074;41.9;205.1;0.9888;3.21;0.64;12.25;6
7.03;0.315;0.514;7.12;0.058;52.2;67.9;0.99198;3.35;0.31;8.56;7
6.2;0.339;0.28;8.27;0.013;34.4;106.1;0.99476;3.34;0.56;10.67;5
6.93;0.281;0.253;1.77;0.062;37.8;141.1;0.99261;3.3;0.55;11.73;5
6.21;0.191;0.432;11.43;0.028;8.2;97.9;0.99637;3.38;0.44;10.35;6
6.94;0.224;0.414;2.34;0.041;38.8;193.1;0.9931;3.11;0.2;10.26;5
7.51;0.287;0.277;17.21;0.044;36.7;173.8;0.99821;3.08;0.49;11.15;6
6.27;0.147;0.391;6.71;0.034;55.7;86.8;0.99386;3.26;0.67;9.37;7
4.53;0.23;0.194;2.58;0.02;48.4;154.9;0.99808;3.11;0.58;12.6;7
6.19;0.08;0.207;0.6;0.009;14.9;144.1;0.99283;3.05;0.43;11.49;5
6.13;0.413;0.318;12.7;0.062;35.1;125.2;0.99259;3.27;0.59;8.07;6
8.32;0.431;0.375;9.99;0.082;27.8;170.3;0.99537;3.53;0.43;9.71;5
6.14;0.537;0.185;1.94;0.02;29.7;134.6;0.99612;3.28;0.64;12.61;5
7.57;0.15;0.344;0.6;0.037;46.5;133.1;0.99257;3.33;0.63;9.77;5
7.84;0.306;0.45;3.05;0.058;44.1;159.0;0.99466;3.35;0.46;14.28;6
6.51;0.155;0.39;7.29;0.083;58.0;138.7;0.9958;3.17;0.58;11.13;5
7.5;0.441;0.225;3.44;0.076;16.0;99.4;0.99687;3.33;0.32;10.5;7
7.69;0.321;0.409;9.09;0.048;57.6;148.4;0.9935;3.12;0.43;9.2;6
7.83;0.258;0.318;13.41;0.045;40.3;142.4;0.99457;3.16;0.64;10.57;6
5.75;0.243;0.311;3.27;0.092;28.9;179.5;0.99574;3.28;0.47;10.82;6
6.19;0.316;0.258;10.86;0.052;19.0;205.5;0.99;3.1;0.47;10.62;5
6.56;0.312;0.218;3.9;0.039;40.7;183.2;0.98512;2.97;0.36;11.7;5
6.98;0.146;0.335;3.49;0.062;13.0;126.6;0.99646;3.26;0.56;9.41;6
5.99;0.459;0.425;5.53;0.02;40.1;157.8;0.98905;3.03;0.57;10.49;6
6.75;0.326;0.144;17.6;0.009;28.2;77.4;0.99455;3.25;0.33;10.89;5
5.4;0.288;0.478;12.1;0.085;67.1;156.3;0.9964;3.12;0.48;9.33;6
5.79;0.4;0.466;4.14;0.048;30.4;152.8;1.0042;3.29;0.55;9.69;5
5.41;0.313;0.341;5.43;0.045;60.2;214.2;1.00038;2.95;0.34;10.29;6
7.19;0.25;0.441;1.74;0.106;2;89.5;0.99157;3.35;0.63;11.14;7
8.46;0.3;0.511;5.75;0.043;61.3;130.8;0.99367;3.12;0.64;9.91;5
7.86;0.274;0.217;8.89;0.026;36.2;230.2;0.98986;3.01;0.67;9.9;7
8.33;0.251;0.272;1.43;0.016;51.3;72.5;0.99441;3.31;0.36;11.85;5
8.85;0.367;0.158;0.6;0.05;73.6;143.8;0.9918;3.35;0.54;10.9;6
7.74;0.319;0.211;4.69;0.031;57.9;89.1;0.99057;3.26;0.51;10.95;5
7.21;0.295;0.21;9.39;0.092;25.6;106.6;0.99412;3.19;0.33;10.93;6
7.34;0.207;0.103;6.09;0.057;64.2;113.1;0.99478;3.12;0.42;11.39;7
7.55;0.427;0.34;16.09;0.043;43.2;158.9;0.99425;3.11;0.46;10.21;5
7.68;0.162;0.553;8.94;0.061;22.8;137.6;0.99345;3.01;0.53;10.77;6
5.52;0.297;0.537;4.12;0.062;20.3;136.7;0.98767;3.38;0.62;9.92;6
6.99;0.322;0.183;6.03;0.061;30.2;98.8;0.99666;3.26;0.53;9.69;6
4.97;0.198;0.445;6.44;0.025;43.4;193.2;0.9936;3.09;0.52;10.92;6
5.46;0.222;0.343;6.51;0.009;32.7;195.5;0.99634;3.42;0.36;10.01;7
7.41;0.179;0.105;14.42;0.034;41.7;150.1;0.98663;3.08;0.46;9.56;7
7.82;0.34;0.568;11.19;0.043;61.5;116.2;0.9964;3.03;0.51;9.27;6
7.57;0.317;0.4;4.13;0.049;7.1;144.8;0.99647;3.22;0.29;12.95;6
8.54;0.472;0.223;8.09;0.086;31.3;133.6;0.99218;3.24;0.49;11.21;5
7.36;0.308;0.638;19.5;0.083;16.4;255.6;0.99297;3.11;0.58;8.0;6
7.83;0.346;0.21;1.51;0.05;40.6;159.0;0.99467;3.28;0.49;10.51;7
6.74;0.165;0.212;6.79;0.053;42.1;96.7;0.99396;3.24;0.66;9.94;5
6.99;0.162;0.345;0.6;0.055;35.3;190.0;0.99594;3.47;0.68;10.63;5
6.02;0.207;0.486;12.83;0.054;52.4;58.2;0.99104;3.16;0.48;10.72;6
6.38;0.239;0.304;3.44;0.013;42.0;60.2;0.99297;3.39;0.39;11.63;5
6.89;0.235;0.473;0.6;0.032;2;146.0;0.99007;3.05;0.37;11.05;7
6.62;0.342;0.236;11.85;0.061;54.2;137.1;0.9962;3.46;0.59;10.66;5
6.09;0.152;0.38;2.04;0.009;41.5;145.2;0.9975;3.23;0.43;9.27;6
7.21;0.318;0.424;12.61;0.044;48.8;106.8;0.9929;2.93;0.55;10.95;6
5.85;0.3;0.216;0.6;0.016;18.6;243.2;0.99605;3.25;0.57;11.31;5
6.83;0.234;0.464;12.36;0.031;36.8;142.7;0.99277;3.21;0.63;8.5;6
7.39;0.406;0.471;8.03;0.075;28.2;174.8;0.99779;3.09;0.55;11.4;6
7.29;0.322;0.479;17.95;0.064;8.3;59.6;0.99614;3.26;0.76;11.84;4
6.63;0.361;0.201;7.54;0.068;31.0;146.8;0.98618;3.24;0.63;10.0;7
7.9;0.354;0.145;0.6;0.034;32.3;188.6;0.99246;3.44;0.6;11.18;5
8.67;0.147;0.394;4.01;0.076;34.2;144.0;0.99749;3.23;0.39;12.05;5
8.34;0.474;0.23;13.9;0.037;27.8;39.9;0.99535;3.2;0.23;9.37;5
5.32;0.293;0.476;14.19;0.079;33.4;178.4;0.99996;2.87;0.68;11.7;5
6.23;0.223;0.307;4.83;0.044;63.5;139.6;0.99633;3.13;0.58;11.15;5
6.86;0.402;0.409;4.01;0.021;49.1;129.5;0.99498;3.23;0.77;9.96;7
6.88;0.405;0.145;5.37;0.074;38.6;193.9;0.99954;3.21;0.52;9.95;7
4.99;0.316;0.215;12.25;0.031;64.5;159.9;0.99525;3.05;0.32;10.15;5
7.52;0.413;0.294;6.96;0.076;24.6;34.9;0.98881;3.08;0.5;10.14;6
6.2;0.337;0.499;0.85;0.029;34.2;115.1;0.99455;3.32;0.51;11.08;6
6.81;0.609;0.249;8.02;0.032;40.5;183.1;0.99529;3.11;0.6;10.3;5
7.41;0.215;0.327;13.69;0.062;48.2;117.9;0.99846;3.13;0.59;12.85;6
6.59;0.343;0.512;11.86;0.079;24.6;199.7;0.99111;3.06;0.46;11.01;5
6.2;0.338;0.188;6.64;0.043;65.9;122.3;0.99386;3.14;0.67;13.51;6
7.07;0.149;0.489;4.76;0.057;4.7;102.2;0.99113;3.15;0.38;9.28;4
7.56;0.417;0.367;1.72;0.078;43.4;120.9;0.98982;3.5;0.49;10.2;5
7.52;0.599;0.408;8.74;0.055;32.8;185.4;0.98787;3.21;0.61;9.8;7
6.97;0.219;0.087;19.93;0.063;53.6;98.8;0.99288;3.27;0.34;8.98;4
7.88;0.234;0.498;6.21;0.012;45.0;120.7;0.9939;3.35;0.43;8.02;6
5.83;0.371;0.352;5.39;0.091;27.2;206.9;0.9898;3.16;0.42;12.47;6
6.93;0.285;0.131;5.73;0.051;16.8;166.8;0.98935;3.22;0.45;10.11;6
6.04;0.349;0.471;9.49;0.04;20.1;97.0;0.99191;3.08;0.32;10.24;5
6.0;0.292;0.336;7.16;0.009;2.5;96.6;0.99234;3.15;0.45;11.36;8
7.29;0.127;0.239;9.7;0.034;2;159.2;0.98994;3.38;0.44;10.66;6
6.97;0.198;0.236;9.07;0.073;30.3;151.8;0.9922;3.05;0.53;10.55;8
7.16;0.468;0.533;8.04;0.026;54.7;17.9;0.99474;3.23;0.37;10.56;6
6.35;0.281;0.258;8.51;0.044;23.9;135.6;0.99438;3.21;0.47;9.3;6
5.58;0.292;0.392;5.54;0.078;41.5;145.4;0.99825;3.32;0.54;10.65;6
6.63;0.351;0;0.6;0.035;15.0;184.9;0.99628;3.31;0.27;11.05;5
7.77;0.348;0.373;8.48;0.02;33.0;212.0;0.99399;3.01;0.62;10.74;6
5.68;0.313;0.272;9.43;0.058;59.8;156.0;0.99606;3.09;0.34;11.21;6
7.04;0.346;0.401;7.51;0.028;16.0;170.8;0.99804;3.41;0.31;10.7;6
7.72;0.419;0.362;0.6;0.041;15.0;129.4;0.99426;3.45;0.3;10.64;5
8.42;0.268;0.222;0.6;0.02;39.0;129.0;0.99698;3.47;0.57;10.62;6
7.68;0.276;0.423;1.71;0.073;29.4;120.7;1.00087;3.29;0.6;9.94;6
7.07;0.434;0.297;4.64;0.092;62.2;193.1;0.99801;3.01;0.45;10.62;5
6.49;0.36;0.47;2.01;0.069;66.5;209.6;0.99457;3.38;0.51;10.71;6
6.43;0.43;0.577;14.02;0.049;44.3;180.8;0.99827;3.2;0.47;8.96;6
5.8;0.345;0.383;13.04;0.078;69.2;175.4;0.99648;3.36;0.59;11.36;7
8.83;0.351;0.145;13.06;0.026;41.4;159.1;0.99559;3.29;0.52;10.87;6
6.62;0.3;0.367;12.42;0.04;29.8;141.0;0.99003;3.03;0.41;8.68;5
4.6;0.252;0.261;11.74;0.093;26.3;205.9;0.99551;3.18;0.38;9.84;5
6.47;0.114;0.279;8.07;0.055;31.1;109.6;0.99145;3.19;0.39;12.79;5
6.29;0.269;0.512;8.17;0.031;48.5;173.9;0.99265;2.89;0.74;10.35;7
5.17;0.045;0.401;0.6;0.053;44.4;102.7;0.99779;3.15;0.5;9.03;7
6.9;0.205;0.216;7.52;0.023;33.9;168.3;0.9935;2.94;0.75;8.1;6
8.06;0.282;0.327;6.29;0.07;29.3;206.0;0.99261;3.0;0.62;11.62;6
6.63;0.484;0.164;4.79;0.009;22.0;212.6;0.9944;3.32;0.5;11.35;6
6.65;0.263;0.338;14.52;0.075;34.2;210.2;0.99272;3.34;0.53;10.29;6
5.59;0.297;0.037;12.25;0.091;41.8;124.3;0.99372;2.87;0.33;10.93;5
5.18;0.226;0.367;1.87;0.063;56.3;139.4;0.99133;3.31;0.57;10.6;5
9.11;0.45;0.446;2.16;0.009;52.3;156.3;0.99225;3.09;0.39;11.37;5
6.86;0.327;0.436;2.84;0.04;48.8;111.5;0.98906;3.24;0.35;12.37;7
7.2;0.243;0.201;0.6;0.048;33.8;87.3;0.99451;3.46;0.81;10.0;6
7.68;0.391;0.293;0.6;0.061;36.0;108.8;1.00007;2.79;0.53;10.86;7
5.56;0.459;0.359;3.92;0.036;37.4;108.1;1.00059;3.07;0.53;11.61;5
7.15;0.211;0.329;3.96;0.072;26.1;141.3;0.9933;3.22;0.35;8.09;7
6.7;0.113;0.275;0.6;0.037;2;87.6;0.99241;3.21;0.56;11.97;7
6.61;0.281;0.112;0.6;0.05;65.7;95.7;0.98906;2.95;0.63;10.8;5
6.98;0.261;0.46;1.31;0.052;36.9;149.9;0.99419;3.24;0.46;10.81;6
6.81;0.378;0.504;8.17;0.029;2;138.2;0.98819;3.24;0.41;10.44;6
7.15;0.319;0.362;6.15;0.059;37.2;112.4;0.99232;3.33;0.54;10.56;6
7.79;0.312;0.28;10.05;0.048;32.9;174.8;0.99813;3.5;0.38;11.32;7
8.01;0.361;0.489;8.08;0.035;40.2;70.7;0.99806;3.1;0.5;12.97;6
6.91;0.315;0.104;14.77;0.047;45.3;68.9;0.99519;3.23;0.37;9.16;6
7.05;0.198;0.329;9.62;0.048;72.7;90.6;0.99635;3.12;0.57;9.95;6
7.61;0.315;0.243;5.45;0.013;2;149.5;0.99004;3.03;0.5;9.66;7
9.09;0.181;0.231;6.87;0.021;45.5;206.5;0.99169;3.41;0.28;8.95;8
7.15;0.255;0.365;6.49;0.061;19.8;145.8;1.00012;3.37;0.48;12.49;5
6.68;0.253;0.298;0.6;0.038;71.1;166.0;0.9944;3.24;0.33;10.35;5
6.62;0.225;0.426;5.72;0.041;51.1;117.2;0.99165;3.44;0.45;13.05;6
5.78;0.413;0.236;8.56;0.03;44.4;63.5;0.99356;3.03;0.54;9.27;4
7.81;0.22;0.137;9.11;0.046;26.5;211.4;0.99419;3.31;0.58;9.34;5
6.19;0.238;0.349;2.28;0.039;29.1;56.0;0.99508;3.1;0.62;10.78;7
6.65;0.279;0.463;8.93;0.093;54.4;223.4;0.99174;3.24;0.69;12.62;5
6.52;0.242;0.353;11.49;0.088;48.0;197.2;0.99418;2.95;0.43;10.01;6
7.27;0.113;0.4;3.24;0.032;36.2;53.2;0.99241;3.15;0.49;12.46;6
5.81;0.267;0.294;6.08;0.06;29.3;132.2;0.99681;3.4;0.56;11.2;7
6.15;0.341;0.485;2.46;0.041;35.0;186.9;0.99338;3.09;0.44;9.87;8
6.46;0.237;0.402;0.6;0.069;5.4;121.6;0.9915;3.17;0.39;8.92;6
5.69;0.283;0.389;6.38;0.041;49.9;136.1;0.99384;3.17;0.4;9.57;5
6.24;0.234;0.33;5.09;0.043;54.8;117.7;0.99407;3.05;0.54;8.99;5
6.82;0.512;0.521;12.02;0.037;43.3;63.8;0.99561;3.06;0.41;12.56;6
8.52;0.31;0.161;5.24;0.056;46.0;190.8;0.99832;3.02;0.37;8.33;5
6.05;0.293;0.467;1.18;0.027;28.4;135.8;0.99443;3.12;0.38;10.24;5
7.26;0.043;0.472;10.58;0.071;17.0;155.9;0.99416;3.21;0.26;11.41;6
6.03;0.251;0.419;14.1;0.033;25.4;95.1;0.99151;3.22;0.46;11.01;5
8.15;0.325;0.32;1.57;0.063;36.6;154.1;0.99059;3.0;0.48;10.77;6
5.32;0.154;0.243;3.18;0.087;39.2;137.8;0.99156;3.06;0.79;10.41;5
7.37;0.293;0.44;0.6;0.066;50.4;181.1;1.0004;3.14;0.6;11.21;5
7.78;0.233;0.23;9.31;0.047;56.5;189.0;0.99507;3.16;0.51;13.48;7
6.93;0.298;0.513;10.27;0.059;41.9;180.9;0.98866;3.33;0.51;10.29;6
6.78;0.378;0.377;5.46;0.064;23.0;102.5;0.99236;3.21;0.37;11.96;6
7.17;-0.062;0.369;1.94;0.045;52.6;101.5;0.98918;2.77;0.69;9.55;6
5.81;0.347;0.257;3.2;0.068;48.5;138.6;0.99043;2.99;0.55;10.29;5
6.32;0.17;0.355;1.92;0.045;29.5;170.1;0.98951;3.22;0.52;10.56;6
7.23;0.121;0.198;4.45;0.056;55.1;107.6;0.99622;3.19;0.31;12.68;6
6.14;0.181;0.639;14.92;0.064;26.6;149.3;0.98764;3.28;0.58;10.03;7
6.23;0.345;0.463;1.79;0.019;30.3;148.0;0.9926;3.39;0.48;12.06;5
7.03;0.281;0.39;4.71;0.009;70.7;98.3;1.00192;3.29;0.41;11.12;6
7.25;0.222;0.239;13.12;0.02;30.4;161.2;0.99915;3.2;0.54;8.95;6
6.25;0.258;0.439;3.71;0.04;49.0;35.4;0.99417;3.21;0.6;10.04;6
7.11;0.392;0.157;8.89;0.07;46.8;219.6;0.99478;3.19;0.49;13.11;6
7.07;0.121;0.473;5.59;0.047;28.9;60.7;0.99474;3.07;0.36;9.15;7
5.09;0.448;0.512;4.14;0.05;19.9;179.7;0.9979;3.22;0.23;10.74;5
7.11;0.415;0.518;15.84;0.083;22.6;172.9;1.00237;3.16;0.56;11.68;7
6.03;0.3;0.287;7.94;0.052;43.3;138.8;0.99205;3.12;0.48;9.49;6
5.6;0.258;0.279;0.6;0.058;30.7;179.5;0.99156;3.16;0.39;10.08;6
6.11;0.285;0.138;8.74;0.055;31.6;157.8;0.9955;3.29;0.56;10.11;6
6.24;0.367;0.538;4.74;0.077;59.0;44.6;0.9945;3.33;0.46;11.66;6
6.74;0.124;0.178;5.21;0.067;73.9;102.3;0.9919;3.26;0.44;9.71;6
6.12;0.344;0.458;2.39;0.009;38.4;95.2;0.99617;3.1;0.39;11.94;4
7.63;0.392;0.259;0.63;0.09;54.1;90.9;0.99181;3.26;0.54;11.82;5
6.21;0.45;0.344;3.32;0.057;34.6;123.8;0.99508;2.99;0.47;11.43;6
6.52;0.254;0.254;14.42;0.057;39.3;120.0;0.99244;3.03;0.45;10.19;7
6.61;0.264;0.315;5.75;0.057;59.3;212.0;0.99411;3.17;0.46;12.01;6
6.64;0.311;0.452;2.68;0.028;30.6;167.3;0.99803;3.11;0.6;10.17;5
6.06;0.295;0.369;6.29;0.027;32.2;215.0;0.99345;3.2;0.6;10.23;5
6.72;0.14;0.263;0.6;0.022;47.0;263.7;0.99586;3.25;0.41;9.09;6
6.75;0.216;0.461;7.9;0.009;29.8;36.3;0.99136;3.04;0.67;8.83;5
7.7;0.178;0.461;8.29;0.065;37.4;140.1;0.99434;3.33;0.45;9.61;5
7.0;0.209;0.461;0.6;0.055;37.9;168.7;0.99301;3.05;0.56;8.15;6
5.54;0.357;0.306;9.68;0.049;63.4;132.8;0.98764;3.19;0.5;10.32;5
8.89;0.05;0.364;10.03;0.041;57.0;158.3;0.99284;3.3;0.6;9.57;6
7.88;0.328;0.363;7.32;0.074;20.2;209.2;0.99462;3.2;0.52;10.65;5
5.74;0.093;0.209;6.6;0.063;18.5;68.8;0.99367;3.14;0.36;10.25;7
5.6;0.274;0.25;9.22;0.04;26.6;89.1;0.99869;3.02;0.54;9.36;6
7.01;0.287;0.234;12.95;0.04;19.8;139.8;0.99576;3.24;0.51;9.9;6
5.78;0.328;0.385;8.87;0.052;29.3;94.3;0.99673;3.26;0.45;9.94;5
6.83;0.24;0.32;4.42;0.081;32.2;72.8;0.99231;3.05;0.33;10.52;5
6.83;0.361;0.337;11.37;0.067;31.7;142.2;0.9843;3.31;0.44;10.0;6
7.32;0.129;0.137;13.7;0.043;42.3;223.0;0.99334;3.03;0.6;10.34;5
7.51;0.207;0.164;15.43;0.031;23.1;196.4;0.99315;3.33;0.48;9.49;6
6.04;0.184;0.204;4.41;0.01;94.4;65.2;1.00011;3.05;0.41;8.89;7
6.21;0.463;0.473;4.28;0.04;18.4;117.8;0.9943;3.32;0.5;10.31;7
7.16;0.179;0.505;4.89;0.053;21.0;139.8;0.99089;3.08;0.38;10.03;6
8.07;0.129;0.466;9.72;0.04;31.4;183.6;0.99555;3.29;0.36;12.4;6
5.96;0.366;0.237;3.4;0.03;14.9;172.6;0.99393;3.24;0.65;11.04;8
7.0;0.178;0.35;0.62;0.03;25.4;139.8;0.9991;3.38;0.31;10.97;6
5.52;0.113;0.18;5.87;0.037;32.7;73.4;0.99307;3.11;0.48;10.21;7
6.23;0.29;0.263;11.08;0.037;28.8;167.5;0.99316;3.6;0.56;11.45;6
6.08;0.294;0.295;3.14;0.055;52.0;9.0;0.9963;3.08;0.5;10.02;5
5.94;0.12;0.17;11.72;0.054;38.0;112.7;0.98925;3.15;0.26;9.59;6
5.96;0.342;0.303;10.8;0.048;49.5;119.4;0.9954;3.37;0.5;11.05;6
6.91;0.273;0.479;3.57;0.06;64.9;143.8;0.99834;3.3;0.24;10.49;7
6.94;0.136;0.44;0.6;0.049;43.9;102.5;0.99673;3.34;0.54;11.96;5
8.31;0.386;0.573;0.6;0.046;21.5;95.0;0.98978;3.32;0.32;11.06;6
6.03;0.278;0.585;3.32;0.023;28.4;170.0;0.99479;3.27;0.43;8.0;6
7.58;0.37;0.526;9.25;0.054;29.0;163.6;0.99759;3.19;0.31;9.95;6
8.62;0.424;0.262;2.0;0.034;11.0;142.6;0.99922;3.3;0.67;8.0;5
5.69;0.359;0.27;15.62;0.042;35.5;122.7;0.99198;3.04;0.69;14.77;5
6.8;0.316;0.678;2.34;0.075;18.1;119.6;1.00266;3.13;0.35;11.34;6
8.03;0.244;0.408;5.17;0.056;48.3;180.9;0.98972;3.14;0.55;11.83;6
6.7;0.195;0.193;10.05;0.047;34.3;224.9;0.99465;3.36;0.63;10.6;6
6.47;0.171;0.297;8.99;0.056;3.2;186.6;0.99113;3.51;0.46;11.54;6
7.0;0.336;0.648;14.22;0.084;46.9;147.3;0.9956;3.04;0.51;11.52;7
7.29;0.199;0.374;6.74;0.073;49.7;93.2;0.99598;3.06;0.56;10.13;6
8.24;0.227;0.434;3.3;0.033;55.4;162.4;0.98809;3.11;0.52;10.02;5
6.4;0.211;0.396;0.6;0.046;45.4;100.0;0.99624;3.06;0.5;9.54;6
8.48;0.401;0.426;1.38;0.043;21.1;164.9;0.9947;3.46;0.54;11.86;4
7.52;0.323;0.32;1.47;0.06;55.8;133.9;0.99407;2.92;0.75;10.21;7
6.49;0.349;0.295;16.45;0.055;26.0;162.8;0.9912;3.2;0.75;10.11;6
6.24;0.113;0.27;0.6;0.065;23.4;151.3;0.99138;3.22;0.57;11.68;7
6.51;0.296;0.434;2.11;0.032;27.9;171.9;0.99229;3.17;0.57;10.26;5
7.16;0.202;0.244;9.09;0.026;43.0;135.7;0.99115;3.2;0.44;10.11;6
8.7;0.306;0.605;6.16;0.065;13.0;143.4;0.99036;3.35;0.51;9.06;5
6.09;0.107;0.414;8.86;0.009;13.4;206.8;0.99262;3.05;0.36;9.38;5
6.19;0.281;0.285;0.63;0.066;12.4;169.0;0.99577;3.11;0.55;9.15;6
5.94;0.26;0.425;10.51;0.009;26.1;111.6;0.9953;3.31;0.35;11.74;6
6.77;0.417;0.27;0.6;0.045;24.9;76.4;0.99136;3.39;0.37;10.04;7
8.24;0.3;0.373;7.25;0.059;8.3;79.8;0.99162;3.13;0.36;9.61;7
8.2;0.349;0.283;3.01;0.058;46.9;174.2;0.99678;3.22;0.71;10.3;6
6.08;0.447;0.384;0.6;0.049;23.5;85.6;0.99495;3.29;0.52;9.56;7
7.05;0.014;0.216;10.65;0.05;61.8;66.4;0.99397;3.23;0.5;8.0;8
6.09;0.253;0.256;0.67;0.038;2;112.6;0.9945;3.21;0.41;10.28;5
6.62;0.177;0.291;8.55;0.031;31.3;118.4;0.98906;3.06;0.47;10.58;5
6.8;0.308;0.383;2.91;0.045;14.5;145.3;0.99679;3.26;0.41;8.0;6
6.47;0.249;0.3;5.34;0.024;76.1;116.2;0.99316;3.08;0.54;10.48;5
6.65;0.267;0.195;2.03;0.046;30.3;101.4;0.9961;3.2;0.55;10.11;5
9.0;0.342;0.382;12.26;0.038;49.7;106.3;0.99311;3.03;0.59;9.71;7
5.87;0.273;0.262;9.46;0.039;35.5;155.8;0.99031;3.19;0.55;9.31;6
7.66;0.454;0.312;11.29;0.023;31.1;145.5;0.99112;3.25;0.36;12.85;6
7.75;0.264;0.264;4.17;0.066;53.2;146.1;0.98865;3.16;0.47;8.71;7
5.34;0.216;0.298;5.63;0.049;43.7;43.8;0.99285;3.05;0.57;11.27;6
5.15;0.027;0.576;5.38;0.065;11.7;173.1;0.99122;3.02;0.53;9.89;6
6.03;0.194;0.301;7.16;0.043;31.6;180.5;0.99526;3.25;0.49;11.78;5
6.2;0.352;0.356;11.31;0.046;18.4;191.6;0.99341;3.19;0.41;8.9;7
5.83;0.329;0.279;10.26;0.052;35.6;119.2;0.99448;3.39;0.64;10.23;7
7.44;0.23;0.183;4.88;0.043;23.7;122.4;0.98743;3.28;0.54;9.83;6
7.64;0.341;0.149;5.95;0.015;31.2;100.5;0.99588;3.19;0.64;12.2;6
5.56;0.136;0.409;7.83;0.064;36.6;203.7;0.98985;3.14;0.33;10.81;6
6.68;0.195;0.351;0.6;0.009;45.9;153.1;0.9949;3.26;0.57;9.6;6
6.61;0.346;0.446;0.6;0.037;32.6;76.5;0.99262;3.17;0.41;10.51;5
7.41;0.177;0.388;7.82;0.009;51.6;123.5;0.99182;3.53;0.45;12.31;5
6.66;0.37;0.376;5.14;0.037;22.3;154.5;0.99491;3.32;0.54;12.12;6
6.54;0.42;0.575;7.26;0.032;40.9;131.9;0.9904;3.02;0.27;9.21;6
5.72;0.006;0.377;13.51;0.092;44.9;200.6;0.99509;3.04;0.41;10.64;5
6.9;0.385;0.507;0.6;0.009;20.7;69.1;0.99248;3.42;0.29;10.25;5
7.41;0.223;0.437;10.63;0.028;32.0;168.4;0.99317;3.1;0.6;11.58;5
7.72;0.32;0.2;0.9;0.038;25.4;138.5;0.99092;3.1;0.46;10.12;6
5.54;0.435;0.29;5.1;0.042;47.5;77.6;0.99117;3.16;0.42;13.63;7
6.24;0.441;0.369;12.07;0.081;38.5;148.6;0.99167;3.1;0.69;12.21;6
5.89;0.337;0.325;8.23;0.009;26.3;94.1;0.99464;3.1;0.36;8.89;7
7.5;0.206;0.237;11.3;0.097;59.5;199.1;0.99237;3.43;0.29;10.61;6
8.59;0.406;0.238;0.6;0.078;45.9;36.5;0.99276;3.08;0.62;10.68;6
7.09;0.355;0.417;11.53;0.082;47.2;115.7;0.99708;3.41;0.46;10.5;5
6.17;0.212;0.448;7.13;0.042;37.1;166.2;0.99103;3.07;0.37;8.0;6
9.95;0.47;0.2;7.53;0.051;32.9;167.0;0.99762;3.22;0.36;11.08;6
7.6;0.235;0.464;15.1;0.029;33.5;161.4;0.99544;3.26;0.62;11.23;7
7.02;0.384;0.385;5.19;0.047;36.1;167.8;0.99208;3.16;0.57;8.21;6
5.62;0.307;0.322;0.6;0.014;61.8;217.3;0.98961;3.32;0.39;12.51;7
9.24;0.269;0.452;4.64;0.065;29.6;214.3;0.99179;3.5;0.45;8.78;6
7.27;0.348;0.274;10.03;0.042;10.9;90.5;0.99057;3.23;0.57;10.48;7
7.0;0.42;0.383;10.41;0.036;38.7;89.0;0.9917;3.33;0.43;11.42;7
5.82;0.336;0.186;13.82;0.028;11.6;91.3;0.99169;2.89;0.3;9.33;6
5.67;0.216;0.362;7.1;0.059;58.7;134.4;0.99504;3.37;0.48;8.09;6
6.97;0.188;0.204;0.6;0.048;33.8;98.0;0.99343;3.07;0.46;8.24;6
6.89;0.319;0.285;4.84;0.041;62.0;56.0;0.99387;3.04;0.56;10.88;6
7.21;0.261;0.178;9.24;0.08;42.9;183.6;0.99483;3.47;0.34;10.49;7
6.94;0.321;0.123;2.25;0.021;38.8;144.6;0.99324;2.95;0.53;8.13;6
6.93;0.467;0.315;1.07;0.056;49.8;151.1;0.999;3.34;0.33;11.22;5
6.29;0.331;0.327;15.81;0.042;13.8;191.7;0.99562;3.16;0.73;10.5;6
7.28;0.294;0.208;3.74;0.035;2.9;164.8;0.99508;3.23;0.5;11.36;6
7.6;0.427;0.348;2.28;0.034;5.6;42.7;0.99168;3.18;0.54;11.18;5
5.68;0.222;0.315;3.5;0.033;39.7;101.3;0.991;3.35;0.36;10.16;5
7.65;0.341;0.272;5.13;0.07;26.1;123.5;0.99206;3.07;0.54;8.32;7
5.62;0.145;0.399;10.18;0.066;6.9;160.3;0.98932;2.93;0.53;11.46;5
5.29;0.277;0.316;7.76;0.076;20.2;124.7;0.98788;3.05;0.57;8.86;6
6.69;0.346;0.212;0.6;0.062;79.7;134.0;0.99367;3.11;0.44;12.04;7
6.98;0.298;0.252;8.51;0.052;29.2;185.4;0.99126;3.33;0.37;10.2;5
6.34;0.313;0.136;6.08;0.061;31.1;165.8;0.99476;3.5;0.37;9.58;6
6.13;0.17;0.504;8.58;0.059;50.0;186.2;0.98764;3.07;0.73;11.95;6
6.2;0.235;0.097;5.42;0.061;37.5;149.8;0.99254;3.06;0.5;10.7;5
7.61;0.215;0.543;7.83;0.032;58.2;103.0;0.9946;3.0;0.52;11.27;7
7.04;0.345;0.369;8.57;0.074;44.0;144.4;1.00018;2.96;0.52;11.69;6
7.0;0.25;0.402;0.6;0.083;49.1;196.9;0.99401;3.23;0.58;11.18;5
6.67;0.273;0.25;13.21;0.059;42.2;71.8;0.99352;3.02;0.51;10.66;6
6.2;0.212;0.286;3.41;0.114;2;116.6;0.98992;2.94;0.61;9.06;7
7.72;0.411;0.125;12.22;0.036;2;162.9;0.99518;3.18;0.56;10.28;5
5.91;0.288;0.228;6.65;0.009;24.4;160.7;0.98785;3.09;0.67;12.18;6
8.08;0.258;0.375;6.33;0.03;39.3;185.3;0.99776;2.92;0.22;11.4;6
8.34;0.371;0.464;4.27;0.016;35.5;138.7;0.99431;2.85;0.5;9.18;5
6.07;0.306;0.186;15.04;0.028;16.6;146.4;0.99398;3.1;0.52;10.85;7
8.42;0.111;0.453;8.96;0.081;36.3;158.9;0.99645;3.28;0.53;10.65;7
6.27;0.222;0.341;7.39;0.063;60.3;51.9;0.99246;3.21;0.57;11.7;6
7.11;0.388;0.284;0.6;0.051;21.7;112.6;0.99134;3.2;0.56;11.49;6
6.7;0.336;0.415;0.6;0.059;7.4;84.9;0.99056;3.15;0.42;11.94;7
6.23;0.19;0.421;9.29;0.009;19.8;183.0;0.99498;3.06;0.33;11.92;6
6.52;0.429;0.136;11.17;0.037;37.3;81.3;0.99335;3.14;0.44;9.33;5
7.37;0.158;0.401;1.74;0.058;39.0;160.1;0.99272;2.98;0.34;8.31;8
5.55;0.18;0.292;11.97;0.046;31.6;132.7;0.99611;3.25;0.77;10.37;7
6.02;0.234;0.349;1.22;0.056;53.6;201.5;0.9941;3.34;0.65;9.36;5
7.76;0.305;0.045;4.03;0.05;46.8;147.5;0.98921;3.14;0.47;8.45;6
6.85;0.209;0.429;4.96;0.04;16.6;137.3;0.99512;3.15;0.41;11.31;8
5.99;0.227;0.371;14.56;0.051;38.9;180.9;0.98957;3.08;0.39;9.86;6
8.24;0.105;0.65;10.51;0.05;25.5;116.2;0.99424;2.94;0.36;9.61;7
4.67;0.47;0.366;4.5;0.073;8.5;193.7;0.99144;3.16;0.47;8.09;5
7.45;0.038;0.563;0.95;0.067;55.7;91.8;0.98838;3.21;0.5;11.69;5
6.19;0.36;0.315;6.95;0.053;20.1;144.1;0.99403;3.12;0.47;11.0;6
7.8;0.237;0.309;0.6;0.058;42.0;79.4;1.00273;3.2;0.39;9.22;8
5.65;0.293;0.209;3.48;0.041;9.9;174.9;0.99654;3.03;0.62;9.69;7
7.19;0.27;0.331;11.41;0.028;58.0;211.3;0.99509;3.3;0.56;9.41;8
6.53;0.301;0.298;1.85;0.025;42.4;156.0;0.99678;3.46;0.46;10.25;7
7.41;0.329;0.527;13.05;0.103;25.8;92.6;0.99789;3.22;0.63;11.95;7
7.61;0.326;0.329;12.86;0.009;50.2;125.1;0.99711;3.29;0.36;13.41;6
6.27;0.191;0.109;15.54;0.053;27.0;181.3;0.99799;3.25;0.29;11.48;6
6.63;0.327;0.462;4.67;0.032;28.1;89.1;0.99463;3.22;0.45;9.12;6
7.3;0.314;0.293;7.54;0.044;51.6;160.5;0.99101;3.22;0.52;10.37;5
8.06;0.29;0.334;14.26;0.042;43.7;115.4;0.99388;3.14;0.55;11.55;5
6.98;0.272;0.443;5.46;0.032;28.5;121.3;0.99448;3.17;0.18;14.53;6
7.48;0.291;0.403;7.97;0.051;20.4;116.4;0.99619;3.13;0.6;9.53;6
7.41;0.294;0.435;2.8;0.034;47.1;83.8;0.99475;3.27;0.68;9.53;6
7.33;0.268;0.509;4.92;0.063;69.3;131.9;0.99593;3.26;0.49;10.58;6
7.37;0.196;0.445;2.38;0.029;17.1;105.4;0.9971;3.19;0.32;9.59;5
6.3;0.249;0.36;4.76;0.045;57.6;76.2;0.99414;3.22;0.61;8.0;5
7.82;0.431;0.287;10.98;0.031;20.0;228.0;0.99451;3.25;0.41;9.43;7
6.68;0.259;0.399;13.44;0.045;20.0;128.6;0.9905;3.26;0.4;10.39;5
6.22;0.335;0.221;9.89;0.041;34.6;91.0;0.99426;3.02;0.51;11.98;7
6.84;0.322;0.224;0.6;0.07;67.3;145.2;0.99092;3.05;0.24;11.83;5
6.07;0.356;0.339;8.69;0.057;37.1;143.9;0.99764;3.05;0.36;8.0;6
5.93;0.387;0.236;0.6;0.044;54.9;166.3;0.99488;3.39;0.3;11.44;6
7.12;0.209;0.398;9.25;0.037;33.2;121.3;0.993;3.14;0.52;10.19;7
7.2;0.231;0.343;8.88;0.021;24.5;206.4;1.00096;3.28;0.33;11.88;5
6.8;0.204;0.503;6.01;0.04;27.1;174.7;0.99554;3.18;0.36;10.96;5
5.61;0.398;0.226;6.66;0.095;69.6;149.9;0.99579;3.11;0.25;12.33;7
5.33;0.393;0.093;11.83;0.031;21.2;95.1;0.99641;3.32;0.55;10.71;5
7.13;0.481;0.51;7.82;0.048;30.5;107.9;0.99111;3.36;0.47;9.92;6
6.47;0.214;0.332;5.99;0.057;6.8;102.9;0.99063;3.04;0.63;10.47;6
5.9;0.247;0.323;3.88;0.051;32.6;183.6;0.99284;2.84;0.63;10.19;6
5.83;0.099;0.455;3.69;0.009;35.1;115.6;0.99902;2.8;0.63;9.84;7
8.18;0.203;0.368;8.58;0.086;42.3;140.1;0.99193;3.13;0.52;9.61;6
7.41;0.223;0.181;6.49;0.031;87.9;203.0;0.99596;3.01;0.37;9.13;6
7.36;0.281;0.374;13.34;0.04;44.9;97.4;0.99492;3.14;0.39;10.87;6
6.8;0.223;0.469;11.56;0.026;61.0;56.3;0.99885;3.1;0.56;9.57;5
6.94;0.453;0.188;7.36;0.074;29.8;123.8;0.99817;2.89;0.42;10.77;6
5.24;0.338;0.429;6.44;0.04;20.3;95.3;0.99832;3.26;0.7;13.0;6
6.45;0.235;0.542;6.44;0.032;37.7;49.9;0.99268;3.29;0.42;13.74;5
7.13;0.307;0.449;10.99;0.033;22.9;183.5;0.99153;3.12;0.44;10.37;6
8.05;0.218;0.286;5.14;0.049;51.5;158.9;0.99322;3.03;0.64;9.56;6
6.81;0.297;0.332;6.65;0.023;24.7;140.7;0.99767;3.32;0.63;11.83;6
7.47;0.237;0.31;13.64;0.026;33.9;160.2;0.996;3.14;0.51;10.31;7
6.56;0.285;0.34;14.92;0.074;13.0;143.8;0.99391;3.08;0.64;9.87;6
7.44;0.326;0.449;4.82;0.009;46.5;155.5;0.99627;3.19;0.56;10.04;5
6.22;0.319;0.308;12.14;0.059;77.2;107.7;1.00022;3.18;0.54;12.24;5
6.31;0.325;0.313;7.37;0.048;37.8;144.9;1.0006;3.03;0.47;11.41;6
6.21;0.203;0.416;0.6;0.02;10.0;137.7;0.99249;3.26;0.52;10.51;5
6.82;0.176;0.376;3.6;0.081;11.1;137.0;0.99385;2.83;0.45;10.69;5
6.56;0.369;0.429;7.67;0.041;28.3;120.0;0.9933;3.09;0.43;9.84;6
6.26;0.261;0.271;13.69;0.036;41.7;145.2;0.99046;3.1;0.48;11.12;5
7.36;0.168;0.418;11.23;0.018;60.3;128.2;0.99247;3.03;0.57;10.22;5
7.59;0.178;0.298;0.6;0.036;25.0;205.2;0.99957;3.24;0.47;9.12;5
7.51;0.378;0.349;7.5;0.034;2;169.3;0.99682;3.21;0.44;8.88;6
7.02;0.314;0.413;2.17;0.033;29.7;196.9;0.99312;2.94;0.46;11.13;7
7.49;0.357;0.556;9.72;0.072;33.0;183.5;0.99323;3.31;0.46;11.44;5
6.54;0.181;0.244;10.14;0.051;31.2;112.1;0.99528;3.22;0.47;11.24;6
7.64;0.162;0.455;11.02;0.041;34.0;122.3;0.99494;3.42;0.49;9.67;5
5.79;0.403;0.265;4.21;0.021;38.7;147.0;0.99151;3.18;0.25;11.23;6
7.73;0.452;0.437;2.78;0.019;41.0;27.7;0.99795;3.35;0.37;10.47;5
6.6;0.434;0.158;0.6;0.017;40.9;110.1;0.99255;3.48;0.48;11.46;7
7.17;0.172;0.418;8.86;0.068;29.3;149.1;1.00061;3.21;0.37;10.01;8
7.77;0.417;0.466;4.07;0.045;41.8;120.3;0.99522;2.84;0.56;8.43;6
8.07;0.162;0.187;7.75;0.019;22.3;156.4;0.99462;3.18;0.48;11.66;5
7.8;0.297;0.157;10.41;0.021;39.6;215.9;0.99874;3.13;0.53;12.53;6
6.99;0.296;0.393;11.51;0.045;38.2;75.2;0.99893;3.31;0.39;10.24;6
7.22;0.329;0.31;9.88;0.041;30.2;131.3;0.99369;3.02;0.65;10.84;6
6.3;0.4;0.099;12.44;0.077;66.9;163.0;0.99927;3.29;0.54;8.53;7
6.72;0.135;0.336;5.58;0.04;33.5;128.4;0.9956;3.18;0.64;11.92;6
6.59;0.16;0.31;12.77;0.092;38.0;125.6;0.99637;3.29;0.49;9.26;6
8.34;0.328;0.112;0.6;0.065;67.1;187.2;0.9963;2.93;0.33;12.38;6
5.78;0.391;0.153;3.95;0.047;38.9;46.6;0.99246;3.28;0.49;8.6;8
7.3;0.123;0.416;7.97;0.056;76.0;91.9;0.99676;3.21;0.4;10.96;5
7.74;0.357;0.367;14.02;0.087;7.8;153.4;0.99369;3.33;0.34;11.73;7
7.43;0.334;0.242;11.66;0.066;43.4;257.3;0.99418;3.17;0.53;9.18;6
7.22;0.448;0.37;12.02;0.042;10.8;120.6;0.98979;2.99;0.55;9.76;6
6.98;0.387;0.504;2.54;0.064;53.8;130.4;0.98938;3.49;0.41;10.69;6
7.24;0.172;0.223;9.32;0.032;51.5;74.4;0.99448;3.12;0.46;11.65;6
5.12;0.202;0.243;5.25;0.054;18.4;128.1;0.99645;3.22;0.63;9.25;5
5.34;0.322;0.23;10.06;0.033;19.4;195.2;0.99745;2.98;0.35;10.95;5
5.96;0.16;0.19;3.17;0.035;37.1;224.1;0.99735;3.38;0.57;12.04;5
7.9;0.339;0.452;9.83;0.043;48.8;112.3;0.99118;3.04;0.51;9.09;8
7.25;0.18;0.153;5.27;0.024;50.4;34.9;0.99873;3.0;0.49;11.51;6
5.79;0.355;0.317;4.28;0.041;10.7;69.7;0.99019;3.02;0.52;10.0;7
6.02;0.502;0.377;2.67;0.042;52.5;144.9;0.99465;3.31;0.56;10.69;6
6.33;0.202;0.247;0.6;0.051;2;174.5;0.99214;2.92;0.49;11.27;7
6.43;0.325;0.29;6.48;0.023;46.0;123.4;0.99695;3.13;0.49;10.78;6
7.03;0.148;0.276;9.46;0.066;79.3;132.3;0.99032;3.08;0.47;9.14;8
7.9;0.339;0.413;5.25;0.033;15.1;146.0;0.98947;3.11;0.72;9.61;6
7.41;0.301;0.356;0.6;0.06;5.8;196.8;0.9878;3.09;0.57;10.81;6
6.51;0.166;0.139;12.32;0.039;44.6;151.2;0.99527;3.19;0.45;10.85;6
4.94;0.185;0.099;3.77;0.031;45.5;160.8;0.9932;3.14;0.49;10.44;7
6.89;0.276;0.192;12.09;0.009;25.2;183.3;1.00003;3.47;0.53;9.16;6
7.29;0.343;0.038;9.92;0.009;6.8;111.2;0.99273;3.14;0.6;11.15;5
6.91;0.356;0.286;0.69;0.068;33.1;99.9;0.99709;3.44;0.49;10.14;6
6.57;0.162;0.507;9.29;0.055;43.3;75.2;0.99779;3.52;0.71;9.89;5
6.63;0.303;0.389;6.79;0.068;14.5;81.8;0.99861;3.44;0.39;9.75;6
6.46;0.374;0.241;9.98;0.054;60.7;140.9;0.99403;3.11;0.46;9.53;8
5.59;0.308;0.307;9.66;0.031;63.5;115.6;0.99104;3.08;0.58;8.76;6
7.89;0.306;0.413;10.1;0.045;57.1;115.2;1.00068;3.21;0.63;10.02;7
8.09;0.362;0.371;8.15;0.025;61.3;107.4;0.98621;3.05;0.52;10.19;6
6.88;0.19;0.17;0.6;0.017;2;116.9;0.99454;3.2;0.42;11.74;6
8.11;0.161;0.294;5.14;0.049;34.5;223.3;1.00031;3.35;0.57;8.69;5
6.11;0.284;0.382;0.6;0.032;24.9;173.6;0.9957;3.15;0.6;11.43;7
6.67;0.124;0.475;4.9;0.053;40.7;120.7;0.99149;3.52;0.25;9.96;5
6.46;0.146;0.239;5.19;0.085;33.0;205.6;0.98846;3.39;0.67;9.16;6
7.05;0.325;0.487;8.59;0.062;11.9;129.3;0.99769;3.28;0.52;11.2;7
6.66;0.208;0.471;5.52;0.059;42.8;147.8;0.99159;3.2;0.46;10.81;6
6.57;0.276;0.235;1.48;0.087;63.1;140.9;0.99393;3.12;0.49;8.83;6
8.66;0.216;0.362;9.31;0.045;68.6;171.0;0.99735;3.18;0.49;9.2;6
6.47;0.324;0.194;7.2;0.064;67.9;176.6;0.98986;3.2;0.5;10.41;6
7.74;0.274;0.184;14.64;0.014;63.7;84.5;0.99692;3.26;0.63;9.6;5
8.09;0.327;0.315;1.47;0.086;55.8;61.0;0.99486;3.27;0.51;10.42;5
7.08;0.288;0.353;8.12;0.073;37.0;131.2;0.99547;2.86;0.64;11.51;6
7.17;0.215;0.426;0.6;0.067;10.6;148.5;0.99185;3.24;0.51;11.72;5
6.08;0.206;0.344;7.09;0.07;16.6;117.1;0.99549;3.02;0.53;10.31;7
7.09;0.273;0.39;9.24;0.024;38.6;194.0;0.99101;3.44;0.5;8.68;6
6.98;0.226;0.365;0.96;0.052;69.8;157.3;0.99118;3.16;0.34;12.2;6
6.62;0.253;0.426;4.12;0.043;41.3;186.7;0.99731;3.11;0.43;8.79;7
6.57;0.374;0.445;6.18;0.099;29.8;113.0;0.99394;3.28;0.46;8.76;7
7.35;0.064;0.481;6.75;0.069;60.9;9;0.99751;3.36;0.38;10.35;5
7.59;0.165;0.232;8.29;0.01;12.0;164.2;0.99364;3.2;0.49;8.65;7
6.33;0.378;0.192;6.54;0.048;55.6;159.6;0.99388;3.04;0.53;10.64;5
7.39;0.098;0.301;6.23;0.043;70.3;90.7;0.99446;3.11;0.63;10.27;7
5.4;0.299;0.299;12.91;0.056;34.7;121.3;0.99353;3.5;0.44;9.89;5
5.66;0.266;0.392;1.94;0.029;10.5;70.4;0.9918;3.36;0.34;12.13;7
6.86;0.3;0.291;1.37;0.077;2.2;186.7;0.99429;3.17;0.63;15.02;5
6.26;0.244;0.421;0.6;0.072;12.9;151.2;0.99839;3.28;0.69;10.11;7
6.29;0.283;0.152;2.2;0.032;36.8;84.8;0.99319;3.26;0.67;11.58;6
6.68;0.428;0.199;0.6;0.086;47.6;133.0;0.99496;3.51;0.66;9.68;6
6.8;0.331;0.385;11.19;0.05;51.0;95.0;0.99572;3.09;0.48;12.54;6
6.18;0.327;0.138;2.29;0.093;68.8;136.9;0.99022;3.19;0.47;11.87;5
6.01;0.376;0.294;10.16;0.024;57.1;159.1;0.98825;3.25;0.57;12.58;6
5.41;0.371;0.286;5.96;0.012;48.5;122.9;0.99085;3.28;0.34;9.4;5
7.06;0.396;0.264;8.61;0.082;4.8;157.3;0.99426;3.1;0.37;11.32;6
7.94;0.255;0.141;7.59;0.043;50.9;145.6;0.99011;3.28;0.29;11.26;6
5.64;0.244;0.302;7.26;0.024;30.3;61.4;0.99094;3.2;0.7;10.19;7
5.24;0.364;0.185;14.06;0.041;2;82.0;1.00163;3.27;0.49;10.02;7
8.01;0.319;0.409;4.34;0.085;42.2;86.4;0.99371;2.95;0.38;11.32;5
7.08;0.186;0.315;13.36;0.009;40.7;110.7;0.98913;3.35;0.34;8.0;7
6.93;0.334;0.506;1.12;0.017;35.6;197.9;0.9987;3.33;0.59;12.06;5
6.56;0.312;0.235;11.92;0.049;23.1;113.1;0.99319;3.14;0.27;11.13;6
6.2;0.142;0.269;9.03;0.051;32.7;136.4;0.99793;3.52;0.34;9.29;6
7.42;0.27;0.428;0.74;0.015;42.4;105.2;0.99548;3.3;0.43;10.99;7
6.22;0.289;0.367;5.82;0.044;21.9;189.6;0.9966;3.22;0.43;10.13;6
8.04;0.272;0.106;17.41;0.04;14.7;81.0;0.99533;3.0;0.5;10.52;5
6.47;0.25;0.141;7.0;0.067;47.2;127.7;0.99287;3.07;0.57;9.72;5
7.16;0.354;0.356;3.73;0.017;6.7;149.8;0.99124;3.23;0.49;11.7;5
6.25;0.426;0.269;7.72;0.062;52.5;126.4;0.99079;3.32;0.44;11.84;6
7.19;0.385;0.242;0.6;0.024;43.6;151.7;0.99567;3.26;0.39;10.11;5
5.22;0.223;0.139;0.6;0.064;40.4;80.5;0.99375;3.06;0.56;9.36;6
6.58;0.213;0.191;4.46;0.066;28.7;86.0;0.99073;3.22;0.32;12.51;6
7.22;0.348;0.382;6.98;0.042;26.7;71.5;0.98997;3.25;0.5;11.8;6
6.99;0.301;0.265;13.23;0.067;6.8;157.1;0.99645;3.22;0.49;11.3;6
8.26;0.475;0.515;6.24;0.026;30.6;89.4;0.99499;3.21;0.54;9.83;5
4.77;0.429;0.38;7.28;0.071;24.3;106.2;0.99696;3.26;0.49;11.95;7
6.37;0.24;0.457;0.69;0.057;29.8;54.7;0.99274;3.24;0.4;10.38;5
5.76;0.244;0.651;6.53;0.097;30.1;190.3;0.99572;3.28;0.63;10.53;5
6.91;0.116;0.249;8.16;0.085;62.9;130.7;0.99565;3.18;0.25;12.86;6
7.37;0.34;0.531;3.51;0.068;32.1;120.5;1.00125;3.09;0.48;10.5;6
5.94;0.224;0.279;10.46;0.013;9.3;124.0;0.9924;3.32;0.43;10.54;7
7.11;0.275;0.458;4.58;0.046;2;104.8;0.99225;3.26;0.45;11.57;7
6.91;0.364;0.465;7.45;0.026;53.6;128.6;0.99261;3.14;0.72;10.3;6
6.76;0.211;0.374;2.28;0.041;39.8;154.7;0.99672;3.21;0.49;9.02;6
7.58;0.128;0.327;7.53;0.016;63.9;118.9;0.99245;3.08;0.41;8.0;5
7.59;0.347;0.417;14.27;0.058;2;143.2;0.9963;3.03;0.48;11.62;5
6.38;0.31;0.343;8.44;0.112;31.3;154.1;0.99851;3.1;0.32;9.93;8
6.71;0.399;0.372;0.6;0.055;72.3;118.8;0.99477;3.2;0.36;10.99;7
5.6;0.168;0.465;10.07;0.015;52.1;132.4;0.99413;3.46;0.39;11.88;6
6.49;0.447;0.239;11.39;0.037;56.1;149.1;0.99458;3.37;0.42;9.29;7
6.65;0.259;0.388;3.06;0.037;44.0;110.0;0.99262;3.37;0.46;9.12;5
6.72;0.332;0.27;4.96;0.06;2;147.9;0.99392;3.17;0.53;9.5;5
7.79;0.231;0.271;5.13;0.061;36.6;144.5;0.99332;3.52;0.51;9.58;6
6.33;0.361;0.266;9.71;0.025;20.3;136.6;0.99216;3.3;0.4;11.93;5
6.34;0.073;0.494;0.6;0.055;32.4;179.0;0.99847;3.27;0.56;9.32;6
7.35;0.344;0.183;5.71;0.037;29.7;138.2;0.99728;3.05;0.42;11.12;5
7.95;0.213;0.103;7.83;0.075;34.9;169.7;0.99319;3.07;0.59;10.49;6
6.48;0.245;0.311;4.0;0.058;42.6;174.0;0.99281;3.28;0.51;11.3;5
7.46;0.175;0.203;1.98;0.087;40.4;140.1;0.98719;3.24;0.55;10.92;5
6.68;0.106;0.384;2.47;0.06;47.3;110.3;0.98686;2.99;0.36;10.76;5
7.97;0.371;0.297;10.26;0.095;60.6;172.2;0.99872;3.18;0.73;10.17;6
6.6;0.272;0.511;17.31;0.009;8.4;149.9;0.99661;3.01;0.53;11.85;6
6.15;0.189;0.289;12.88;0.064;15.9;185.0;0.99163;3.27;0.52;11.82;6
5.93;0.422;0.512;4.83;0.064;17.0;79.0;0.99736;3.19;0.54;9.91;7
6.04;0.205;0.562;9.26;0.012;33.0;189.0;0.98846;2.95;0.44;9.49;6
6.87;0.237;0.25;16.65;0.018;26.3;157.0;0.9924;3.07;0.34;10.7;7
6.27;0.247;0.374;7.36;0.048;26.6;146.8;0.99501;3.31;0.38;9.28;6
7.98;0.241;0.322;9.44;0.083;32.5;86.9;0.99133;3.31;0.42;10.26;5
7.21;0.261;0.338;13.12;0.043;25.2;128.0;0.99014;3.23;0.39;11.01;6
6.89;0.26;0.299;7.47;0.038;35.8;108.8;0.99584;3.33;0.53;9.87;6
6.67;0.356;0.457;4.66;0.03;40.5;119.5;0.996;3.26;0.39;8.0;6
4.35;0.437;0.268;7.04;0.054;9.4;242.2;0.99579;3.05;0.39;11.62;7
6.1;0.371;0.088;12.0;0.084;29.4;105.8;0.99785;3.32;0.56;10.76;5
6.04;0.29;0.206;10.87;0.03;68.8;193.7;0.9955;3.14;0.7;10.06;5
8.3;0.237;0.367;2.06;0.073;28.1;128.3;0.99148;2.99;0.62;10.92;6
6.59;0.294;0.24;12.51;0.048;32.3;87.6;0.99418;3.17;0.44;9.67;5
7.18;0.078;0.342;1.3;0.07;49.9;196.6;0.99498;3.01;0.52;9.59;6
6.44;0.318;0.361;0.79;0.037;60.1;129.1;0.99041;3.16;0.6;11.13;5
5.75;0.201;0.211;9.13;0.029;42.2;75.6;0.99478;3.03;0.47;8.2;6
6.93;0.356;0.42;7.88;0.059;2;104.1;0.99105;3.35;0.39;11.77;7
8.38;0.358;0.429;5.05;0.036;11.4;178.3;0.99289;3.23;0.35;11.81;6
7.41;0.41;0.422;7.08;0.021;46.3;97.4;0.99278;3.63;0.4;10.12;6
6.21;0.211;0.235;8.99;0.028;13.3;111.2;0.99578;3.29;0.5;13.82;6
6.68;0.263;0.409;3.88;0.056;20.9;86.2;0.99165;3.12;0.56;11.0;7
5.82;0.14;0.298;6.74;0.009;57.4;104.1;0.99744;3.25;0.57;10.21;5
6.63;0.29;0.114;0.6;0.039;39.6;164.9;0.99588;3.27;0.22;11.15;5
7.69;0.28;0.31;3.32;0.057;30.4;115.2;0.99331;2.98;0.72;10.92;5
5.56;0.233;0.361;12.93;0.047;42.3;116.1;0.99366;3.11;0.56;8.43;5
6.21;0.336;0.31;13.01;0.098;39.1;29.1;0.99411;3.2;0.59;10.62;6
8.3;0.314;0.154;11.98;0.056;32.0;110.9;0.99323;3.0;0.55;11.24;5
5.21;0.352;0.306;12.95;0.035;40.0;124.5;0.99711;3.14;0.46;10.1;7
6.69;0.326;0.273;4.26;0.021;39.6;134.1;0.99411;3.03;0.67;10.53;6
5.56;0.241;0.493;5.93;0.009;22.3;66.0;0.99438;3.34;0.45;10.96;6
6.93;0.344;0.271;8.25;0.061;35.4;151.2;0.99801;3.13;0.5;11.18;4
7.04;0.377;0.28;3.13;0.075;40.3;177.2;0.99398;3.23;0.31;10.67;6
7.0;0.311;0.515;3.81;0.045;23.3;129.6;0.99387;3.23;0.4;10.79;6
6.29;0.256;0.439;7.57;0.066;34.4;157.0;0.98886;3.31;0.59;8.89;6
8.22;0.248;0.192;8.68;0.046;48.7;129.8;0.98958;3.12;0.44;12.22;5
7.22;0.236;0.406;11.92;0.063;32.9;140.6;0.99365;2.87;0.65;12.09;7
7.57;0.243;0.201;9.48;0.062;44.2;89.9;0.9961;2.87;0.6;10.26;7
7.42;0.236;0.38;6.7;0.026;8.3;171.7;0.99756;3.06;0.15;10.8;6
6.51;0.373;0.374;6.32;0.041;51.2;122.0;0.99117;3.0;0.43;10.93;6
6.78;0.341;0.371;6.57;0.059;63.3;148.7;0.99433;3.09;0.44;10.87;6
7.94;0.287;0.334;3.37;0.066;18.7;130.1;0.99634;3.35;0.44;10.9;7
7.17;0.349;0.468;6.36;0.054;5.2;131.1;0.99299;3.32;0.38;13.16;5
7.28;0.264;0.348;0.6;0.064;33.1;90.4;0.99294;3.16;0.37;11.06;5
7.55;0.391;0.326;18.89;0.05;37.5;97.6;0.9897;3.44;0.27;9.33;6
5.52;0.285;0.319;12.12;0.055;39.2;192.2;0.99469;3.26;0.49;8.53;5
5.98;0.285;0.479;1.97;0.036;31.6;183.9;0.99733;3.27;0.31;8.27;5
7.68;0.47;0.376;12.97;0.027;28.8;157.9;0.99558;3.26;0.45;12.79;6
6.54;0.179;0.232;9.16;0.039;31.1;56.9;0.99398;3.41;0.69;9.82;7
7.26;0.136;0.34;2.0;0.03;32.5;185.6;0.99663;3.09;0.39;11.1;6
5.44;0.441;0.439;0.6;0.043;23.6;132.5;0.99266;3.41;0.39;11.17;7
4.81;0.298;0.434;7.93;0.054;48.4;137.1;0.99118;3.38;0.55;9.79;8
6.69;0.228;0.315;8.52;0.075;37.6;175.0;1.00073;3.24;0.5;10.82;6
6.53;0.181;0.287;10.14;0.054;22.2;120.0;0.99213;3.03;0.51;11.77;5
5.5;0.322;0.465;7.66;0.01;28.3;183.0;0.99604;3.15;0.49;11.41;6
6.41;0.635;0.217;4.57;0.102;63.8;198.9;0.99482;3.18;0.47;8.85;5
7.32;0.267;0.408;0.6;0.019;26.9;166.0;0.99403;3.21;0.43;10.62;6
5.25;0.357;0.273;0.6;0.014;15.4;192.4;0.99498;3.16;0.47;9.95;6
6.18;0.439;0.307;7.46;0.036;33.0;137.4;0.99401;3.22;0.51;10.52;5
8.14;0.29;0.378;3.22;0.104;27.3;82.5;0.99228;3.21;0.6;11.06;5
8.1;0.024;0.366;7.65;0.075;10.0;173.2;0.99215;3.1;0.49;11.58;6
7.5;0.323;0.438;0.6;0.036;35.1;150.7;0.99476;3.32;0.39;9.89;6
7.91;0.356;0.381;9.18;0.071;12.8;227.5;0.99281;3.23;0.56;10.2;6
6.05;0.372;0.453;17.48;0.034;50.9;31.0;0.9959;3.24;0.45;12.92;4
6.6;0.305;0.453;4.67;0.055;41.2;70.1;1.00127;3.16;0.63;10.44;5
7.77;0.345;0.585;10.57;0.049;44.2;156.4;0.99286;3.06;0.53;12.35;7
7.42;0.234;0.411;2.98;0.013;35.1;101.0;0.99489;3.13;0.54;11.43;6
6.68;0.15;0.328;17.27;0.037;38.0;121.3;0.99742;3.7;0.42;11.77;6
6.92;0.274;0.347;5.02;0.045;29.3;174.8;0.99111;3.41;0.44;9.18;5
8.99;0.181;0.393;15.76;0.075;36.4;68.6;0.99396;2.96;0.43;11.01;6
6.36;0.378;0.37;7.78;0.059;40.9;124.1;0.99002;3.22;0.42;9.33;5
6.11;0.221;0.359;10.43;0.012;53.1;110.5;0.98888;3.17;0.57;9.73;6
6.9;0.262;0.479;8.53;0.028;38.5;130.3;0.99413;3.18;0.54;10.6;8
7.84;0.383;0.531;7.48;0.029;34.3;40.5;0.9943;3.32;0.63;10.94;5
6.88;0.203;0.389;0.6;0.062;7.5;105.8;0.99592;3.29;0.58;9.84;6
6.72;0.17;0.24;0.6;0.052;10.4;137.5;0.99305;3.45;0.53;9.3;6
7.42;0.092;0.244;0.6;0.061;17.3;59.0;0.99385;3.13;0.55;9.15;5
6.2;0.094;0.311;9.62;0.074;22.7;247.0;0.99277;3.47;0.59;9.66;5
6.77;0.186;0.484;9.88;0.025;19.4;190.7;0.99708;3.09;0.55;9.82;5
7.02;-0.055;0.224;7.37;0.041;39.8;63.2;0.98962;3.27;0.21;9.39;5
6.16;0.225;0.268;6.89;0.018;33.7;117.3;0.9907;3.06;0.26;11.15;5
7.65;0.345;0.115;5.98;0.065;78.0;92.3;0.99939;3.06;0.4;9.77;5
6.02;0.165;0.232;7.0;0.087;15.8;174.9;0.98758;3.43;0.44;10.46;5
6.01;0.103;0.329;2.16;0.05;45.1;145.0;0.99733;3.0;0.45;9.9;4
6.97;0.216;0.327;3.65;0.06;30.1;163.7;0.99175;3.27;0.55;10.73;6
5.7;0.416;0.32;2.94;0.073;58.1;67.1;0.99811;3.14;0.46;9.37;5
6.19;0.367;0.248;7.18;0.049;12.5;152.1;0.99023;3.1;0.37;9.45;7
6.77;0.312;0.395;9.43;0.066;37.8;112.1;0.99037;3.0;0.46;12.05;5
6.58;0.353;0.352;7.57;0.029;80.3;131.1;0.99075;3.31;0.67;10.68;6
6.46;0.164;0.126;1.29;0.037;35.5;178.9;0.99546;3.11;0.65;10.82;6
7.02;0.304;0.243;2.49;0.012;14.1;59.2;1.00131;3.31;0.4;9.92;7
7.04;0.248;0.285;7.99;0.037;53.8;92.5;0.99022;2.98;0.47;12.07;6
5.3;0.282;0.499;8.68;0.051;51.8;187.6;0.99301;3.17;0.46;9.4;7
7.51;0.24;0.235;0.6;0.045;47.4;142.1;0.99435;3.01;0.39;10.16;5
7.24;0.389;0.141;7.98;0.023;41.6;149.5;0.99332;3.19;0.59;11.7;6
6.85;0.296;0.263;5.2;0.045;36.0;156.6;0.99742;3.29;0.41;8.85;6
5.99;0.442;0.498;5.89;0.063;39.4;120.9;0.99204;3.26;0.32;10.26;5
6.58;0.201;0.53;8.75;0.044;20.4;211.7;0.99266;3.12;0.61;9.32;7
7.87;0.237;0.301;3.46;0.067;49.4;211.0;0.9985;3.51;0.3;11.81;5
6.15;0.373;0.392;1.15;0.025;39.9;119.9;0.99456;3.11;0.5;8.04;5
6.92;0.246;0.396;0.6;0.085;40.8;121.7;0.99415;3.18;0.41;11.83;6
5.73;0.135;0.37;4.71;0.043;36.7;93.6;0.99831;3.09;0.6;10.98;4
7.71;0.348;0.42;13.77;0.08;38.9;167.4;0.99544;3.16;0.61;11.33;6
6.92;0.124;0.253;7.68;0.061;8.6;158.0;0.9961;3.07;0.39;11.98;5
6.52;0.43;0.59;11.17;0.086;51.9;147.2;0.99274;3.03;0.56;12.04;6
8.01;0.248;0.232;2.63;0.027;3.1;119.4;0.9929;2.83;0.38;11.29;5
8.74;0.316;0.709;3.32;0.042;63.6;56.1;0.99361;2.84;0.6;12.02;6
5.47;0.13;0.343;0.6;0.058;45.5;192.8;0.9921;3.13;0.48;12.73;6
7.49;0.267;0.361;11.93;0.04;21.6;61.5;0.99559;3.17;0.64;10.13;5
5.51;0.278;0.292;8.72;0.023;56.8;86.9;0.99087;2.96;0.52;10.36;8
7.82;0.224;0.382;6.55;0.061;41.3;89.0;0.99626;3.35;0.55;11.08;6
5.11;0.129;0.288;6.6;0.021;43.1;145.3;0.99395;3.2;0.44;9.71;6
6.84;0.365;0.484;0.6;0.053;27.7;119.4;0.9949;3.51;0.45;12.22;5
7.35;0.319;0.321;2.02;0.037;23.7;69.6;0.98876;3.38;0.23;10.05;5
6.65;0.314;0.359;3.46;0.048;33.6;190.8;0.994;2.94;0.48;8.93;6
5.31;0.225;0.537;4.38;0.069;25.9;146.8;0.99134;3.18;0.68;9.86;8
6.72;0.241;0.339;0.6;0.029;52.0;150.0;0.9944;3.28;0.46;8.13;7
7.23;0.357;0.204;14.45;0.042;38.8;244.8;0.99277;3.21;0.56;10.55;7
6.65;0.217;0.164;8.48;0.064;17.9;164.3;1.00086;3.1;0.65;10.25;5
7.11;0.256;0.511;0.6;0.048;5.2;172.9;0.99665;3.34;0.52;8.28;7
4.62;0.241;0.586;14.5;0.069;57.8;138.2;0.99307;3.0;0.63;10.06;8
6.17;0.194;0.28;3.31;0.075;28.0;94.6;0.99429;3.08;0.37;11.9;7
5.74;0.366;0.174;10.85;0.06;47.4;132.7;0.99697;3.46;0.53;10.36;6
6.86;0.035;0.391;9.13;0.009;36.3;148.2;0.98613;3.3;0.66;12.11;6
7.47;0.11;0.385;10.91;0.067;22.8;141.4;0.99211;3.2;0.56;10.12;7
6.74;0.338;0.467;6.08;0.028;34.3;140.4;0.99131;2.99;0.28;8.0;6
6.36;0.381;0.167;0.94;0.047;44.8;93.1;0.99087;3.23;0.41;10.23;5
4.97;0.391;0.427;10.67;0.045;24.6;69.5;0.98876;3.34;0.49;9.51;6
6.76;0.475;0.259;14.44;0.063;30.4;173.2;0.99218;3.22;0.61;9.46;6
5.72;0.283;0.101;4.72;0.047;38.7;183.4;1.00217;3.23;0.56;9.86;5
8.09;0.44;0.114;11.03;0.029;45.4;115.4;0.99086;3.13;0.36;9.75;4
7.85;0.365;0.448;0.6;0.031;68.5;166.5;0.99077;3.19;0.53;11.05;5
6.77;0.295;0.343;0.6;0.023;41.8;185.1;0.99864;2.77;0.66;9.47;5
7.42;0.199;0.554;3.45;0.009;42.6;135.3;0.99363;3.23;0.29;10.11;5
6.81;0.315;0.303;11.25;0.089;50.2;151.6;0.99013;3.27;0.47;12.04;7
7.3;0.306;0.376;10.18;0.062;56.3;159.2;0.98807;3.18;0.44;8.36;5
7.16;0.284;0.195;8.83;0.083;7.0;107.3;0.99453;3.28;0.57;11.88;6
7.46;0.273;0.584;7.73;0.088;20.5;243.7;0.99415;3.34;0.56;11.44;7
5.71;0.217;0.339;14.8;0.04;2;140.9;0.99675;3.2;0.44;8.68;5
6.54;0.262;0.43;4.38;0.05;37.7;128.8;1.00048;3.13;0.45;8.98;6
7.78;0.139;0.474;10.19;0.04;13.6;102.0;0.99331;3.65;0.48;10.66;4
6.15;0.312;0.356;1.61;0.049;46.7;149.0;0.98912;3.25;0.54;12.21;5
7.31;0.302;0.213;0.6;0.038;40.3;187.0;0.99272;3.14;0.46;10.1;6
7.54;0.315;0.354;2.3;0.021;37.2;215.1;0.99204;3.16;0.6;10.85;7
5.94;0.129;0.383;0.6;0.009;9.1;108.5;0.99659;2.8;0.55;8.48;6
8.37;0.481;0.222;5.73;0.042;23.0;118.8;0.99622;3.32;0.59;10.29;8
6.83;0.213;0.214;10.82;0.041;24.8;139.1;0.99465;2.94;0.36;12.48;6
6.64;0.266;0.27;3.43;0.059;53.0;88.7;0.99466;3.1;0.37;12.59;5
7.37;0.318;0.271;8.53;0.035;47.2;151.0;0.98815;3.21;0.67;11.28;6
6.59;0.451;0.485;8.36;0.04;53.0;182.0;0.99406;3.27;0.58;13.95;7
5.59;0.307;0.406;7.46;0.097;23.0;136.1;0.99112;3.02;0.35;11.81;5
8.11;0.253;0.331;3.21;0.039;32.9;88.2;0.99221;3.14;0.5;10.88;6
7.78;0.325;0.304;4.69;0.029;18.1;182.9;0.99384;3.27;0.46;11.95;6
5.64;0.183;0.287;13.6;0.029;21.3;98.1;0.9938;3.29;0.33;14.32;7
7.58;0.22;0.425;6.01;0.07;28.2;101.0;0.99293;2.75;0.4;8.79;7
7.22;0.253;0.347;1.43;0.06;48.4;149.3;0.99191;3.25;0.64;9.73;7
4.46;0.224;0.317;2.42;0.041;61.1;191.5;0.99269;3.12;0.37;11.69;7
6.1;0.342;0.283;12.23;0.079;56.1;212.6;0.99366;3.39;0.58;10.75;6
5.56;0.198;0.424;0.6;0.058;59.0;139.4;0.99129;3.09;0.42;9.24;6
6.8;0.354;0.303;8.21;0.009;22.7;130.5;0.9927;3.29;0.5;11.86;7
7.52;0.157;0.393;11.04;0.05;50.6;90.8;0.99521;3.5;0.6;9.04;6
8.08;0.242;0.362;5.15;0.028;20.7;157.3;0.99053;2.89;0.65;11.19;7
6.63;0.168;0.368;6.85;0.059;44.1;164.7;0.99417;3.04;0.31;9.26;6
8.21;0.503;0.354;0.6;0.04;51.7;217.3;0.98939;3.05;0.39;11.77;5
6.89;0.297;0.32;0.6;0.053;22.3;101.6;0.99003;2.99;0.61;9.1;5
6.65;0.277;0.203;3.74;0.044;17.7;76.7;0.99031;3.06;0.32;8.48;6
4.87;0.313;0.355;15.25;0.05;51.0;75.4;0.99004;3.35;0.52;8.52;5
7.55;0.357;0.599;0.6;0.032;49.9;151.1;0.99436;3.12;0.7;10.15;5
7.66;0.058;0.27;16.65;0.047;42.6;145.5;0.98921;3.36;0.47;9.8;6
8.79;0.507;0.526;1.2;0.075;44.8;141.4;0.99842;3.02;0.59;10.84;6
6.13;0.461;0.142;13.83;0.048;42.2;38.1;0.99655;2.96;0.47;11.71;6
6.38;0.179;0.297;11.17;0.042;34.5;146.3;0.99357;3.13;0.29;11.72;5
7.16;0.34;0.318;8.34;0.036;34.9;67.3;0.99182;3.08;0.52;10.05;6
6.75;0.352;0.233;0.6;0.009;44.4;53.0;0.99477;2.94;0.37;9.71;6
6.42;0.258;0.261;8.21;0.053;57.5;101.1;0.99519;3.17;0.35;9.98;6
5.89;0.283;0.228;3.92;0.102;42.6;108.7;0.99149;3.22;0.42;8.47;5
6.74;0.427;0.07;9.57;0.07;53.5;160.6;0.99061;3.12;0.51;11.0;5
7.7;0.307;0.38;0.6;0.087;38.0;58.5;0.99029;3.26;0.39;9.78;6
8.1;0.297;0.333;14.27;0.07;24.8;153.0;0.99329;3.11;0.54;10.57;7
7.93;0.377;0.31;10.58;0.065;8.0;159.7;0.99848;3.11;0.46;10.51;4
7.74;0.424;0.543;5.09;0.025;24.1;121.3;0.99058;2.96;0.54;11.96;6
7.31;0.507;0.167;3.85;0.02;45.0;89.1;0.99661;3.5;0.46;9.79;6
8.28;0.313;0.418;1.64;0.04;34.7;167.3;0.9912;3.11;0.36;9.88;4
6.54;0.19;0.17;2.69;0.045;47.9;133.5;0.99444;3.2;0.55;10.06;7
6.66;0.395;0.394;12.87;0.049;25.9;178.9;0.99339;3.22;0.36;12.49;6
5.49;0.399;0.205;7.9;0.036;18.2;83.8;0.99653;3.21;0.35;11.87;7
7.18;0.206;0.496;0.6;0.063;10.0;182.4;0.99158;3.18;0.58;11.15;8
6.87;0.272;0.248;7.45;0.031;2;172.2;0.99988;3.13;0.55;9.7;6
6.69;0.248;0.525;14.15;0.009;44.5;107.2;0.99054;2.9;0.44;11.51;7
5.55;0.137;0.453;4.93;0.06;29.4;102.8;0.99218;3.1;0.56;10.23;5
6.5;0.282;0.467;0.6;0.033;13.5;178.3;0.99487;3.23;0.56;10.3;5
8.06;0.063;0.016;14.03;0.065;33.9;110.9;0.98787;3.12;0.62;11.07;4
6.59;0.203;0.492;6.34;0.053;77.3;112.1;0.99618;3.01;0.55;12.52;6
9.56;0.43;0.379;0.6;0.04;39.9;104.3;0.992;2.97;0.51;10.75;6
7.66;0.349;0.243;14.8;0.057;38.2;150.7;0.99613;3.3;0.27;10.43;7
7.23;0.328;0.322;8.42;0.056;54.6;179.6;0.99737;3.01;0.45;10.31;4
6.87;0.344;0.321;0.6;0.046;26.7;83.4;0.9922;3.35;0.63;9.49;6
8.46;0.483;0.568;1.97;0.047;39.0;155.6;0.99317;3.54;0.41;9.68;5
6.72;0.239;0.405;0.6;0.048;44.6;170.2;0.99546;2.98;0.51;12.68;7
6.85;0.369;0.194;9.97;0.056;28.0;112.1;0.99332;3.26;0.4;9.06;6
8.04;0.415;0.172;7.76;0.037;33.6;131.0;0.99435;3.41;0.62;10.47;5
5.25;0.174;0.512;7.03;0.056;18.4;156.7;0.99822;3.26;0.69;12.29;7
8.07;0.243;0.461;2.64;0.049;38.4;135.3;0.99677;3.4;0.44;10.79;6
6.89;0.172;0.195;9.55;0.081;51.2;189.7;0.99213;3.15;0.38;10.84;6
6.77;0.247;0.439;6.36;0.026;56.2;72.5;0.99506;3.31;0.41;10.96;8
6.74;0.101;0.383;9.77;0.034;34.9;146.6;0.99438;3.33;0.44;10.21;7
6.87;0.444;0.272;13.05;0.04;36.7;134.5;0.99353;2.91;0.41;8.0;7
6.72;0.339;0.194;15.24;0.031;25.3;36.2;0.99702;3.36;0.39;10.21;5
7.7;0.287;0.536;11.94;0.052;15.2;136.1;0.99856;3.41;0.61;10.5;6
6.41;0.161;0.297;5.7;0.043;50.5;141.5;0.99147;3.03;0.54;11.73;5
8.71;0.118;0.226;13.4;0.034;63.2;102.2;0.98882;3.24;0.54;9.31;5
7.44;0.281;0.43;10.01;0.046;5.1;116.7;0.99823;3.22;0.38;11.18;6
6.99;0.325;0.409;6.02;0.047;29.9;125.1;0.99545;3.1;0.4;9.72;8
7.72;0.276;0.373;1.74;0.041;20.7;184.5;0.99138;3.34;0.4;10.68;5
6.24;0.221;0.687;9.67;0.036;60.8;107.6;0.99014;3.35;0.36;9.89;7
5.55;0.279;0.311;3.3;0.06;32.4;195.6;0.99551;3.36;0.54;10.76;6
6.31;0.093;0.479;3.5;0.086;14.1;159.0;0.99729;3.33;0.62;9.77;6
7.7;0.319;0.284;16.91;0.031;59.8;87.8;0.99221;3.25;0.58;9.15;5
6.74;0.261;0.573;4.2;0.073;31.7;107.6;0.98981;3.34;0.54;8.29;6
6.39;0.292;0.324;5.56;0.026;50.1;77.0;0.99296;3.26;0.67;12.36;6
7.43;0.209;0.336;8.78;0.099;58.9;81.5;0.99796;3.27;0.39;11.51;5
6.29;0.422;0.389;10.36;0.01;41.9;191.9;0.99485;3.15;0.41;11.13;6
7.48;0.22;0.442;5.92;0.031;43.3;220.9;0.99779;3.51;0.45;11.63;7
6.84;0.35;0.448;4.7;0.009;28.2;154.5;0.99418;2.89;0.49;11.08;6
7.47;0.083;0.435;4.08;0.032;9.1;173.5;0.99224;3.29;0.5;9.68;6
7.36;0.238;0.35;0.6;0.065;18.9;149.0;0.99496;3.5;0.59;12.88;6
7.39;0.247;0.308;11.59;0.069;25.3;122.7;0.99653;3.26;0.62;12.17;5
6.84;0.2;0.367;2.85;0.046;29.8;96.6;0.99539;3.16;0.76;9.68;7
5.42;0.302;0.415;7.38;0.046;20.0;165.8;1.00066;3.33;0.32;12.0;7
7.59;0.162;0.101;0.6;0.017;18.5;94.8;0.99192;3.08;0.39;10.43;5
7.08;0.165;0.481;6.63;0.088;26.4;168.0;0.99252;3.2;0.47;12.01;5
5.47;0.318;0.42;1.15;0.041;44.0;183.4;1.00079;2.99;0.57;11.57;6
6.84;0.187;0.211;8.61;0.053;35.3;201.2;0.9913;3.36;0.53;11.52;6
7.92;0.411;0.255;0.6;0.064;2;191.6;0.99091;3.23;0.37;12.28;8
6.44;0.288;0.326;17.22;0.052;42.2;122.4;0.9892;3.26;0.54;11.55;5
6.0;0.423;0.248;9.94;0.076;29.3;128.2;0.99062;3.27;0.59;9.81;5
6.53;0.272;0.103;1.2;0.029;56.0;122.1;0.99391;3.1;0.46;10.36;8
6.73;0.291;0.422;10.18;0.061;18.3;162.5;0.99099;3.43;0.36;8.64;5
6.92;0.236;0.186;4.98;0.029;46.6;116.3;0.99509;3.38;0.48;9.5;6
6.32;0.455;0.424;12.71;0.048;50.8;113.9;0.99214;3.3;0.33;9.9;4
6.77;0.459;0.341;4.11;0.029;46.3;56.7;0.98738;3.41;0.61;9.63;6
7.3;0.359;0.6;14.24;0.067;43.2;41.4;0.99309;3.36;0.64;10.71;4
7.39;0.184;0.316;16.59;0.016;22.0;86.4;0.99435;3.45;0.48;10.95;6
6.44;0.282;0.468;9.32;0.022;27.6;124.7;0.99203;3.15;0.4;8.7;7
6.55;0.195;0.562;0.88;0.068;19.0;100.6;0.99809;3.27;0.45;11.1;6
7.02;0.234;0.443;7.2;0.012;40.3;93.9;0.98839;3.16;0.38;11.81;6
6.61;0.29;0.446;10.3;0.059;40.9;86.2;0.99552;3.2;0.54;9.72;7
6.99;0.406;0.328;2.55;0.068;35.3;193.7;0.99183;3.07;0.47;8.78;5
7.8;0.377;0.383;3.22;0.066;88.5;85.9;0.99579;3.23;0.59;11.48;5
8.36;0.311;0.443;0.6;0.058;51.9;217.3;0.99286;3.31;0.52;10.85;6
6.12;0.322;0.398;12.82;0.05;5.5;114.4;0.99119;3.26;0.56;8.72;5
7.72;0.296;0.08;5.66;0.04;17.2;172.0;0.99469;3.2;0.51;8.68;6
5.99;0.245;0.304;9.81;0.099;9.2;112.3;0.99289;3.05;0.62;10.04;6
6.86;0.429;0.491;11.65;0.024;23.9;152.7;0.99849;3.22;0.66;11.51;6
7.56;0.152;0.352;9.5;0.092;40.1;93.5;0.99406;3.17;0.57;12.04;6
6.75;0.344;0.323;14.4;0.052;34.1;160.4;0.99111;3.29;0.35;9.24;6
6.74;0.36;0.436;4.83;0.056;34.0;178.3;0.99548;3.14;0.31;10.1;5
6.68;0.249;0.418;1.79;0.065;23.1;132.9;0.99888;3.15;0.6;10.33;7
7.72;0.259;0.321;0.6;0.041;31.5;186.9;0.99457;3.08;0.5;9.16;6
6.82;0.39;0.141;5.68;0.072;24.0;181.8;0.99574;3.07;0.4;10.81;7
6.91;0.104;0.33;12.87;0.028;50.4;195.3;0.9927;3.21;0.52;10.26;5
8.5;0.303;0.152;0.6;0.057;27.4;111.6;0.99042;3.18;0.55;10.54;6
6.61;0.292;0.131;4.45;0.009;41.2;299.3;0.98947;3.22;0.67;8.41;6
5.94;0.116;0.396;5.79;0.047;63.4;151.2;0.99395;3.36;0.42;10.02;8
6.85;0.188;0.314;0.6;0.067;19.6;192.1;0.9921;3.15;0.42;10.66;4
5.65;0.27;0.25;9.34;0.036;2;171.0;1.0034;3.45;0.39;11.46;5
7.62;0.064;0.166;8.97;0.054;34.7;86.0;0.99006;3.14;0.59;11.02;6
7.23;0.402;0.279;6.25;0.048;21.0;150.5;0.99603;3.38;0.44;10.26;6
5.85;0.45;0.222;10.34;0.059;9.6;143.5;0.99296;3.45;0.4;9.02;5
7.76;0.371;0.42;1.12;0.038;19.9;231.8;0.99328;3.12;0.44;11.63;7
6.4;0.311;0.32;9.9;0.058;30.4;148.7;0.9875;3.17;0.33;8.5;6
6.91;0.29;0.472;2.63;0.061;49.9;112.4;0.99438;3.09;0.52;10.95;6
6.71;0.199;0.288;5.6;0.064;21.9;93.7;0.99232;3.43;0.33;10.3;6
6.49;0.401;0.4;0.6;0.043;17.7;143.7;0.99756;3.41;0.59;9.42;6
4.99;0.263;0.305;6.5;0.043;33.9;153.9;0.99584;3.17;0.48;8.0;5
7.74;0.024;0.352;8.66;0.056;51.9;111.9;0.9925;3.36;0.48;9.97;6
6.38;0.361;0.326;0.6;0.06;20.1;175.8;0.99514;3.35;0.61;11.84;7
6.8;0.241;0.374;0.96;0.1;12.7;129.9;0.99046;3.32;0.6;9.66;6
6.92;0.235;0.333;4.52;0.054;45.9;122.4;0.98896;3.4;0.43;11.14;6
6.95;0.342;0.172;9.13;0.036;16.2;61.2;0.99026;3.14;0.46;12.23;6
6.29;0.462;0.464;3.79;0.026;71.5;117.8;0.99963;3.11;0.67;8.58;5
5.47;0.05;0.342;3.78;0.025;23.9;203.2;0.99076;3.29;0.76;12.01;9
7.11;0.408;0.405;9.56;0.083;52.9;158.3;0.98926;3.22;0.56;11.54;6
4.81;0.343;0.21;2.94;0.035;30.3;192.2;1.00122;3.33;0.58;10.66;7
6.97;0.415;0.567;14.37;0.067;46.0;116.2;0.99124;3.4;0.41;9.96;5
5.32;0.316;0.317;10.81;0.08;25.5;197.1;0.99329;3.19;0.52;10.77;5
6.19;0.618;0.151;14.27;0.076;45.4;155.5;0.99522;3.1;0.54;10.76;5
7.7;0.233;0.289;7.8;0.046;21.5;157.7;0.99192;3.31;0.39;9.14;6
7.36;0.3;0.462;5.41;0.052;37.6;234.3;0.98945;3.54;0.35;11.54;8
6.19;0.29;0.477;0.6;0.04;64.5;130.7;0.9918;3.22;0.5;11.03;5
6.65;0.247;0.224;0.6;0.009;23.8;124.1;0.99112;3.23;0.52;10.06;6
5.27;0.162;0.333;2.08;0.081;36.4;98.3;0.99272;3.15;0.41;9.56;5
7.13;0.394;0.498;8.96;0.065;42.0;212.2;0.99682;3.5;0.47;10.52;5
6.73;0.493;0.365;5.87;0.038;22.6;123.1;0.99155;3.24;0.4;10.97;6
7.05;0.217;0.324;6.55;0.024;30.7;152.6;0.99359;3.35;0.48;10.65;5
7.18;0.369;0.202;9.04;0.068;46.2;132.2;0.99714;3.18;0.53;10.16;7
6.84;0.287;0.391;7.96;0.032;9.4;206.7;0.98965;3.06;0.18;11.16;6
6.84;0.316;0.409;16.21;0.094;47.6;136.8;0.99488;3.24;0.44;8.29;6
8.14;0.308;0;6.32;0.057;35.0;111.3;0.99337;3.0;0.4;9.74;6
6.7;0.311;0.439;0.6;0.045;35.4;231.3;0.99367;3.03;0.69;9.31;6
7.32;0.348;0.288;4.6;0.019;32.6;133.5;0.99195;3.32;0.58;10.72;6
7.27;0.234;0.266;9.6;0.077;21.3;148.0;0.99503;2.88;0.38;10.72;5
6.92;0.256;0.5;2.93;0.026;36.7;187.1;1.00166;3.33;0.43;10.69;6
6.64;0.295;0.266;2.14;0.023;48.3;127.6;0.99763;3.33;0.58;9.47;6
5.98;0.269;0.335;0.6;0.028;2;218.8;0.99402;3.43;0.43;10.03;5
7.78;0.182;0.337;0.93;0.051;43.9;175.3;0.99731;3.08;0.42;11.62;5
6.54;0.519;0.324;3.86;0.065;27.1;54.8;0.99018;3.11;0.72;11.53;5
6.32;0.303;0.304;8.71;0.053;17.8;201.8;0.9898;3.4;0.49;10.11;6
7.7;0.215;0.255;4.68;0.08;34.5;39.4;0.99523;3.17;0.46;11.19;5
8.46;0.109;0.23;3.88;0.042;54.4;59.4;0.99286;3.24;0.48;10.59;6
5.83;0.219;0.34;12.75;0.078;38.9;148.1;0.98995;3.32;0.48;11.59;5
4.45;0.384;0.431;2.28;0.032;72.1;175.3;0.9894;3.32;0.66;13.39;7
7.94;0.345;0.685;10.12;0.025;23.9;217.2;0.99831;3.11;0.43;12.03;6
8.26;0.356;0.331;0.6;0.036;26.9;190.0;0.99264;3.27;0.53;8.59;6
7.32;0.21;0.378;6.24;0.035;62.1;117.4;0.99028;3.32;0.59;8.87;6
7.83;0.412;0.336;6.36;0.056;44.0;89.4;0.99245;3.16;0.26;9.68;8
6.07;0.283;0.479;3.43;0.074;35.1;165.0;0.99019;3.17;0.46;8.75;6
7.33;0.154;0.359;7.43;0.037;26.5;187.7;0.99835;3.35;0.51;10.22;7
6.99;0.335;0.434;6.96;0.056;51.3;114.9;0.9948;3.3;0.48;10.82;5
5.75;0.45;0.453;8.89;0.07;16.1;54.7;0.99235;3.13;0.49;8.63;5
6.42;0.403;0.295;3.97;0.066;20.2;143.1;0.99675;3.13;0.44;10.47;6
6.12;0.429;0.442;0.6;0.053;28.7;116.9;0.99205;3.21;0.5;11.78;5
6.98;0.365;0.377;15.96;0.05;39.4;155.0;0.99454;2.99;0.31;11.31;4
6.54;0.307;0.478;9.34;0.021;64.7;168.1;0.99276;3.12;0.59;11.81;6
6.92;0.101;0.083;12.57;0.055;32.9;179.0;0.99552;3.1;0.41;10.83;6
6.71;0.405;0.385;4.72;0.042;22.2;104.2;0.99369;3.22;0.54;8.88;5
6.3;0.099;0.483;0.6;0.08;39.2;200.5;0.9975;3.17;0.39;10.83;5
6.5;0.105;0.329;8.02;0.043;18.4;132.7;0.99464;3.1;0.61;10.99;6
5.81;0.328;0.27;18.7;0.009;36.9;153.0;0.99483;3.18;0.54;11.38;6
7.42;0.292;0.275;0.6;0.047;55.5;159.9;0.98899;3.1;0.44;12.4;6
5.58;0.173;0.092;8.49;0.081;28.4;111.4;0.99972;3.03;0.39;11.24;5
7.03;0.335;0.518;5.35;0.021;64.5;144.6;0.99628;2.92;0.6;9.55;6
5.19;0.384;0.168;13.17;0.082;2;196.5;0.99224;3.06;0.47;9.97;6
6.72;0.238;0.35;11.83;0.043;17.0;152.8;0.9972;3.19;0.66;12.5;5
7.63;0.151;0.359;7.19;0.063;60.7;138.4;0.99739;3.4;0.4;10.63;5
7.68;0.19;0.334;9.12;0.024;62.2;147.4;0.99796;3.1;0.27;9.54;7
6.82;0.28;0.38;2.4;0.044;54.3;110.5;0.99857;3.14;0.62;10.36;5
8.77;0.21;0.281;6.3;0.033;21.2;164.4;0.99532;3.5;0.73;12.31;6
6.72;0.208;0.398;3.86;0.04;61.3;111.3;0.9923;3.48;0.61;11.82;7
6.22;0.195;0.243;0.6;0.052;49.2;160.0;0.98828;2.93;0.46;10.02;7
7.19;0.284;0.405;8.69;0.093;27.9;115.4;0.9909;2.94;0.56;8.77;7
6.54;0.217;0.207;8.14;0.035;38.9;126.6;0.99888;3.28;0.55;10.31;5
6.38;0.453;0.498;8.71;0.079;3.2;131.8;0.99349;3.31;0.49;10.0;3
5.65;0.427;0.172;0.72;0.06;68.8;102.9;0.99594;2.96;0.47;8.08;6
6.85;0.168;0.184;8.0;0.078;39.3;136.6;0.99548;3.79;0.57;11.06;6
6.07;0.389;0.288;9.69;0.046;11.2;139.0;0.99405;3.15;0.55;9.61;5
7.61;0.136;0.455;10.9;0.025;64.3;94.1;0.99347;3.08;0.52;9.03;5
7.89;0.299;0.422;0.6;0.061;37.2;103.2;0.99355;3.36;0.64;8.36;6
7.04;0.389;0.246;13.81;0.049;33.9;136.2;0.99761;3.26;0.45;8.27;5
6.48;0.433;0.375;6.97;0.036;31.4;159.8;0.99571;3.15;0.23;10.79;6
6.42;0.158;0.301;0.65;0.042;28.1;140.2;0.99081;2.83;0.29;10.65;4
6.97;0.344;0.224;0.6;0.07;4.8;131.3;0.99154;3.03;0.44;10.14;7
7.14;0.415;0.346;6.79;0.074;24.3;182.0;0.99566;3.35;0.85;9.85;7
7.67;0.42;0.401;4.55;0.025;31.5;90.4;0.99099;3.29;0.35;10.44;6
7.03;0.207;0.219;7.46;0.054;36.2;133.3;0.99285;3.32;0.46;11.78;6
7.16;0.155;0.26;8.27;0.022;3.8;120.4;0.99584;3.12;0.62;11.06;5
7.46;0.244;0.345;8.13;0.066;21.8;106.8;0.98859;2.87;0.33;11.78;5
7.17;0.236;0.453;5.86;0.03;34.6;138.5;0.99568;3.42;0.6;11.05;6
6.91;0.29;0.413;5.57;0.044;18.4;162.0;0.99258;3.27;0.49;12.7;6
6.51;0.169;0.313;8.98;0.059;50.6;117.5;0.99899;3.11;0.53;12.73;6
6.34;0.201;0.38;7.73;0.04;14.9;108.6;0.99502;3.3;0.73;12.28;5
6.13;0.44;0.263;4.75;0.058;10.2;156.2;0.9921;3.26;0.29;11.66;6
7.36;0.204;0.334;10.53;0.019;11.1;84.7;0.99194;3.23;0.61;9.34;6
6.39;0.202;0.441;14.84;0.064;31.1;104.1;0.98846;3.1;0.27;11.58;5
5.91;0.429;0.507;0.6;0.068;54.6;250.6;0.99185;3.12;0.34;10.56;6
9.23;0.285;0.496;5.91;0.039;40.0;89.6;0.99117;3.12;0.48;9.75;4
6.98;0.239;0.377;5.43;0.051;34.0;119.2;0.99232;3.04;0.57;11.15;6
6.31;0.186;0.248;7.98;0.07;31.7;186.9;0.99521;3.3;0.22;11.41;6
6.05;0.451;0.307;14.88;0.031;40.5;164.2;0.99677;3.09;0.54;11.18;6
6.6;0.23;0.342;18.5;0.079;7.7;94.6;0.99341;3.32;0.4;9.26;6
7.21;0.462;0.329;7.83;0.059;36.0;94.8;0.98729;3.54;0.44;10.35;8
6.19;0.335;0.312;9.98;0.05;51.5;128.5;0.99486;3.2;0.51;9.76;5
6.01;0.186;0.256;2.52;0.027;37.0;179.8;0.99701;3.09;0.46;11.64;8
7.42;0.253;0.31;2.1;0.046;56.6;186.7;0.99412;3.06;0.54;11.68;5
8.09;0.19;0.47;8.92;0.062;35.6;132.6;0.99726;3.14;0.38;10.52;6
5.71;0.271;0.423;14.08;0.062;19.4;168.6;0.99856;3.2;0.56;11.89;4
7.43;0.35;0.25;8.95;0.034;49.4;51.1;0.98879;3.4;0.48;10.56;8
5.9;0.293;0.295;8.34;0.045;32.8;145.4;0.99215;3.13;0.44;10.7;5
8.78;0.214;0.563;7.84;0.044;22.8;188.2;0.99308;3.12;0.45;8.22;5
6.46;0.319;0.383;6.83;0.079;34.6;121.1;0.99071;3.13;0.65;9.12;5
6.25;0.28;0.379;8.77;0.071;21.5;163.8;1.00137;3.11;0.39;12.18;5
6.53;0.092;0.554;3.01;0.036;54.5;200.6;0.99477;3.26;0.57;9.93;6
6.22;0.277;0.337;10.71;0.049;59.3;223.5;0.99571;3.15;0.42;11.69;5
7.78;0.395;0.437;16.86;0.023;21.0;132.1;0.99309;3.51;0.52;9.73;6
7.36;0.109;0.268;0.6;0.037;34.6;135.7;0.98929;3.3;0.45;12.04;5
6.19;0.301;0.266;3.04;0.052;42.7;92.4;0.99591;3.34;0.43;10.47;6
7.03;0.392;0.323;12.76;0.063;6.6;92.5;0.99145;3.06;0.56;10.16;7
7.11;0.183;0.507;2.95;0.036;34.3;115.1;1.00049;3.18;0.41;10.71;5
6.39;0.255;0.373;20.05;0.046;47.1;98.9;0.99426;3.35;0.48;8.97;5
5.7;0.235;0.32;9.68;0.043;41.9;126.6;0.9965;3.11;0.5;11.18;7
6.82;0.514;0.277;0.6;0.027;40.7;101.1;0.99498;3.43;0.63;11.94;5
7.5;0.066;0.268;7.28;0.031;28.5;157.5;0.99039;2.99;0.46;11.05;6
6.46;0.263;0.363;0.6;0.047;48.5;165.7;0.99503;3.27;0.65;12.3;6
7.03;0.306;0.371;9.81;0.04;60.9;9;0.99649;3.02;0.49;10.17;7
5.7;0.244;0.44;1.71;0.045;17.7;147.1;0.99896;3.4;0.51;9.65;7
7.21;0.218;0.382;0.63;0.029;44.3;109.3;0.98744;3.35;0.35;9.72;6
4.93;0.163;0.354;6.89;0.026;21.3;113.1;0.99299;3.27;0.41;10.88;7
6.27;0.242;0.381;5.05;0.017;51.5;81.1;0.99565;3.4;0.61;11.86;5
6.94;0.514;0.455;6.81;0.04;45.4;165.6;0.99758;3.51;0.41;10.97;5
6.78;0.187;0.292;12.82;0.021;50.7;133.7;0.99696;3.19;0.58;8.64;7
8.18;0.196;0.28;4.64;0.019;14.9;189.6;0.99222;3.04;0.44;12.0;3
6.97;0.214;0.356;7.16;0.051;56.1;142.6;0.99451;3.01;0.6;9.11;7
7.98;0.353;0.319;11.98;0.08;59.2;178.5;0.99438;3.02;0.44;10.04;6
6.35;0.269;0.323;12.18;0.02;53.7;212.2;0.99492;3.09;0.38;11.13;6
9.05;0.313;0.391;4.8;0.074;33.7;118.7;0.9925;3.13;0.48;11.8;5
5.58;0.356;0.4;15.51;0.075;68.0;124.1;0.98958;3.03;0.45;11.85;4
7.96;0.224;0.284;0.6;0.021;2;160.1;0.99135;3.38;0.4;10.69;5
9.09;0.365;0.304;13.63;0.062;41.9;73.7;0.99371;3.27;0.51;11.58;7
7.03;0.313;0.44;2.65;0.035;12.4;110.7;0.99683;3.13;0.54;10.6;6
7.28;0.36;0.272;2.86;0.037;22.6;220.4;0.99387;3.3;0.23;10.59;7
6.5;0.207;0.128;1.57;0.049;35.2;181.1;0.9938;3.02;0.54;12.54;6
6.36;0.282;0.364;0.74;0.048;55.8;210.8;0.99283;3.32;0.48;11.42;5
8.0;0.405;0.401;8.49;0.018;33.5;157.3;0.995;3.12;0.6;9.76;6
6.79;0.344;0.298;16.6;0.042;48.8;119.8;0.99212;3.23;0.55;10.43;5
7.68;0.083;0.42;10.26;0.056;39.3;69.3;0.98841;3.39;0.68;9.02;7
8.03;0.281;0.201;14.99;0.049;54.2;176.4;0.99304;3.25;0.49;11.55;5
6.26;0.259;0.164;0.6;0.088;20.7;120.7;0.99032;3.19;0.54;9.75;6
6.45;0.109;0.312;12.0;0.08;21.3;79.1;0.98911;3.23;0.4;11.94;5
7.26;0.185;0.517;4.03;0.035;39.6;62.0;0.99428;3.05;0.25;11.6;6
6.78;0.177;0.369;7.81;0.018;49.6;118.7;0.99212;3.0;0.63;10.9;5
7.35;0.186;0.285;13.08;0.047;2;101.7;0.99325;3.16;0.59;9.77;7
7.33;0.108;0;8.75;0.049;18.5;140.9;0.99412;3.53;0.69;8.04;6
6.24;0.268;0.399;9.27;0.051;31.7;121.8;0.99884;3.23;0.72;11.49;6
7.88;0.459;0.307;7.64;0.035;40.6;93.4;0.98805;3.09;0.5;10.15;6
7.07;0.286;0.348;7.88;0.052;17.0;174.8;0.98994;3.14;0.44;11.5;5
7.27;0.281;0.485;12.48;0.057;27.1;171.1;0.99686;3.12;0.52;11.04;5
6.61;0.303;0.237;5.5;0.046;29.7;69.6;0.99807;3.02;0.61;8.91;7
7.34;0.422;0.293;14.31;0.041;27.8;176.9;1.00251;3.44;0.39;12.76;7
7.37;0.182;0.304;15.19;0.063;41.0;118.0;0.99566;2.85;0.57;10.52;5
5.87;0.406;0.36;0.6;0.087;58.0;159.2;0.99476;3.32;0.41;10.65;5
7.12;0.24;0.371;10.6;0.037;58.7;173.5;1.0007;3.2;0.52;10.41;6
6.91;0.233;0.367;8.73;0.017;47.8;144.8;0.99424;3.34;0.51;10.19;5
7.46;0.154;0.213;8.58;0.032;27.0;104.6;0.99612;3.32;0.52;10.62;6
5.47;0.228;0.668;10.36;0.044;33.7;123.0;0.99326;3.14;0.44;9.98;6
6.02;0.196;0.436;12.44;0.058;46.9;178.6;0.99241;3.1;0.68;9.81;6
6.4;0.148;0.159;0.6;0.039;51.6;148.3;0.99424;3.3;0.65;10.66;6
5.17;0.464;0.466;2.91;0.082;62.7;159.7;0.99231;3.23;0.59;10.95;5
5.86;0.29;0.408;6.63;0.029;33.6;179.3;0.99095;3.18;0.41;10.01;7
7.28;0.08;0.252;2.47;0.092;65.7;107.7;0.99216;2.98;0.52;11.92;7
6.96;0.277;0.388;0.6;0.009;39.4;136.9;0.99885;3.22;0.18;9.6;5
6.57;0.291;0.517;7.89;0.033;33.3;194.6;0.99931;2.99;0.4;11.79;8
7.24;0.141;0.346;6.92;0.041;36.0;130.4;0.99373;3.16;0.58;8.96;6
5.48;0.124;0.338;1.09;0.053;17.6;100.6;0.99026;3.16;0.5;9.49;5
7.33;0.228;0.359;0.69;0.061;65.5;170.7;0.99886;3.3;0.58;9.42;6
7.68;0.472;0.385;0.6;0.038;72.9;175.3;0.98776;3.1;0.38;9.45;6
7.49;0.353;0.422;0.6;0.041;52.4;107.1;0.99251;3.1;0.31;12.4;6
8.36;0.233;0.329;0.6;0.068;27.7;160.8;0.9902;3.08;0.52;10.98;5
7.1;0.542;0.417;0.6;0.039;29.0;138.0;1.00151;3.19;0.37;9.05;5
5.87;0.153;0.385;14.86;0.065;34.5;138.0;0.99471;2.95;0.48;11.11;7
7.49;0.452;0.553;3.06;0.023;30.3;157.4;0.99587;3.14;0.58;10.19;5
6.9;0.318;0.407;3.25;0.058;14.9;72.8;0.99544;3.24;0.41;9.28;6
6.02;0.161;0.304;4.38;0.033;42.1;73.6;0.99535;3.32;0.7;11.02;6
7.35;0.216;0.337;3.33;0.026;33.9;78.1;0.98856;3.3;0.34;9.11;6
6.44;0.348;0.288;11.21;0.057;29.1;130.8;0.99757;3.15;0.41;11.02;6
6.94;0.278;0.448;14.71;0.069;48.3;50.8;0.99454;2.94;0.6;10.47;5
5.8;0.112;0.239;8.74;0.05;44.8;183.3;0.99915;3.22;0.46;10.43;7
6.88;0.339;0.113;5.31;0.026;39.0;97.0;0.9902;3.11;0.51;8.19;6
6.81;0.382;0.349;12.21;0.027;26.1;100.0;0.99563;3.12;0.75;10.08;5
7.6;0.401;0.209;6.62;0.009;43.9;109.2;0.99474;3.04;0.4;9.28;6
8.35;0.233;0.172;0.6;0.064;13.3;124.3;0.99586;3.27;0.47;9.77;7
5.75;0.272;0.252;4.86;0.087;21.4;123.1;0.99185;3.39;0.69;10.28;6
8.34;0.14;0.368;2.03;0.058;50.2;175.5;0.98916;3.25;0.51;10.65;6
8.35;0.349;0.205;7.24;0.066;26.0;110.9;0.99801;3.29;0.26;8.0;5
5.31;0.293;0.365;5.68;0.078;5.5;116.0;0.99666;3.25;0.32;10.55;7
8.72;0.2;0.284;3.38;0.009;39.6;177.2;0.99901;3.2;0.46;11.57;6
6.58;0.403;0.477;5.75;0.038;39.1;133.8;0.99067;3.07;0.59;12.69;6
8.38;0.259;0.037;4.6;0.074;49.7;161.0;0.99511;3.11;0.61;8.14;5
7.33;0.313;0.301;13.6;0.058;28.8;58.5;0.99086;3.1;0.37;9.45;7
7.04;0.423;0.287;10.44;0.042;52.0;191.6;0.99219;2.98;0.63;12.04;5
6.0;0.318;0.456;2.0;0.062;66.7;55.0;0.99012;3.48;0.54;9.14;5
6.31;0.101;0.262;0.6;0.052;16.0;160.0;0.99249;3.21;0.35;9.65;7
7.22;0.252;0.424;7.14;0.026;24.9;168.1;0.99419;3.24;0.55;10.69;6
5.88;0.334;0.305;2.2;0.069;28.0;123.1;0.99439;2.81;0.45;11.04;5
7.58;0.361;0.405;8.42;0.075;22.4;139.3;0.9936;3.2;0.4;8.81;5
5.91;0.131;0.125;11.41;0.04;57.2;174.5;0.99876;3.1;0.57;10.93;5
5.17;0.354;0.111;7.12;0.05;42.0;116.5;0.99883;3.15;0.64;9.4;5
7.87;0.166;0.301;13.26;0.075;52.6;133.9;0.99475;3.46;0.55;9.75;5
5.89;0.2;0.18;4.86;0.042;30.9;133.3;0.99078;3.25;0.47;8.81;7
5.1;0.184;0.364;10.45;0.039;40.9;205.7;0.99418;3.41;0.35;8.73;5
7.23;0.268;0.376;6.51;0.017;11.9;90.5;0.99323;2.98;0.5;9.15;5
7.49;0.256;0.446;3.61;0.046;36.3;156.9;0.99293;3.41;0.42;8.95;5
6.95;0.149;0.24;10.91;0.069;65.5;151.8;0.99103;3.29;0.49;12.9;5
4.84;0.228;0.278;13.47;0.059;30.8;189.0;0.99356;3.18;0.42;12.63;6
7.74;0.269;0.258;1.1;0.037;22.5;206.7;0.99625;3.13;0.5;11.33;7
7.92;0.384;0.378;5.55;0.034;40.6;223.2;0.98826;3.16;0.33;11.51;6
7.0;0.441;0.079;0.6;0.079;22.0;151.1;0.99157;3.21;0.53;8.0;7
6.87;0.23;0.167;7.38;0.009;38.4;80.6;0.9943;3.46;0.52;9.5;6
6.59;0.337;0.446;10.15;0.059;51.9;111.3;0.99301;3.03;0.48;9.68;6
9.69;0.472;0.336;7.75;0.088;47.3;112.6;0.99536;3.24;0.55;9.17;8
7.63;0.179;0.185;14.9;0.031;12.4;154.4;0.99761;2.99;0.51;9.69;6
7.68;0.272;0.396;0.6;0.039;17.3;173.7;0.99605;3.34;0.46;11.81;5
6.69;0.323;0.439;9.73;0.056;15.8;160.0;0.99017;3.32;0.46;10.34;6
9.16;0.153;0.705;0.6;0.052;40.4;134.9;0.99237;3.22;0.44;9.54;6
6.22;0.469;0.362;6.55;0.022;49.2;166.9;0.99466;3.3;0.43;10.22;7
7.45;0.369;0.288;7.54;0.009;45.9;174.2;0.99415;2.95;0.75;10.68;5
6.95;0.268;0.19;2.6;0.048;48.8;141.0;0.98969;2.99;0.55;9.35;5
6.61;0.187;0.15;0.6;0.046;26.5;244.5;0.99136;2.92;0.5;11.19;6
6.77;0.208;0.331;14.05;0.043;52.8;161.3;0.99336;3.0;0.39;11.13;7
7.25;0.351;0.505;10.37;0.04;19.0;194.9;0.99386;3.26;0.51;10.18;5
5.92;0.227;0.24;0.6;0.022;21.7;27.0;0.99021;3.28;0.23;11.1;5
6.89;0.094;0.406;6.3;0.026;10.6;128.9;0.99425;3.18;0.55;11.04;6
8.03;0.218;0.272;2.78;0.121;9.9;155.7;0.99648;3.1;0.5;9.1;6
5.53;0.297;0.286;0.6;0.065;37.9;137.7;1.00195;3.22;0.67;9.51;6
7.34;0.256;0.169;8.2;0.037;32.5;158.4;0.99679;3.17;0.36;11.4;5
6.03;0.129;0.487;6.96;0.068;41.8;108.2;0.99742;3.18;0.32;12.22;7
6.56;0.255;0.272;8.11;0.06;28.6;172.9;0.99369;2.98;0.56;13.47;6
7.34;0.282;0.094;2.4;0.093;22.1;135.4;0.99499;3.34;0.41;12.66;6
6.39;0.436;0.315;0.6;0.039;44.2;146.3;0.99404;3.02;0.5;10.16;5
6.38;0.432;0.088;12.7;0.067;48.1;101.2;0.99408;3.35;0.62;9.55;5
6.12;0.414;0.453;1.02;0.011;10.6;204.3;0.99065;3.24;0.41;11.05;6
6.87;0.451;0.376;10.33;0.054;14.2;107.7;0.99941;3.18;0.45;10.34;6
7.39;0.277;0.285;14.39;0.046;38.4;127.0;0.99101;3.01;0.59;12.03;8
7.59;0.221;0.454;1.46;0.036;39.7;142.8;0.9964;3.14;0.31;12.18;8
5.91;0.356;0.375;5.73;0.04;3.7;72.6;0.9909;3.38;0.59;9.98;5
5.92;0.183;0.597;4.07;0.031;4.5;149.5;0.99846;2.95;0.44;8.0;5
7.18;0.333;0.462;5.68;0.047;35.2;174.9;0.99286;3.2;0.42;11.18;5
7.07;0.258;0.373;6.77;0.056;30.6;130.3;0.98896;3.16;0.39;9.98;5
5.72;0.288;0.362;6.82;0.055;44.7;151.8;0.99352;3.11;0.52;8.92;6
7.4;0.256;0.561;17.15;0.078;58.4;81.9;0.99637;3.23;0.48;9.5;6
6.57;0.287;0.13;11.05;0.015;45.1;138.9;0.9889;3.11;0.69;11.48;6
6.72;0.26;0.29;8.67;0.039;40.5;163.0;0.9917;3.26;0.31;8.0;6
7.28;0.388;0.221;7.91;0.049;43.3;126.9;0.99064;3.17;0.46;11.78;7
8.88;0.311;0.194;1.01;0.046;59.1;120.6;0.99665;3.03;0.69;12.5;7
6.59;0.358;0.162;0.6;0.092;48.4;101.9;0.99553;3.01;0.54;10.97;5
6.77;0.401;0.452;4.63;0.032;35.0;124.5;0.99616;2.95;0.44;12.38;6
6.54;0.305;0.061;0.6;0.059;66.0;104.9;0.9909;3.41;0.28;10.67;6
7.68;0.397;0.27;18.89;0.075;14.4;130.5;0.99347;3.36;0.43;10.16;6
6.0;0.193;0.264;3.53;0.035;30.8;70.7;0.99719;3.05;0.58;11.17;5
8.3;0.407;0.475;6.66;0.016;11.5;129.8;0.99258;3.2;0.5;9.02;6
7.41;0.254;0.359;5.2;0.022;27.9;96.0;0.99637;3.27;0.58;9.75;8
7.33;0.419;0.23;6.48;0.009;70.3;86.8;0.99072;3.27;0.38;10.99;6
5.73;0.44;0.327;4.14;0.041;29.6;43.1;0.99656;3.21;0.24;8.0;6
7.43;0.286;0.494;13.39;0.066;10.9;181.9;0.99745;3.18;0.45;12.48;4
7.79;0.252;0.34;7.81;0.088;44.5;175.6;0.99678;3.12;0.41;9.61;6
7.65;0.226;0.62;6.79;0.068;46.1;197.4;0.99357;3.21;0.49;9.05;6
5.36;0.222;0.364;3.17;0.111;30.9;156.2;0.99582;3.05;0.57;10.15;8
6.95;0.235;0.351;4.49;0.061;39.1;111.1;0.99204;2.98;0.5;9.74;6
7.74;0.419;0.295;3.97;0.074;30.7;196.8;0.99338;3.33;0.39;11.04;6
6.29;0.388;0.451;0.6;0.055;51.0;166.1;1.00073;3.0;0.28;10.9;5
9.23;0.366;0.379;3.91;0.06;49.1;163.9;0.99695;3.13;0.53;9.8;5
7.6;0.255;0.514;9.43;0.027;28.4;134.6;0.99563;3.31;0.37;9.43;6
7.06;0.353;0.326;5.4;0.042;14.3;108.9;0.99535;3.14;0.52;10.14;6
7.43;0.341;0.436;17.61;0.048;61.9;166.1;0.98702;3.21;0.44;11.92;7
7.91;0.155;0.252;9.93;0.013;48.6;109.1;0.9909;3.11;0.27;10.97;6
6.45;0.333;0.423;6.94;0.062;18.2;144.8;0.99039;3.2;0.42;10.04;5
6.63;0.224;0.214;1.12;0.075;31.2;168.9;0.9973;3.13;0.42;9.92;5
6.46;0.329;0.341;4.51;0.06;37.3;179.9;0.99828;3.32;0.49;11.05;7
7.26;0.206;0.549;8.98;0.05;33.6;119.1;0.99393;3.3;0.55;11.49;5
7.07;0.308;0.1;0.6;0.065;36.2;156.1;0.99467;3.12;0.39;9.09;6
6.06;0.426;0.037;0.6;0.011;26.2;184.6;0.99425;2.94;0.47;8.0;6
7.44;0.093;0.249;0.6;0.073;12.6;193.5;0.99468;3.1;0.45;8.74;5
7.49;0.239;0.343;4.93;0.053;51.1;91.5;1.00163;2.86;0.58;10.28;7
7.53;0.311;0.299;2.84;0.092;58.1;151.7;0.99552;3.25;0.4;11.36;6
6.73;0.253;0.433;3.43;0.016;59.8;76.0;0.9947;3.38;0.52;11.87;6
7.93;0.244;0.439;16.3;0.057;47.4;131.7;0.99062;3.16;0.56;9.19;5
5.76;0.26;0.424;6.55;0.035;26.4;165.4;0.99325;3.12;0.59;10.79;6
6.34;0.349;0.228;5.2;0.037;32.0;187.6;0.99153;2.89;0.39;10.69;6
7.5;0.351;0.294;2.9;0.032;49.7;98.0;0.99498;3.39;0.5;9.94;6
6.94;0.241;0.49;0.6;0.051;26.7;147.4;0.99294;3.3;0.7;10.58;7
6.46;0.296;0.027;10.5;0.032;30.7;153.0;0.99484;3.03;0.52;10.03;4
7.18;0.136;0.113;5.38;0.048;42.7;47.4;0.99668;3.3;0.59;10.92;6
6.85;0.332;0.141;1.48;0.028;24.2;98.5;0.99627;3.11;0.46;10.46;6
7.91;0.147;0.364;5.19;0.067;28.1;87.0;1.00053;3.45;0.59;8.33;6
5.41;0.402;0.53;7.92;0.009;51.9;132.0;0.99458;3.0;0.47;12.36;6
5.61;0.457;0.114;2.52;0.065;36.7;100.7;0.99299;3.09;0.51;9.38;6
7.69;0.204;0.191;11.83;0.055;17.9;144.8;0.99533;3.26;0.52;10.35;6
6.46;0.31;0.585;5.34;0.043;39.1;161.2;0.99411;3.48;0.54;10.21;7
7.78;0.219;0.326;8.0;0.055;29.6;172.9;0.9894;2.98;0.26;10.59;6
5.61;0.273;0.238;6.81;0.062;35.2;99.8;0.99608;3.13;0.37;12.06;7
6.16;0.42;0.191;0.6;0.06;64.5;108.0;0.9932;3.18;0.29;11.89;6
5.87;0.218;0.333;11.55;0.042;38.5;189.4;1.00252;3.11;0.5;11.31;5
7.92;0.408;0.214;16.98;0.026;36.3;151.6;0.99496;3.26;0.43;11.17;5
7.79;0.333;0.195;7.36;0.063;29.5;88.7;0.99235;3.32;0.59;9.01;4
7.82;0.171;0.263;17.54;0.04;35.1;81.9;0.99421;3.22;0.41;9.93;6
6.88;0.241;0.479;0.6;0.039;42.4;104.1;0.99805;3.15;0.47;11.82;6
8.83;0.335;0.415;13.34;0.024;42.8;188.2;0.99274;3.03;0.55;12.41;7
7.34;0.297;0.467;5.07;0.1;22.9;138.4;1.00022;3.35;0.6;11.53;5
6.15;0.255;0.354;4.47;0.016;19.7;135.7;0.99369;3.03;0.57;10.39;6
7.83;0.295;0.227;2.2;0.047;44.5;79.7;0.9927;3.34;0.44;10.63;7
6.8;0.407;0.374;5.13;0.022;55.3;122.4;0.99352;3.19;0.41;8.91;6
5.93;0.438;0.352;13.08;0.059;26.3;95.8;0.9927;3.2;0.51;10.47;6
8.36;0.226;0.387;10.59;0.043;38.5;125.5;0.99725;3.16;0.47;9.99;6
7.23;0.216;0.425;10.1;0.057;23.3;80.2;0.99368;3.08;0.49;9.49;5
6.35;0.415;0.37;4.82;0.077;6.8;128.5;0.99021;3.41;0.51;13.16;6
7.35;0.234;0.272;8.24;0.061;38.9;188.3;0.99829;3.13;0.61;12.2;6
7.3;0.379;0.447;5.04;0.053;48.8;149.9;0.98925;3.45;0.5;10.54;6
7.66;0.173;0.589;3.39;0.019;7.8;155.4;0.99242;3.07;0.3;11.02;6
7.37;0.341;0.304;0.6;0.047;37.3;187.9;0.99566;3.06;0.48;12.49;5
6.8;0.232;0.257;2.93;0.056;13.4;77.4;0.99303;3.24;0.43;11.36;6
8.31;0.463;0.305;13.98;0.057;14.6;100.5;0.9926;3.05;0.53;10.2;5
8.23;0.167;0.318;1.74;0.116;33.0;165.0;0.98888;3.35;0.53;9.33;6
7.34;0.335;0.308;4.18;0.021;35.3;161.0;0.99353;3.33;0.53;11.04;6
6.68;0.241;0.193;7.23;0.063;46.0;159.4;0.98939;3.35;0.45;9.66;6
7.53;0.382;0.351;9.93;0.053;44.0;158.9;0.99226;3.4;0.56;10.82;7
6.55;0.313;0.482;0.6;0.082;32.0;111.7;0.99556;3.1;0.61;12.37;5
6.9;0.326;0.359;5.78;0.067;2;226.9;0.99292;3.33;0.49;11.88;6
7.05;0.395;0.117;8.07;0.063;7.7;150.7;0.99595;3.2;0.27;9.72;6
4.64;0.403;0.358;7.84;0.033;32.5;161.2;0.99361;3.14;0.56;10.81;6
5.2;0.277;0.307;4.07;0.02;55.7;124.9;0.9953;3.0;0.43;12.12;6
5.54;0.29;0.348;8.17;0.052;2;101.7;0.99141;3.52;0.52;10.0;8
7.08;0.254;0.376;8.29;0.017;21.2;203.4;0.99413;3.44;0.55;10.18;6
5.41;0.267;0.459;4.78;0.022;24.2;136.4;0.99222;3.15;0.41;10.86;6
7.2;0.465;0.223;5.07;0.019;43.3;94.2;0.99316;3.36;0.48;9.93;5
6.87;0.244;0.487;3.74;0.057;43.0;165.3;0.99169;3.28;0.6;11.46;6
6.38;0.388;0.328;6.18;0.02;17.6;123.0;0.9926;3.22;0.56;9.45;4
6.33;0.267;0.398;15.5;0.051;31.6;151.6;0.9944;3.0;0.65;11.08;7
7.46;0.267;0.381;13.22;0.041;54.2;124.5;0.99549;2.85;0.39;11.64;7
5.98;0.247;0.218;0.6;0.052;27.0;120.2;0.99413;3.0;0.53;8.19;5
5.44;0.236;0.169;13.8;0.046;54.1;147.7;0.99161;3.22;0.5;12.2;6
6.32;0.213;0.361;0.6;0.082;36.8;51.4;0.99632;3.08;0.32;10.96;7
6.48;0.285;0.245;13.22;0.043;44.8;86.5;0.98776;3.16;0.47;12.42;6
6.52;0.076;0.372;7.46;0.034;61.8;81.2;0.99314;2.96;0.37;11.3;6
6.9;0.246;0.248;4.52;0.032;60.1;215.4;0.9921;3.22;0.54;9.26;6
7.02;0.368;0.516;5.52;0.078;35.2;155.4;0.99592;3.23;0.65;10.53;5
6.56;0.279;0.092;10.06;0.04;38.6;198.2;0.99308;3.2;0.43;12.7;5
8.34;0.448;0.239;0.6;0.028;23.4;152.6;0.99509;3.19;0.58;11.81;7
6.29;0.362;0.208;13.93;0.031;56.2;231.3;0.99167;3.0;0.58;11.04;7
7.2;0.48;0.346;2.49;0.055;19.1;229.5;0.99823;3.26;0.69;10.79;5
6.06;0.182;0.264;5.82;0.023;6.8;47.4;0.995;3.11;0.44;9.44;5
7.83;0.342;0.468;6.35;0.093;53.1;185.5;0.99354;3.18;0.49;10.07;6
4.86;0.298;0.223;0.6;0.02;29.5;111.4;0.99283;3.25;0.66;11.61;6
5.72;0.329;0.492;11.95;0.037;32.0;117.2;0.99306;3.17;0.52;11.94;6
7.57;0.185;0.126;4.74;0.046;58.7;156.5;0.99368;3.21;0.54;10.01;5
6.37;0.294;0.386;7.82;0.042;27.3;150.3;0.99539;3.08;0.6;10.7;7
6.66;0.111;0.333;0.6;0.072;27.9;115.1;0.99254;3.29;0.47;9.9;6
5.97;0.299;0.533;15.33;0.061;13.0;120.5;0.99595;3.02;0.32;10.15;6
6.16;0.276;0.315;6.3;0.065;30.1;112.7;0.9965;3.17;0.59;11.94;6
5.43;0.376;0.374;2.0;0.061;31.7;189.3;0.99929;3.29;0.33;10.18;8
7.79;0.223;0.391;5.96;0.058;46.2;106.8;0.99164;3.24;0.65;8.48;6
7.25;0.279;0.358;6.25;0.07;47.6;146.4;1.0031;3.22;0.47;10.59;5
8.24;0.412;0.321;0.6;0.009;41.3;51.7;0.99577;3.14;0.42;10.91;5
6.89;0.267;0;9.3;0.042;59.9;69.1;0.99155;3.32;0.62;11.2;5
7.08;0.306;0.369;14.1;0.016;34.1;151.9;0.9934;2.94;0.62;10.66;7
6.75;0.425;0.431;0.6;0.104;42.3;165.7;0.9974;3.1;0.48;8.0;6
5.97;0.422;0.311;0.6;0.014;34.0;58.5;0.9883;3.05;0.64;10.09;5
7.59;0.349;0.202;12.18;0.027;39.5;110.9;0.99357;3.14;0.66;11.12;6
7.0;0.208;0.265;10.18;0.066;18.7;185.5;0.99456;3.12;0.39;11.67;7
5.41;0.37;0.172;4.37;0.038;32.1;81.9;0.99936;3.33;0.58;9.01;7
6.12;0.288;0.426;2.39;0.009;39.2;150.7;0.9954;2.91;0.62;13.34;5
6.12;0.326;0.334;3.32;0.041;67.4;130.3;0.99325;3.25;0.44;10.54;6
7.54;0.396;0.3;9.34;0.016;42.3;147.1;0.99651;3.26;0.51;10.28;7
6.31;0.295;0.226;2.65;0.031;30.4;169.2;0.99665;3.21;0.38;9.79;6
7.17;0.481;0.4;11.53;0.055;33.4;185.8;0.99427;3.06;0.53;11.65;7
7.05;0.423;0.345;7.16;0.042;18.5;128.3;0.99298;3.26;0.54;11.38;7
6.54;0.232;0.436;2.66;0.054;23.5;19.6;0.99284;3.07;0.8;10.97;6
6.95;0.337;0.417;2.93;0.04;29.6;57.4;0.98773;3.13;0.43;8.79;7
6.71;0.311;0.269;5.12;0.032;26.9;117.2;0.99549;3.39;0.51;10.31;4
4.94;0.133;0.346;9.46;0.039;30.0;154.6;0.9917;2.82;0.35;10.79;6
8.23;0.291;0.409;12.27;0.032;35.7;113.7;0.99336;3.19;0.51;10.39;6
7.7;0.346;0.411;11.16;0.06;29.6;219.4;0.99823;3.23;0.73;10.45;7
7.42;0.178;0.285;8.97;0.014;47.2;110.1;0.9904;3.17;0.5;10.62;6
7.0;0.397;0.299;13.69;0.033;29.6;141.9;0.99292;3.33;0.59;10.25;7
6.79;0.305;0.196;4.89;0.057;27.8;122.5;0.99407;3.22;0.42;10.32;7
7.2;0.194;0.321;12.24;0.074;62.0;145.6;0.99311;3.21;0.52;9.09;7
6.69;0.329;0.501;11.45;0.053;81.2;233.0;0.98873;3.32;0.4;10.91;6
6.47;0.33;0.205;4.12;0.061;31.2;165.7;0.99606;3.38;0.26;8.7;7
6.47;0.337;0.382;3.33;0.093;42.6;127.3;0.99185;3.26;0.63;13.09;6
7.19;0.267;0.425;10.45;0.064;55.0;192.3;0.99597;3.42;0.54;11.11;6
6.98;0.442;0.346;5.98;0.05;59.2;124.8;0.99267;3.0;0.49;10.17;6
5.37;0.441;0.328;13.46;0.052;46.8;172.5;0.99405;3.15;0.54;9.64;7
7.15;0.186;0.18;2.67;0.012;36.0;111.7;0.99446;3.31;0.6;11.14;6
7.97;0.422;0.244;9.74;0.065;9.4;248.6;0.99607;3.06;0.58;9.36;6
8.19;0.297;0.31;2.93;0.027;24.4;132.6;0.98654;3.23;0.56;12.25;6
6.08;0.088;0.432;4.55;0.042;68.3;167.2;0.9967;3.29;0.42;12.25;6
7.02;0.137;0.317;6.41;0.096;41.2;161.1;0.99308;3.28;0.7;10.74;5
5.78;0.366;0.391;1.71;0.03;28.0;112.4;0.99193;3.16;0.46;8.71;7
5.67;0.056;0.245;0.83;0.054;18.3;130.5;0.99505;2.99;0.46;11.58;5
7.82;0.306;0.34;10.46;0.056;33.8;143.5;0.99424;2.94;0.46;11.89;4
7.05;0.403;0.286;0.79;0.029;36.7;116.0;1.00001;3.47;0.52;9.74;5
6.94;0.228;0.399;1.32;0.048;43.6;200.3;0.99418;3.04;0.67;9.53;5
7.14;0.228;0.526;1.62;0.037;30.1;98.7;0.99341;3.05;0.49;12.21;7
6.48;0.19;0.38;0.6;0.016;38.3;170.8;0.9925;3.03;0.52;11.38;6
5.89;0.21;0.411;5.33;0.045;52.1;146.4;0.98885;2.93;0.62;10.15;5
7.51;0.276;0.598;16.09;0.009;17.5;211.1;0.99749;3.08;0.64;10.62;6
5.14;0.29;0;1.59;0.031;61.3;94.9;0.99611;3.36;0.51;9.82;6
8.06;0.228;0.35;0.92;0.051;91.2;158.0;0.99363;3.23;0.37;11.13;5
8.4;0.375;0.244;0.6;0.049;36.1;100.6;0.99494;3.03;0.5;9.44;6
7.42;0.247;0.239;7.17;0.012;2.7;157.4;0.99549;3.06;0.55;11.59;6
5.91;0.377;0.088;9.99;0.033;40.0;216.3;0.99238;3.61;0.41;8.39;6
6.91;0.231;0.019;6.33;0.063;17.4;201.1;0.9883;3.41;0.45;9.93;7
6.85;0.142;0.303;4.13;0.034;48.8;96.5;0.99845;3.39;0.45;11.67;5
7.82;0.299;0.397;6.08;0.043;30.5;94.7;0.98997;3.23;0.61;9.6;6
6.92;0.246;0.239;2.38;0.022;51.7;189.4;0.99944;3.26;0.65;12.63;5
8.02;0.277;0.302;3.81;0.018;2.8;126.1;0.99883;3.33;0.59;12.63;5
6.87;0.256;0.194;6.62;0.066;20.2;152.5;0.99596;3.39;0.42;9.27;6
8.98;0.346;0.408;5.73;0.017;25.7;96.3;0.99622;3.47;0.63;10.6;5
8.36;0.352;0.414;8.54;0.033;18.5;130.3;0.99061;3.0;0.63;9.59;8
6.3;0.261;0.413;0.83;0.043;36.8;150.8;0.99008;3.27;0.45;11.69;8
7.66;0.336;0.166;8.3;0.047;57.6;135.5;0.99637;3.16;0.55;10.81;7
6.07;0.163;0.27;10.22;0.079;57.1;158.8;0.99292;3.07;0.53;10.24;3
6.17;0.204;0.388;2.35;0.066;28.3;148.3;0.99326;3.16;0.59;10.16;8
6.78;0.454;0.326;0.6;0.039;24.6;145.4;1.0018;3.47;0.54;11.07;6
6.96;0.281;0.351;8.64;0.059;62.0;127.8;0.99255;3.28;0.19;12.72;5
7.06;0.371;0.244;0.6;0.067;64.5;115.9;1.00051;3.38;0.58;11.7;7
7.09;0.206;0.223;8.29;0.066;38.2;110.1;0.99292;3.16;0.45;8.97;6
6.56;0.219;0.091;2.92;0.068;37.0;176.0;0.99566;3.27;0.45;10.19;7
6.27;0.253;0.18;4.57;0.057;53.9;98.4;0.99139;3.07;0.59;10.24;7
5.78;0.214;0.357;3.29;0.013;22.6;111.1;0.99323;3.19;0.58;10.13;6
6.38;0.192;0.299;8.46;0.012;59.9;198.9;0.99363;3.13;0.61;11.71;5
6.8;0.414;0.151;8.02;0.047;57.4;111.3;0.98862;3.18;0.61;12.07;6
6.39;0.433;0.456;14.11;0.072;41.9;102.8;0.99915;3.11;0.61;10.27;6
6.79;0.223;0.431;12.77;0.099;36.7;233.8;0.99563;3.14;0.32;11.9;6
6.77;0.253;0.594;20.47;0.054;32.3;105.3;0.98975;2.96;0.34;11.05;7
6.78;0.044;0.264;2.9;0.034;29.8;144.1;0.99121;3.33;0.5;11.28;5
7.19;0.387;0.442;4.0;0.037;46.3;151.1;0.99372;3.19;0.14;9.9;5
6.91;0.371;0.539;9.95;0.065;42.8;176.6;0.99733;3.14;0.41;9.0;6
8.62;-0.007;0.173;3.27;0.049;85.1;144.7;0.99371;3.15;0.35;10.55;6
7.55;0.278;0.4;8.38;0.009;41.6;157.1;0.99271;2.74;0.48;8.0;8
7.32;0.157;0.423;2.32;0.061;47.6;152.8;0.99739;3.15;0.46;12.02;4
8.23;0.306;0.413;0.6;0.051;47.3;81.7;0.99442;3.17;0.6;8.0;6
7.08;0.355;0.246;7.38;0.06;22.6;168.7;0.99738;3.21;0.54;9.56;6
6.43;0.172;0.109;10.66;0.037;61.2;174.6;0.99527;3.13;0.51;8.67;6
6.13;0.312;0.536;4.27;0.02;53.3;142.0;0.99558;3.15;0.42;11.3;7
5.66;0.096;0.214;9.84;0.058;24.3;160.6;0.99406;3.21;0.64;11.44;5
6.18;0.235;0.386;19.84;0.05;43.8;117.7;0.99156;3.2;0.47;11.2;6
7.77;0.207;0.212;7.27;0.067;18.1;212.5;0.99964;3.31;0.4;8.64;6
8.65;0.175;0.294;5.52;0.057;27.3;80.1;0.99667;2.99;0.63;9.59;5
7.41;0.224;0.209;5.35;0.057;26.2;152.3;0.99372;3.23;0.36;11.13;6
5.89;0.281;0.529;0.6;0.028;18.8;94.4;0.99658;3.14;0.49;8.35;5
7.38;0.324;0.333;7.14;0.044;36.4;79.8;0.99507;3.14;0.63;9.71;5
7.9;0.156;0.305;0.6;0.051;7.6;140.7;0.99875;3.33;0.61;11.75;6
7.01;0.347;0.314;0.6;0.078;23.5;160.9;0.98927;3.39;0.29;8.49;6
6.29;0.056;0.211;11.61;0.081;22.1;133.8;0.99424;3.31;0.5;8.91;4
7.32;0.273;0.276;8.53;0.042;13.5;115.2;0.9982;3.19;0.54;8.56;5
6.73;0.381;0.214;8.03;0.009;43.7;161.6;0.99168;3.2;0.68;10.21;7
5.15;0.447;0.444;5.95;0.03;24.4;139.1;0.99663;2.74;0.55;11.39;6
6.06;0.185;0.232;16.15;0.027;36.1;156.8;0.99393;3.04;0.47;11.05;7
6.12;0.355;0.412;7.26;0.032;15.3;118.3;0.99204;3.13;0.34;10.16;6
7.54;0.255;0.242;0.6;0.072;55.9;124.1;0.99137;3.11;0.48;10.66;6
6.78;0.315;0.405;0.6;0.11;38.6;129.9;0.99672;3.16;0.65;10.95;6
5.7;0.208;0.304;6.26;0.058;50.3;134.0;0.99314;3.1;0.5;10.12;6
7.45;0.411;0.334;0.6;0.057;35.1;76.8;0.99403;3.13;0.54;10.76;5
8.24;0.435;0.145;4.67;0.02;30.8;134.7;0.99275;3.1;0.4;12.07;6
6.41;0.28;0.268;13.94;0.015;58.9;63.2;0.98863;3.14;0.42;13.72;6
7.76;0.348;0.339;1.97;0.028;26.2;135.7;0.98848;3.07;0.3;10.34;6
6.89;0.272;0.522;5.25;0.039;50.6;121.0;0.99596;3.28;0.64;11.3;7
8.03;0.127;0.387;17.41;0.047;42.8;130.2;0.99267;3.07;0.58;12.74;5
7.24;0.157;0.511;8.14;0.047;17.3;142.2;0.99113;3.22;0.45;9.47;6
9.46;0.162;0.365;5.25;0.056;23.4;152.2;0.99399;2.87;0.41;11.51;5
6.72;0.422;0.465;3.28;0.046;2;151.6;0.99016;3.01;0.61;9.45;5
7.97;0.081;0.147;9.93;0.057;14.0;156.0;0.99603;3.19;0.29;9.84;6
7.89;0.248;0.224;16.57;0.082;42.6;230.9;0.99165;3.35;0.52;11.41;7
7.72;0.526;0.284;5.74;0.024;36.5;137.1;0.99896;3.21;0.37;11.79;6
6.09;0.278;0.164;9.44;0.075;15.5;152.3;0.99136;3.21;0.43;9.38;7
7.18;0.298;0.331;1.11;0.018;46.8;157.5;0.99361;3.08;0.3;8.96;7
7.32;0.081;0.182;0.6;0.058;37.5;116.1;0.99128;3.37;0.37;11.55;6
7.47;0.232;0.412;8.93;0.032;28.3;147.3;0.99603;3.19;0.26;8.83;6
5.81;0.315;0.342;11.91;0.037;18.3;187.0;0.98997;3.08;0.28;10.57;6
7.45;0.243;0.041;0.6;0.039;30.7;195.2;0.99499;3.29;0.39;9.51;5
8.6;0.305;0.275;0.6;0.074;18.9;218.2;0.99558;3.17;0.31;9.14;5
5.76;0.309;0.148;7.09;0.082;46.1;159.8;0.99725;3.14;0.7;11.15;6
6.45;0.363;0.401;19.07;0.075;34.3;193.1;0.99136;3.03;0.45;11.12;6
8.27;0.223;0.316;6.31;0.039;47.6;124.0;0.99405;3.41;0.29;11.37;6
5.95;0.291;0.526;0.6;0.018;27.5;149.5;0.99598;2.97;0.44;9.79;6
6.77;0.45;0.269;7.23;0.033;32.6;192.1;0.99625;3.19;0.34;11.43;6
8.11;0.279;0.358;0.6;0.031;25.3;145.5;0.99643;3.15;0.31;11.29;5
9.03;0.161;0.294;0.6;0.091;26.6;94.7;0.99581;3.3;0.45;11.28;5
7.72;0.21;0.354;6.73;0.009;25.4;221.7;0.99465;3.1;0.34;10.71;6
6.76;0.392;0.277;1.2;0.043;54.1;120.9;0.99399;3.34;0.51;11.49;6
5.68;0.386;0.088;4.12;0.034;22.5;154.1;0.99794;3.25;0.39;9.36;6
7.49;0.228;0.324;5.08;0.027;16.5;149.5;0.99764;3.15;0.6;8.74;5
6.51;0.482;0.627;16.56;0.065;80.2;206.7;0.99588;3.21;0.69;9.6;5
6.78;0.347;0.326;14.23;0.009;48.5;87.5;0.99008;3.19;0.6;10.67;6
6.25;0.332;0.245;0.6;0.03;15.0;170.6;0.99197;3.17;0.38;8.19;6
6.71;0.234;0.318;4.17;0.017;50.1;145.5;0.99102;3.16;0.59;8.1;5
6.63;0.282;0.452;6.53;0.072;58.7;95.7;0.99549;3.14;0.15;11.81;7
7.68;0.191;0.203;7.36;0.048;56.2;128.1;0.99575;3.22;0.39;12.66;5
7.44;0.346;0.433;7.81;0.05;17.7;64.7;0.99464;3.04;0.5;12.54;5
8.27;0.206;0.289;8.28;0.045;57.9;150.1;0.99298;3.23;0.55;12.26;6
6.83;0.333;0.5;6.23;0.057;21.2;95.3;0.99385;3.39;0.56;11.54;6
6.68;0.32;0.15;4.84;0.053;33.8;150.2;0.9957;3.22;0.59;10.65;6
6.35;0.272;0.182;1.66;0.036;56.8;218.6;0.99819;3.5;0.29;9.82;5
7.01;0.44;0.159;1.41;0.077;37.1;173.5;0.99488;3.38;0.68;9.94;6
6.8;0.093;0.257;3.59;0.053;35.3;177.5;0.99379;2.94;0.49;10.56;5
5.45;0.271;0.333;7.04;0.009;8.5;121.9;0.99532;3.03;0.53;9.44;5
6.05;0.316;0.396;5.68;0.028;40.0;91.1;0.99168;3.16;0.6;11.11;5
6.79;0.3;0.151;9.2;0.023;15.9;80.0;0.99545;2.95;0.29;11.72;7
7.45;0.223;0.54;10.11;0.029;18.0;176.1;0.99395;3.09;0.47;10.39;7
7.95;0.449;0.368;5.5;0.079;34.0;89.5;0.99713;3.37;0.36;10.07;6
7.28;0.282;0.272;18.97;0.067;55.7;134.6;0.99644;2.95;0.58;9.04;5
8.29;0.408;0.312;2.06;0.025;32.9;79.5;0.9913;3.21;0.47;10.11;6
6.93;0.198;0.282;8.33;0.037;42.6;95.1;0.99707;3.2;0.4;10.87;6
4.51;0.258;0.503;6.9;0.019;50.8;215.1;0.99365;2.85;0.61;10.17;7
8.53;0.505;0.074;11.27;0.036;13.7;121.9;0.99658;3.17;0.68;8.93;6
6.52;0.323;0.421;11.05;0.016;27.3;46.7;0.99383;3.08;0.33;11.25;7
6.2;0.223;0.206;11.48;0.08;5.7;143.8;0.99145;3.1;0.37;10.03;6
7.47;0.207;0.339;4.43;0.081;62.1;221.9;0.996;3.1;0.36;11.56;5
7.86;0.414;0.207;7.14;0.05;34.5;112.7;0.98885;3.28;0.76;10.59;5
6.93;0.163;0.333;4.9;0.023;27.5;140.7;0.99883;3.04;0.55;11.7;5
7.22;0.402;0;10.16;0.045;16.0;90.6;0.99518;3.3;0.54;10.37;5
5.73;0.24;0.235;7.96;0.092;35.5;234.5;0.99459;3.29;0.69;10.69;4
5.14;0.363;0.411;9.4;0.024;40.5;149.3;0.9976;3.14;0.36;9.92;6
7.05;0.255;0.458;14.46;0.038;54.6;176.3;0.99515;3.16;0.56;10.38;6
7.65;-0.054;0.504;5.37;0.018;28.4;188.1;0.99257;3.16;0.42;11.78;7
6.37;0.063;0.218;6.73;0.032;65.5;72.5;0.99046;2.89;0.54;13.52;5
7.55;0.214;0.223;1.95;0.03;22.8;110.6;0.99404;3.27;0.65;9.7;6
6.14;0.46;0.485;7.62;0.065;25.8;211.2;0.99577;3.23;0.51;11.85;6
4.16;0.29;0.405;14.03;0.093;3.5;177.0;0.99141;3.43;0.47;9.59;6
7.47;0.399;0.294;4.24;0.04;69.1;122.2;0.99566;3.04;0.38;8.83;6
7.24;0.296;0.357;3.64;0.104;56.9;211.0;0.99783;3.53;0.32;9.03;5
6.25;0.133;0.28;1.97;0.018;48.8;182.5;0.99416;3.44;0.67;9.6;7
7.29;0.242;0.366;0.6;0.086;36.5;178.7;0.9889;3.1;0.45;10.4;7
6.72;0.249;0.31;7.12;0.016;47.3;141.9;0.99058;3.25;0.33;11.01;5
7.68;0.323;0.145;10.31;0.025;67.3;92.5;0.99199;3.24;0.3;8.86;6
8.17;0.462;0.34;13.11;0.049;34.5;109.0;0.98965;3.01;0.49;11.74;6
8.35;0.303;0.259;13.83;0.047;29.1;124.9;0.99249;3.33;0.58;10.76;6
7.3;0.318;0.158;7.72;0.061;36.8;51.6;0.99367;3.14;0.49;10.67;6
7.1;0.498;0.226;1.52;0.07;51.8;171.9;0.99769;3.12;0.52;10.28;5
7.29;0.404;0.327;10.0;0.026;55.1;159.1;0.99262;3.26;0.64;10.18;6
6.32;0.331;0.371;3.47;0.083;48.2;178.0;0.99268;3.11;0.46;9.7;6
6.88;0.333;0.207;6.68;0.009;18.1;166.2;0.98996;2.97;0.51;9.72;7
8.57;0.419;0.347;3.82;0.045;62.8;151.8;0.99804;3.06;0.67;10.68;6
6.13;0.326;0.225;5.59;0.061;34.4;120.4;0.99251;3.2;0.66;9.51;6
7.03;0.307;0.155;0.6;0.043;46.1;146.4;1.0;3.16;0.51;11.33;6
6.45;0.371;0.301;9.69;0.095;24.9;221.4;0.99812;3.23;0.38;11.12;6
5.56;0.077;0.244;4.0;0.089;27.4;96.2;0.99697;3.15;0.56;9.68;7
7.51;0.284;0.205;0.6;0.046;33.9;109.3;0.9948;3.33;0.44;10.03;7
6.55;0.358;0.444;9.58;0.048;34.4;145.1;0.99103;3.1;0.7;11.79;3
7.09;0.346;0.205;0.62;0.075;33.1;149.4;0.991;2.93;0.6;8.0;6
6.18;0.253;0.53;0.6;0.026;27.9;135.6;0.99454;3.14;0.51;10.27;5
5.62;0.181;0.315;9.41;0.054;45.5;130.8;0.99595;3.37;0.63;11.15;4
6.43;0.308;0.349;6.05;0.033;34.9;140.4;0.99555;3.2;0.49;10.58;6
5.65;0.275;0.36;6.57;0.034;38.2;203.3;0.99458;3.12;0.59;10.86;6
7.83;0.223;0.363;9.99;0.011;33.3;190.1;0.99357;3.3;0.5;10.39;5
6.33;0.362;0.451;4.58;0.082;37.8;187.6;0.99374;3.22;0.23;9.79;6
6.29;0.282;0.464;0.6;0.085;34.1;191.9;0.99446;3.39;0.45;12.98;5
5.4;0.279;0.256;3.48;0.051;23.0;143.7;0.99338;3.21;0.63;8.96;5
7.04;0.221;0.276;7.96;0.012;15.5;150.5;0.98862;3.03;0.49;8.99;5
7.19;0.129;0.129;4.58;0.062;24.4;115.1;0.99086;3.27;0.62;10.27;6
7.12;0.356;0.364;9.75;0.055;4.2;110.8;0.99316;3.24;0.58;9.86;7
6.71;0.501;0.371;3.5;0.072;2;131.0;0.99394;3.01;0.37;10.28;7
5.8;0.201;0.305;8.25;0.014;26.6;163.7;0.99756;3.39;0.37;11.32;5
6.57;0.295;0.268;10.6;0.023;2;153.5;0.99272;3.13;0.38;11.04;6
7.66;0.385;0.458;4.92;0.036;39.9;109.9;0.99084;2.94;0.55;10.41;5
6.59;0.2;0.499;3.04;0.009;42.6;109.0;0.99288;3.28;0.43;11.22;5
7.2;0.425;0.399;5.42;0.064;35.2;135.2;0.99342;3.02;0.68;10.57;6
6.49;0.316;0.064;5.87;0.079;44.5;199.2;0.99136;3.31;0.57;10.39;6
7.12;0.287;0.267;1.11;0.075;16.4;174.1;0.9915;3.06;0.69;10.72;6
7.06;0.24;0.185;5.4;0.029;25.1;173.5;0.99299;3.24;0.51;10.18;8
8.16;0.027;0.118;14.44;0.06;61.3;175.3;0.99604;3.41;0.42;10.63;6
6.67;0.33;0.444;8.83;0.009;46.8;159.7;1.00016;3.04;0.43;9.29;6
7.24;0.147;0.241;3.0;0.041;5.6;110.6;0.99251;3.07;0.39;9.8;5
6.99;0.24;0.074;4.89;0.04;22.3;117.6;0.99383;3.19;0.47;9.72;6
7.09;0.319;0.254;0.6;0.058;37.3;92.7;0.99536;3.47;0.49;9.92;6
6.21;0.403;0.243;3.0;0.078;43.0;182.4;0.99746;3.13;0.44;10.18;7
6.42;0.362;0.353;21.45;0.044;25.0;191.3;0.99641;3.45;0.56;11.0;6
6.64;0.411;0.313;0.6;0.049;66.7;124.1;0.99844;3.18;0.54;10.1;7
7.23;0.272;0.543;5.71;0.013;44.2;158.4;0.9954;3.53;0.47;10.86;7
5.92;0.379;0.464;2.42;0.066;33.1;168.4;0.99484;3.21;0.38;8.84;6
10.12;0.248;0.279;9.65;0.045;26.7;126.6;0.99411;3.47;0.8;9.92;6
6.05;0.331;0.228;0.6;0.039;67.0;119.6;0.99501;3.03;0.59;8.17;5
6.92;0.288;0.271;8.08;0.06;52.4;158.3;0.99174;3.03;0.45;8.45;6
6.82;0.026;0.367;7.48;0.034;45.8;165.4;0.99169;3.14;0.45;10.55;6
5.21;0.347;0.203;0.6;0.035;51.6;199.5;0.99156;3.04;0.51;11.02;5
8.1;0.376;0.401;0.6;0.021;36.5;94.7;0.99355;3.32;0.71;12.38;5
6.62;0.19;0.404;1.46;0.04;52.0;135.1;0.99178;3.0;0.47;11.57;6
8.24;0.283;0.399;5.13;0.033;48.9;163.4;0.99014;3.14;0.28;9.27;7
6.19;0.03;0.279;4.4;0.048;38.2;60.6;0.99541;3.41;0.51;12.61;5
7.31;0.328;0.472;11.65;0.036;17.1;202.7;0.99554;3.16;0.59;11.63;7
6.16;0.382;0.239;0.98;0.011;31.2;193.3;0.99298;3.15;0.5;12.5;5
5.71;0.3;0.066;14.07;0.045;36.1;106.4;0.99198;3.34;0.53;10.48;5
6.94;0.443;0.372;1.09;0.049;33.8;120.7;0.99687;3.16;0.48;9.29;5
6.62;0.403;0.413;21.21;0.038;66.0;75.9;0.9939;3.29;0.55;9.6;5
8.9;0.295;0.055;8.73;0.03;19.2;83.9;0.99445;3.05;0.54;11.21;5
6.56;0.27;0.453;0.6;0.016;36.0;125.5;0.99393;3.25;0.43;9.57;4
5.11;0.28;0.343;13.11;0.035;41.6;102.0;0.99104;3.23;0.48;12.34;6
6.44;0.276;0.247;0.62;0.009;38.8;168.7;0.99392;3.23;0.53;10.18;6
6.69;0.379;0.444;3.66;0.044;26.9;88.6;0.99686;3.06;0.75;8.59;7
6.63;0.415;0.16;0.6;0.05;51.8;228.9;0.99285;3.02;0.39;9.98;6
7.04;0.486;0.391;3.47;0.044;36.7;114.6;0.99619;3.03;0.47;9.76;6
6.13;0.301;0.269;6.45;0.039;21.0;179.2;0.99715;3.24;0.5;8.0;7
6.35;0.249;0.347;2.83;0.032;39.2;63.8;0.99054;3.19;0.46;8.0;6
7.04;0.167;0.34;7.06;0.018;12.9;80.6;0.99393;3.42;0.68;9.5;5
7.41;0.218;0.458;1.63;0.041;16.7;157.0;0.99473;2.94;0.6;10.31;7
6.28;0.197;0.506;9.55;0.045;2;168.1;0.99411;3.4;0.57;10.38;5
7.12;0.271;0.331;4.31;0.058;12.4;214.0;0.99683;3.2;0.38;10.27;5
6.57;0.197;0.412;3.74;0.054;49.2;224.2;0.99679;3.64;0.28;9.12;5
7.22;0.451;0.279;4.62;0.052;2;122.6;0.99509;3.32;0.43;9.18;5
6.5;0.15;0.267;0.6;0.033;22.5;133.6;0.99882;3.2;0.34;10.56;5
5.96;0.259;0.229;7.35;0.044;33.9;74.2;0.99372;3.14;0.72;9.34;7
6.69;0.151;0.145;5.91;0.028;34.5;130.9;0.99163;3.5;0.46;9.25;7
7.86;0.254;0.405;0.6;0.029;40.7;159.1;0.99075;3.3;0.61;12.14;5
6.72;0.066;0.285;4.2;0.069;32.4;86.0;0.99309;3.15;0.53;12.36;5
7.2;0.245;0.306;10.19;0.083;13.6;210.9;0.99904;3.23;0.44;12.86;7
6.37;0.275;0.342;0.6;0.091;39.3;100.5;0.99166;2.9;0.41;11.74;5
5.25;0.356;0.198;5.59;0.077;18.2;170.0;0.99301;3.25;0.46;9.89;7
7.14;0.15;0.492;11.82;0.086;27.6;158.7;0.99181;3.26;0.29;12.61;6
6.36;0.338;0.22;6.85;0.049;52.1;155.5;0.99019;3.21;0.52;8.88;5
7.05;0.344;0.356;4.31;0.057;28.6;239.6;0.98991;2.96;0.53;10.65;6
6.49;0.26;0.474;5.57;0.044;39.9;154.2;0.99545;3.09;0.45;10.33;7
6.45;0.352;0.19;5.79;0.035;52.3;260.2;0.99271;3.28;0.5;11.65;6
4.89;0.387;0.087;5.54;0.051;40.1;78.8;0.99537;3.41;0.49;10.49;8
4.89;0.411;0.43;0.6;0.026;31.0;200.4;0.99576;3.38;0.43;10.36;5
6.3;0.187;0.309;8.1;0.042;59.3;202.8;0.99896;3.19;0.53;9.57;5
6.46;0.267;0.399;0.6;0.065;62.8;144.7;0.99355;3.3;0.24;11.2;5
7.06;0.411;0.364;11.51;0.058;59.2;107.8;0.99343;3.18;0.61;10.2;6
9.48;0.301;0.377;10.48;0.05;31.0;210.3;0.99188;3.16;0.53;9.64;6
5.46;0.41;0.372;10.69;0.084;38.0;109.1;0.99741;3.03;0.41;9.41;6
6.68;0.139;0.3;7.19;0.027;53.6;156.0;0.99304;3.27;0.7;11.18;5
5.24;0.318;0.357;5.87;0.027;25.3;137.8;0.99509;3.16;0.45;9.04;7
8.45;0.436;0.259;0.6;0.045;41.8;104.3;0.99206;3.2;0.51;10.34;6
8.42;0.182;0.244;7.09;0.065;68.5;162.1;0.99815;3.16;0.43;9.82;5
5.49;0.152;0.369;4.56;0.045;19.5;124.6;0.99624;3.04;0.46;12.24;7
7.27;0.269;0.193;0.6;0.091;37.8;124.9;0.99459;3.23;0.59;9.24;5
8.18;0.273;0.34;5.36;0.068;40.8;65.6;0.99244;3.29;0.5;11.05;6
5.92;0.304;0.384;6.38;0.071;22.5;210.1;0.99943;3.06;0.62;8.25;5
5.21;0.47;0.352;9.24;0.063;47.2;175.6;0.99412;3.2;0.32;8.83;5
8.04;0.401;0.379;1.54;0.024;45.3;85.8;0.99625;3.43;0.58;10.47;6
6.86;0.26;0.434;6.93;0.04;39.9;123.7;0.99526;3.26;0.45;11.26;7
6.17;0.197;0.277;0.6;0.05;38.5;103.0;0.99148;2.98;0.49;11.47;6
6.2;0.312;0.431;1.72;0.061;15.0;118.9;0.99816;3.04;0.49;10.08;7
6.99;0.373;0.427;12.56;0.01;45.5;100.6;0.99014;3.02;0.48;10.39;6
6.39;0.26;0.411;7.05;0.03;48.2;56.1;0.99531;3.16;0.54;11.1;6
6.47;0.403;0.256;5.97;0.027;42.4;48.3;0.99715;3.22;0.43;11.73;8
6.47;0.275;0.287;10.85;0.048;56.3;38.5;0.99551;3.4;0.43;9.29;5
5.4;0.384;0.272;2.14;0.046;40.8;159.5;0.99575;2.75;0.53;8.52;7
7.25;0.282;0.211;16.97;0.051;43.4;87.2;0.99046;3.41;0.67;10.46;6
7.24;0.26;0.228;3.09;0.045;40.0;127.0;0.99092;3.18;0.52;10.53;6
7.36;0.329;0.413;7.48;0.101;13.2;138.9;0.99598;3.16;0.51;11.13;5
5.62;0.288;0.152;6.97;0.054;50.4;77.0;0.9889;3.35;0.43;10.91;5
7.3;0.201;0.393;9.13;0.056;36.6;126.2;0.99484;3.23;0.5;10.72;6
6.28;0.13;0.235;8.3;0.059;37.2;136.0;0.99093;3.39;0.46;10.88;7
6.24;0.159;0.379;18.17;0.062;64.5;207.9;0.9964;3.26;0.45;10.61;8
6.78;0.324;0.189;11.32;0.059;57.2;148.3;0.99327;3.1;0.33;10.65;7
6.12;0.302;0.226;6.49;0.03;21.7;121.0;0.99493;3.33;0.55;10.06;8
5.5;0.276;0.392;8.91;0.028;26.1;238.9;0.99746;2.93;0.57;9.81;8
6.42;0.241;0.378;5.65;0.063;52.1;186.2;0.99286;3.26;0.49;11.3;6
8.01;0.267;0.43;3.28;0.051;42.0;167.1;0.99446;3.12;0.47;9.48;6
6.35;0.249;0.458;7.78;0.044;26.0;95.8;1.00144;3.18;0.61;9.57;5
8.2;0.293;0.371;3.28;0.044;31.2;160.6;0.99119;3.1;0.44;10.22;6
6.92;0.302;0.177;0.6;0.037;30.3;151.1;0.99846;3.41;0.3;12.45;7
7.61;0.367;0.494;8.7;0.045;7.4;114.2;0.99328;3.24;0.61;9.69;7
6.17;0.062;0.368;8.53;0.039;45.8;194.5;0.99643;3.23;0.65;10.34;5
7.01;0.385;0.225;11.38;0.018;40.2;124.0;0.99534;3.06;0.51;11.75;6
5.71;0.332;0.034;4.76;0.065;47.1;189.3;0.99721;3.28;0.42;9.42;5
6.36;0.346;0.292;9.64;0.029;26.0;190.2;0.99116;3.29;0.67;9.6;6
7.18;0.185;0.227;3.12;0.043;25.5;77.4;0.99035;3.39;0.54;10.97;5
7.14;0.465;0.462;11.93;0.037;31.0;171.8;0.99697;3.07;0.38;8.66;5
6.77;0.308;0.462;12.53;0.044;35.6;229.2;0.99593;3.03;0.44;12.15;6
6.48;0.285;0.396;9.42;0.06;71.2;106.3;0.99559;3.05;0.58;11.31;7
5.3;0.359;0.376;5.79;0.009;65.4;170.1;0.99474;3.09;0.61;9.64;6
5.59;0.178;0.159;7.65;0.03;45.5;167.7;0.99797;3.05;0.49;9.04;5
6.25;0.372;0;0.85;0.043;43.1;61.8;0.99711;3.03;0.49;11.77;8
6.56;0.365;0.299;10.95;0.083;51.3;164.3;0.99199;3.16;0.51;10.96;6
6.46;0.266;0.235;8.94;0.059;21.5;105.6;1.00139;3.06;0.47;10.48;7
5.73;0.354;0.373;3.56;0.028;63.5;132.0;0.99098;3.14;0.46;9.52;7
7.18;0.364;0.432;15.87;0.044;33.3;161.2;0.99417;3.28;0.53;11.66;7
8.57;0.165;0.591;1.45;0.061;54.8;173.0;0.99778;3.2;0.67;10.08;6
7.08;0.319;0.263;3.16;0.056;42.3;143.0;0.99111;3.29;0.57;9.89;6
6.39;0.3;0.33;14.78;0.071;21.8;71.4;0.99023;3.27;0.63;9.83;6
6.18;0.294;0.39;0.6;0.063;58.9;148.0;0.9997;3.26;0.57;9.57;6
6.78;0.114;0.423;8.05;0.078;18.5;134.1;0.99022;3.25;0.66;11.39;6
7.28;0.207;0.309;8.5;0.052;17.9;114.1;0.98895;3.11;0.64;11.03;6
6.63;0.258;0.427;14.81;0.089;34.3;179.4;0.99774;3.13;0.55;12.58;6
8.45;0.403;0.151;4.06;0.061;64.9;178.3;0.99115;3.2;0.47;10.42;6
6.19;0.389;0.311;9.11;0.041;69.4;151.5;0.99068;3.19;0.58;10.31;8
8.06;0.23;0.409;0.6;0.07;41.8;36.3;0.99206;3.2;0.54;12.0;6
6.7;0.234;0.414;0.6;0.083;7.2;196.2;0.99126;3.0;0.54;10.39;6
5.42;0.251;0.415;0.6;0.046;57.2;124.9;0.99271;3.15;0.24;10.16;7
6.52;0.14;0.524;7.26;0.03;35.4;158.6;0.99697;3.11;0.36;9.87;5
8.66;0.246;0.381;5.1;0.009;42.6;128.4;0.99332;3.3;0.23;11.67;6
6.33;0.218;0.282;7.62;0.083;11.6;89.1;0.99224;2.96;0.7;9.25;6
7.33;0.238;0.334;9.62;0.021;53.2;172.9;0.99489;3.16;0.53;12.08;6
7.13;0.461;0.554;0.6;0.036;33.1;173.5;0.98853;3.2;0.32;10.43;7
7.47;0.291;0.438;3.36;0.071;37.2;106.8;0.99457;2.97;0.3;10.83;6
5.98;0.221;0.397;6.7;0.012;29.3;174.1;0.992;3.14;0.36;10.22;6
6.47;0.395;0.41;6.49;0.076;37.5;101.1;0.99541;3.26;0.66;8.69;6
6.87;0.182;0.23;11.46;0.07;26.5;142.0;0.99454;3.31;0.36;8.32;5
6.6;0.201;0.485;2.95;0.03;37.6;115.5;0.99652;3.07;0.41;9.7;7
7.41;0.41;0.403;12.01;0.065;13.7;189.2;0.99419;3.27;0.28;12.32;5
7.98;0.243;0.323;8.72;0.055;42.0;145.5;0.99132;3.25;0.58;10.3;6
7.25;0.3;0.434;1.58;0.023;49.6;92.7;0.99685;3.3;0.39;10.32;5
6.86;0.271;0.2;0.65;0.022;20.1;127.1;0.99462;3.0;0.5;10.4;5
8.28;0.279;0.32;11.17;0.061;40.2;164.5;0.99324;3.19;0.46;10.99;5
6.97;0.188;0.214;8.0;0.057;33.8;139.0;0.99506;3.2;0.5;8.66;6
6.95;0.214;0.501;3.3;0.032;31.5;110.9;0.99614;3.24;0.42;11.02;6
7.3;0.215;0.424;6.02;0.009;25.0;189.3;0.99569;2.96;0.46;11.2;5
6.11;0.423;0.269;10.34;0.044;14.0;194.2;0.99972;3.06;0.59;10.77;5
6.33;0.251;0.185;8.33;0.03;34.7;156.7;0.99121;3.52;0.72;9.19;8
6.21;0.263;0.148;11.61;0.056;24.5;185.3;0.99609;3.26;0.61;11.93;5
7.56;0.077;0.281;2.58;0.061;38.9;121.2;0.99264;3.44;0.31;11.6;5
5.58;0.101;0.497;11.84;0.037;2;95.0;0.99639;3.26;0.48;9.62;5
6.46;0.127;0.323;0.85;0.06;19.9;200.1;0.9866;3.35;0.41;8.0;5
6.78;0.174;0.325;11.91;0.027;40.1;80.8;0.99652;3.09;0.51;11.53;6
5.82;0.195;0.363;3.37;0.056;43.8;129.6;0.99539;3.07;0.77;12.42;5
7.75;0.155;0.419;6.69;0.073;74.8;94.7;0.99368;3.08;0.61;11.18;5
9.23;0.19;0.259;4.79;0.031;58.1;145.9;0.98907;3.05;0.41;10.63;5
6.61;0.215;0.351;16.27;0.022;54.0;62.2;1.00007;3.16;0.49;10.65;7
7.2;0.184;0.439;0.6;0.109;43.2;116.0;0.98923;3.15;0.44;12.58;4
8.03;0.217;0.27;9.69;0.024;48.0;155.8;0.99286;3.19;0.66;9.23;5
5.76;0.407;0.332;10.56;0.01;30.3;221.8;0.99674;3.24;0.31;11.0;7
6.8;0.415;0.353;14.21;0.033;49.5;115.8;0.99454;3.14;0.5;11.37;6
7.42;0.161;0.386;3.12;0.047;44.4;132.7;0.98969;3.21;0.41;9.83;5
5.28;0.366;0.247;14.87;0.037;10.5;168.0;0.99473;3.13;0.33;9.37;6
5.29;0.379;0.425;12.96;0.066;25.3;137.8;0.992;2.97;0.44;9.37;5
5.31;0.24;0.53;16.6;0.057;56.9;229.7;0.99596;2.99;0.67;10.62;7
6.8;0.137;0.248;0.6;0.026;40.0;160.3;0.99467;3.18;0.24;10.17;6
7.4;0.345;0.327;0.6;0.07;23.2;151.3;0.99387;3.29;0.67;10.9;6
8.78;0.28;0.456;17.67;0.048;57.8;179.5;0.99742;3.21;0.59;8.12;6
8.27;0.259;0.346;9.14;0.009;52.5;150.7;0.99362;3.24;0.49;8.39;5
8.76;0.159;0.388;2.74;0.028;44.2;129.1;0.99516;3.15;0.43;10.55;8
7.12;0.212;0.321;8.07;0.018;14.9;59.9;0.99373;3.32;0.31;14.07;5
6.4;0.412;0.414;12.58;0.009;32.1;204.9;0.9946;3.41;0.46;10.08;4
9.42;0.589;0.343;0.6;0.074;18.0;115.6;0.99225;3.13;0.61;10.17;5
7.54;0.226;0.23;19.39;0.076;68.7;163.4;0.99045;3.28;0.37;11.05;6
5.61;0.096;0.352;12.87;0.039;46.1;96.3;0.99785;3.11;0.56;10.35;6
7.92;0.406;0.236;0.6;0.031;62.1;133.2;0.99331;3.13;0.37;10.41;6
7.16;-0.042;0.26;14.59;0.054;28.7;182.5;0.99615;3.24;0.43;11.16;6
6.63;0.203;0.414;0.6;0.047;36.5;127.9;0.99234;3.36;0.47;10.26;7
6.64;0.308;0.098;5.11;0.022;30.7;67.5;0.99529;2.98;0.54;9.44;5
6.43;0.109;0.313;1.68;0.048;45.9;157.7;0.99577;3.4;0.67;12.75;5
7.82;0.08;0.524;4.84;0.02;45.2;131.2;0.99755;3.08;0.51;10.06;5
7.13;0.4;0.235;0.6;0.063;11.6;183.5;0.99572;3.21;0.37;10.31;6
6.4;0.257;0.337;4.25;0.012;23.3;90.1;0.99337;3.31;0.47;10.04;6
6.97;0.421;0.328;4.81;0.055;45.7;118.9;0.99452;3.21;0.55;10.3;7
8.69;0.384;0.314;3.94;0.089;22.0;143.0;0.99376;3.38;0.64;11.84;6
6.03;0.171;0.436;0.6;0.066;31.0;217.9;0.99723;3.3;0.6;13.14;6
6.21;0.362;0.455;7.97;0.052;2;198.9;0.99271;3.19;0.47;10.27;6
7.89;0.21;0.341;8.17;0.059;47.9;112.3;0.99596;3.08;0.42;9.87;6
6.54;0.444;0.312;4.02;0.066;53.0;139.2;0.99404;3.06;0.59;11.8;7
7.48;0.172;0.395;0.6;0.012;51.0;53.5;0.99613;3.23;0.47;10.44;5
6.68;0.284;0.146;6.07;0.044;43.0;160.4;0.99286;3.09;0.47;9.66;6
6.73;0.202;0.368;11.58;0.059;21.2;149.1;0.99111;3.1;0.26;10.82;6
6.58;0.337;0.318;2.04;0.09;44.3;125.9;1.00041;3.11;0.45;9.99;6
6.21;0.26;0.16;2.83;0.044;30.2;172.4;0.99232;3.35;0.53;11.41;3
8.42;0.367;0.3;11.91;0.051;31.2;127.6;0.9995;3.13;0.31;11.72;6
6.57;0.193;0.293;0.6;0.045;29.2;71.9;0.99931;3.13;0.44;10.34;5
6.35;0.223;0.403;2.15;0.021;22.3;196.2;0.99071;3.54;0.45;8.69;7
8.3;0.338;0.322;12.58;0.009;57.9;114.1;0.99805;3.24;0.35;12.04;5
6.14;0.241;0.164;3.77;0.018;45.2;183.8;0.9923;3.14;0.33;10.2;6
6.46;0.275;0.305;1.61;0.043;24.4;173.6;0.99488;3.08;0.52;11.13;5
6.56;0.27;0.4;0.6;0.03;52.5;165.8;0.99497;3.32;0.55;10.87;6
9.02;0.244;0.494;9.33;0.056;51.9;71.7;0.99032;3.31;0.57;9.94;6
5.85;0.304;0.389;4.76;0.051;32.0;148.9;0.99343;3.07;0.79;11.76;4
6.53;0.2;0.538;0.6;0.018;47.7;122.8;0.99301;3.34;0.43;10.98;6
6.36;0.389;0.353;15.67;0.054;49.8;189.2;0.99696;3.14;0.41;11.09;6
6.15;0.325;0.254;4.17;0.08;37.6;144.7;0.99248;3.13;0.46;10.55;7
7.59;0.359;0.429;12.93;0.032;18.3;81.5;0.98998;3.0;0.52;10.26;6
7.37;0.352;0.272;3.92;0.057;24.9;114.4;0.98798;3.4;0.35;10.45;6
7.0;0.26;0.411;6.86;0.092;6.1;186.6;0.99497;3.12;0.45;9.99;6
6.22;0.474;0.372;8.3;0.05;44.0;55.3;0.9948;3.32;0.37;10.78;5
7.24;0.381;0.329;2.45;0.079;4.6;203.2;0.99698;3.09;0.54;8.55;5
6.08;0.226;0.264;0.6;0.041;34.9;106.6;0.99388;3.31;0.36;10.28;6
6.98;0.34;0.303;3.99;0.07;38.4;208.7;0.99045;3.14;0.55;9.93;6
6.47;0.332;0.18;2.0;0.027;18.5;173.0;0.99309;3.47;0.36;10.61;5
8.69;0.316;0.417;3.72;0.034;68.4;133.4;0.99372;3.22;0.37;9.82;5
6.65;0.344;0.31;6.28;0.038;47.3;137.5;0.98957;3.37;0.77;12.67;6
6.89;0.281;0.181;19.68;0.042;46.5;68.4;0.99292;3.05;0.4;9.8;7
6.4;0.346;0.458;13.3;0.055;37.8;110.1;0.99365;3.61;0.61;12.66;7
6.52;0.276;0.315;2.73;0.009;29.1;171.3;0.99171;3.26;0.41;12.0;7
7.12;0.341;0.457;5.28;0.065;32.8;121.3;0.99303;3.07;0.38;11.15;6
7.5;0.275;0.365;0.6;0.009;24.7;89.3;0.99153;3.37;0.46;8.53;6
7.43;0.329;0.258;13.45;0.077;31.6;127.3;0.99386;3.17;0.31;11.48;6
6.42;0.298;0.214;5.34;0.063;28.5;175.6;0.99165;3.15;0.44;10.84;6
6.43;0.391;0.331;13.15;0.051;39.3;200.7;0.99523;3.17;0.51;11.46;6
7.63;0.176;0.386;0.6;0.047;30.7;131.7;0.99105;3.11;0.49;11.85;6
5.91;0.411;0.261;3.42;0.05;60.8;70.1;0.99066;3.35;0.47;11.55;7
7.31;0.296;0.407;15.74;0.042;56.7;128.9;0.99711;3.46;0.41;9.27;6
7.22;0.418;0.192;0.6;0.026;60.0;184.9;0.99371;3.29;0.57;10.91;7
7.05;0.201;0.51;7.08;0.05;45.7;151.0;0.98746;3.14;0.36;10.72;6
6.23;0.4;0.486;8.54;0.06;28.4;142.6;0.99523;3.23;0.56;8.59;6
7.7;0.202;0.213;12.7;0.055;25.8;145.1;0.996;3.08;0.5;9.54;5
6.66;0.185;0.471;6.97;0.093;38.1;138.3;0.99396;3.03;0.63;10.27;7
7.8;0.169;0.1;10.29;0.065;34.6;84.2;0.99325;3.05;0.3;11.96;6
6.83;0.418;0.217;13.37;0.025;20.2;88.7;0.99174;3.18;0.54;9.69;7
5.45;0.379;0.418;0.6;0.049;12.0;128.9;0.99907;3.43;0.46;11.0;6
7.92;0.289;0.325;18.73;0.028;51.2;182.6;0.99037;3.19;0.48;8.47;4
7.65;0.375;0.274;2.92;0.053;32.7;105.6;0.99604;3.16;0.69;10.95;6
6.98;0.318;0.389;9.76;0.027;11.4;191.0;0.99374;3.2;0.78;9.71;7
6.4;0.228;0.324;4.77;0.044;69.7;128.1;0.99284;3.27;0.54;10.41;8
6.83;0.259;0.622;0.6;0.009;51.3;102.2;0.99502;3.19;0.38;11.22;6
5.87;0.27;0.537;0.6;0.075;29.5;188.9;0.98773;3.19;0.69;9.47;6
8.27;0.492;0.357;1.1;0.05;26.0;165.6;0.99427;2.91;0.44;10.66;7
6.89;0.368;0.415;13.51;0.073;40.9;82.4;0.99332;3.04;0.58;11.86;6
8.4;0.107;0.425;9.39;0.054;36.8;139.2;0.99196;3.47;0.45;10.29;6
6.58;0.053;0.659;1.31;0.062;8.7;122.7;0.98915;3.1;0.64;9.13;6
6.81;0.281;0.556;4.62;0.033;2;154.5;0.98796;3.28;0.46;12.35;5
6.98;0.196;0.265;13.29;0.074;44.6;210.1;0.99179;3.51;0.29;10.78;5
6.4;0.341;0.077;2.63;0.041;43.0;161.9;0.99762;3.4;0.48;11.1;5
6.88;0.285;0.641;6.04;0.043;42.3;129.1;0.99116;3.11;0.52;13.5;6
6.18;0.248;0.44;1.15;0.045;35.6;93.5;0.98925;3.38;0.29;11.77;7
6.49;0.252;0.313;6.28;0.053;6.7;212.1;0.99433;3.01;0.51;10.83;5
7.89;0.196;0.19;2.59;0.059;14.2;142.8;0.98894;3.17;0.55;8.86;6
6.92;0.293;0.436;4.92;0.038;26.5;184.0;0.99579;3.15;0.53;11.26;7
7.87;0.334;0.221;4.88;0.072;31.9;160.7;0.99657;3.3;0.47;10.12;7
7.0;0.294;0.385;1.88;0.047;47.3;173.6;0.99182;3.16;0.33;13.26;7
8.6;0.173;0.225;0.83;0.041;49.4;152.6;0.99007;3.13;0.62;10.09;5
7.33;0.463;0.494;0.6;0.037;60.4;187.8;0.993;3.2;0.37;10.14;6
6.69;0.299;0.316;7.29;0.059;48.3;126.3;0.98884;3.18;0.52;8.25;7
7.31;0.547;0.516;4.82;0.061;34.0;60.3;0.9945;3.25;0.5;11.46;7
6.03;0.215;0.274;4.98;0.052;41.8;127.9;0.9903;3.35;0.52;12.25;6
5.55;0.293;0.229;8.67;0.017;55.5;168.5;0.98952;3.17;0.61;12.24;6
9.9;0.271;0.454;0.6;0.061;30.6;107.8;0.99357;2.91;0.5;9.37;6
7.21;0.365;0.395;2.79;0.074;51.3;156.2;0.99285;3.28;0.72;10.21;7
6.86;0.262;0.251;1.19;0.009;58.6;227.1;0.99835;3.18;0.66;10.28;5
6.92;0.267;0.313;1.31;0.045;50.0;233.3;0.99151;2.96;0.45;10.98;8
7.73;0.307;0.263;7.21;0.009;22.7;130.3;0.98685;3.09;0.47;9.9;4
5.84;0.141;0.466;4.74;0.043;56.0;161.1;0.99228;3.29;0.53;10.81;5
6.24;0.088;0.301;12.52;0.009;44.3;114.8;0.99513;3.11;0.32;10.57;6
6.42;0.472;0.338;4.32;0.05;47.1;170.9;0.99354;3.22;0.31;8.64;6
5.47;0.396;0.495;6.6;0.054;56.1;168.0;0.99479;3.14;0.59;10.6;6
6.31;0.259;0.393;10.4;0.058;28.7;128.9;0.99084;3.38;0.16;11.03;6
7.32;0.314;0.4;1.64;0.078;32.0;95.0;0.99872;3.33;0.38;10.94;7
6.82;0.206;0.254;2.6;0.041;63.0;173.3;0.98917;2.91;0.45;10.13;5
6.26;0.128;0.376;2.22;0.009;28.0;133.5;0.99588;3.24;0.45;11.52;7
7.94;0.264;0.185;6.35;0.033;48.4;160.4;0.99646;3.07;0.43;9.66;7
7.34;0.242;0.423;8.86;0.037;11.6;159.5;0.99273;3.29;0.44;9.99;5
5.52;0.382;0.384;13.53;0.04;41.5;103.6;0.99846;3.01;0.34;9.56;6
6.68;0.44;0.327;0.6;0.073;47.2;107.5;0.99454;3.2;0.41;9.49;6
6.44;0.345;0.357;3.28;0.06;49.3;136.0;0.99474;3.34;0.61;9.45;5
6.56;0.423;0.413;3.64;0.061;43.0;126.6;0.99579;2.94;0.5;11.54;5
7.51;0.245;0.411;6.75;0.044;37.0;148.9;0.98479;3.45;0.56;12.09;6
6.12;0.235;0.492;15.33;0.053;75.3;194.3;0.99727;3.06;0.6;8.0;7
7.56;0.315;0.476;5.0;0.046;58.1;104.2;0.98967;2.93;0.39;10.79;5
7.15;0.107;0.429;0.6;0.029;67.6;162.5;0.99533;2.94;0.4;10.99;6
5.48;0.326;0.177;5.04;0.076;23.0;178.3;0.99546;3.14;0.55;10.88;5
7.18;0.275;0.479;8.1;0.06;11.2;100.7;0.99328;3.34;0.53;9.0;7
7.91;0.175;0.526;3.91;0.009;62.3;148.8;0.99312;3.32;0.67;8.88;7
6.19;0.342;0.151;1.33;0.027;36.8;130.7;0.99403;2.99;0.51;10.4;5
6.34;0.349;0.295;1.38;0.029;2;169.8;0.99135;3.13;0.6;10.87;5
6.59;0.195;0.308;5.97;0.062;25.5;173.5;0.99276;3.2;0.37;10.56;5
6.09;0.513;0.285;5.05;0.023;11.6;128.7;0.99441;3.31;0.44;11.78;7
7.79;0.187;0.066;5.46;0.043;29.7;212.7;0.99195;3.19;0.55;9.9;8
8.12;0.172;0.613;19.16;0.02;42.4;149.6;0.99591;3.12;0.33;10.37;5
7.72;0.407;0.252;2.97;0.05;33.3;98.9;0.99536;3.09;0.62;8.7;5
6.26;0.314;0.334;2.46;0.05;23.3;168.5;0.99763;3.16;0.38;11.71;5
5.67;0.255;0.491;10.67;0.014;45.4;143.4;0.99272;2.5;0.47;10.93;5
6.55;0.392;0.369;5.2;0.059;13.3;126.9;0.99541;3.08;0.48;10.15;6
7.49;0.278;0.219;2.4;0.009;45.2;103.5;0.9931;3.18;0.55;13.27;6
7.07;0.301;0.362;0.6;0.046;40.6;136.2;0.99214;3.31;0.51;12.81;7
7.94;0.36;0.051;0.6;0.074;42.9;165.6;0.99661;3.27;0.61;9.03;6
7.89;0.182;0.261;2.74;0.04;48.1;97.8;0.99684;3.43;0.44;10.43;6
7.18;0.318;0.379;0.6;0.028;48.8;65.8;0.9937;3.04;0.38;9.87;5
7.03;0.309;0.291;14.64;0.045;56.4;110.8;0.98846;3.19;0.46;10.5;5
5.88;0.249;0.245;3.83;0.026;28.0;115.5;0.99464;3.1;0.73;8.74;6
8.35;0.166;0.357;9.55;0.071;25.0;144.5;0.99021;3.15;0.41;11.51;6
6.47;0.357;0.452;8.56;0.027;52.7;142.7;0.99635;3.39;0.48;9.57;5
6.42;0.081;0.27;7.23;0.09;97.0;134.6;0.99402;3.32;0.23;10.31;6
6.14;0.37;0.403;0.6;0.025;28.5;153.8;0.99489;3.16;0.6;12.62;6
7.67;0.191;0.357;0.6;0.063;41.1;125.1;0.99646;3.08;0.37;12.01;5
6.95;0.25;0.226;7.65;0.009;65.2;141.5;1.00425;3.33;0.39;10.31;6
7.79;0.116;0.225;7.93;0.048;33.2;152.9;0.99639;3.01;0.68;10.64;4
7.84;0.284;0.368;0.6;0.03;33.8;80.3;0.99802;3.13;0.48;10.31;6
6.13;-0.012;0.393;9.69;0.084;45.9;119.1;0.98864;3.4;0.49;12.45;5
7.8;0.264;0.206;8.41;0.05;60.0;169.4;0.98938;3.24;0.51;8.0;6
6.78;0.251;0.349;4.05;0.055;33.6;121.4;0.98931;2.97;0.45;13.37;6
8.85;0.309;0.49;0.6;0.046;35.1;153.1;0.99422;3.21;0.49;11.98;5
7.08;0.42;0.266;11.37;0.096;52.0;178.3;0.99546;2.92;0.27;9.6;6
5.98;0.196;0.355;3.49;0.059;49.4;109.9;0.99164;3.15;0.39;10.39;6
7.06;0.302;0.148;2.85;0.036;44.8;169.9;0.99273;3.15;0.63;13.2;6
7.61;0.129;0.555;7.92;0.09;11.0;165.4;0.99202;3.22;0.6;13.02;6
6.02;0.321;0.271;7.06;0.04;39.3;92.7;0.99498;3.07;0.59;11.17;7
7.25;0.345;0.263;12.2;0.035;58.6;163.9;0.9902;3.33;0.41;12.06;6
7.42;0.241;0.216;5.6;0.021;25.9;186.9;0.99676;3.44;0.31;11.92;5
6.99;0.13;0.435;4.76;0.055;36.6;114.0;0.99987;3.31;0.5;11.05;8
6.89;0.208;0.23;4.49;0.041;21.7;99.0;0.99294;3.22;0.66;12.21;6
6.27;0.221;0.457;7.57;0.054;39.5;84.2;0.99085;3.14;0.28;10.29;6
7.34;0.253;0.393;2.83;0.064;27.8;122.2;0.99547;3.06;0.38;9.37;7
6.45;0.212;0.31;12.71;0.075;37.0;114.6;0.99774;3.09;0.38;11.24;7
5.75;0.36;0.21;14.11;0.043;2;196.2;0.98989;3.18;0.35;8.0;5
7.03;0.234;0.196;4.84;0.065;74.9;111.5;0.9928;3.37;0.19;11.28;6
6.82;0.144;0.22;5.55;0.061;29.0;193.1;0.99372;3.17;0.44;11.42;6
5.21;0.237;0.431;12.47;0.042;57.1;69.2;0.99573;3.38;0.47;11.67;7
6.3;0.52;0.126;10.06;0.066;41.2;158.6;0.98831;3.57;0.59;10.0;7
5.81;0.305;0.544;10.42;0.057;43.9;118.7;0.99771;3.34;0.67;11.17;6
9.12;0.275;0.25;2.72;0.066;40.1;212.1;0.99303;3.12;0.4;12.19;5
6.17;0.172;0.535;10.6;0.045;51.7;94.8;0.99766;3.22;0.63;9.21;4
7.42;0.384;0.374;5.39;0.056;43.6;181.0;0.99728;3.27;0.45;10.7;7
6.74;0.26;0.417;16.7;0.047;60.3;168.5;0.99134;3.35;0.47;11.08;5
7.59;0.151;0.182;0.6;0.032;18.6;16.5;0.9965;3.09;0.49;10.17;6
7.76;0.195;0.277;13.28;0.032;47.1;64.3;0.9925;3.42;0.57;9.56;8
6.17;0.376;0.541;12.72;0.051;50.5;172.5;0.98286;3.21;0.62;11.71;6
6.85;0.284;0.235;3.08;0.021;30.4;146.1;0.9888;3.0;0.45;10.11;5
6.62;0.326;0.307;3.75;0.053;56.7;131.5;0.99227;3.21;0.41;10.74;7
6.49;0.189;0.386;15.16;0.086;67.3;133.7;0.98595;3.3;0.47;11.52;7
6.75;0.451;0.405;10.53;0.048;48.1;64.9;0.99168;3.34;0.54;12.85;6
6.53;0.332;0.445;0.6;0.025;52.0;184.4;0.9911;3.35;0.41;9.0;6
8.41;0.214;0.233;4.3;0.048;39.5;123.6;0.99791;3.09;0.54;10.0;6
6.58;0.288;0.411;7.86;0.046;28.0;94.4;0.99166;3.23;0.55;10.9;6
8.09;0.318;0.248;13.55;0.04;16.8;224.7;0.99561;3.16;0.34;11.41;3
7.44;0.194;0.209;5.24;0.094;22.2;109.6;0.99541;3.07;0.32;10.8;6
6.73;0.295;0.507;3.21;0.019;28.4;47.1;0.99721;3.29;0.4;9.97;5
6.76;0.115;0.343;6.32;0.044;46.6;155.8;0.99463;3.36;0.71;9.7;8
7.58;0.485;0.286;5.4;0.068;18.5;139.9;0.9937;3.22;0.33;11.05;6
6.9;0.33;0.323;9.14;0.045;37.4;70.2;0.9929;3.25;0.49;9.96;5
7.88;0.209;0.119;13.32;0.01;28.4;97.3;0.99678;3.15;0.49;11.26;5
7.13;0.325;0.308;6.38;0.048;45.0;193.5;0.99407;3.05;0.35;11.49;6
6.66;0.321;0.211;0.6;0.065;23.1;103.3;0.99695;2.88;0.49;9.78;5
5.97;0.244;0.368;4.78;0.034;14.3;197.2;0.9871;3.28;0.49;8.0;6
6.62;0.464;0.313;11.59;0.023;37.4;270.3;0.99335;3.14;0.56;9.1;6
7.62;0.08;0.292;4.75;0.038;37.7;84.6;0.99351;3.25;0.56;10.21;5
6.09;0.264;0.358;3.12;0.021;48.9;111.6;0.99312;3.21;0.6;8.0;5
6.32;0.173;0.399;11.55;0.088;27.6;123.4;0.991;3.43;0.54;11.62;7
7.33;0.073;0.48;12.41;0.071;60.7;165.9;0.99606;3.13;0.4;11.5;6
8.08;0.143;0.236;0.6;0.053;67.1;157.7;0.99501;3.46;0.51;9.3;8
6.9;0.265;0.428;10.28;0.056;41.9;151.3;0.99113;3.49;0.64;9.74;5
6.14;0.138;0.307;13.89;0.077;52.2;183.9;0.99551;3.06;0.52;11.18;6
6.55;0.262;0.143;18.62;0.009;39.3;203.8;0.99187;3.01;0.26;10.68;6
7.08;0.319;0.26;9.21;0.053;31.0;118.0;0.99521;3.1;0.46;10.48;6
7.52;0.156;0.359;6.37;0.04;50.2;77.5;0.99459;3.27;0.21;8.94;6
6.04;0.356;0.48;4.15;0.065;14.9;174.5;0.99428;3.41;0.4;14.1;6
7.58;0.278;0.245;12.03;0.021;19.4;191.2;0.99004;3.34;0.51;9.37;5
6.31;0.279;0.51;0.68;0.041;45.7;116.7;0.99703;2.98;0.43;11.06;7
7.2;0.362;0.341;0.6;0.069;39.7;188.3;0.99014;3.16;0.45;8.48;6
8.37;0.432;0.23;0.6;0.074;29.4;169.8;0.99524;3.01;0.67;10.8;5
8.16;0.268;0.478;1.28;0.018;64.0;131.1;0.99554;3.03;0.61;11.85;6
8.03;0.384;0.26;9.32;0.067;21.8;172.4;0.98721;3.1;0.51;10.44;7
7.75;0.325;0.511;7.65;0.056;63.1;68.1;0.99302;3.38;0.6;10.95;6
7.87;0.288;0.212;6.57;0.05;38.3;192.8;0.99397;3.29;0.46;10.79;6
6.76;0.207;0.351;3.56;0.071;26.7;122.6;0.99373;3.22;0.67;12.86;6
7.42;0.383;0.177;15.17;0.064;42.6;70.3;0.99427;3.32;0.46;10.75;6
6.27;0.297;0.159;11.27;0.052;43.3;90.4;0.9932;3.39;0.43;10.91;7
6.31;0.272;0.376;12.86;0.026;25.8;36.1;0.9951;3.2;0.53;11.11;6
7.96;0.277;0.441;1.09;0.03;53.6;120.6;0.99341;3.27;0.54;9.28;7
6.29;0.263;0.302;3.36;0.049;2;185.3;0.99114;3.18;0.47;10.5;5
5.02;0.258;0.248;4.48;0.036;56.3;138.3;0.99478;3.34;0.64;11.66;6
7.44;0.366;0.313;9.97;0.053;38.5;188.5;0.99435;3.4;0.66;9.92;5
6.8;0.318;0.453;9.38;0.071;48.0;65.2;0.98974;3.22;0.6;11.44;7
7.71;0.272;0.432;9.69;0.059;50.6;142.5;0.99867;3.33;0.68;11.55;6
6.33;0.292;0.27;2.74;0.015;52.5;104.6;0.99357;3.0;0.4;11.18;6
6.35;0.247;0.376;5.66;0.067;60.7;120.2;0.9873;3.34;0.54;9.92;5
6.14;0.308;0.326;3.77;0.044;56.9;77.1;0.99333;3.41;0.46;9.71;5
7.6;0.374;0.464;7.34;0.104;23.9;147.0;0.99523;3.09;0.47;11.02;6
6.15;0.426;0.369;2.62;0.01;28.4;127.6;0.99346;3.09;0.45;13.32;6
7.32;0.253;0.114;5.46;0.043;34.7;158.1;0.99423;3.21;0.45;11.49;7
5.81;0.192;0.265;17.88;0.097;18.0;128.3;0.99434;3.69;0.5;12.03;5
6.91;0.219;0.242;11.18;0.106;22.0;153.3;0.9938;3.38;0.66;10.2;6
6.61;0.286;0.218;7.91;0.051;33.8;184.1;0.99904;3.18;0.49;11.51;8
5.78;0.337;0.3;13.31;0.028;14.5;75.8;0.98914;3.2;0.48;10.52;6
7.01;0.283;0.297;8.74;0.046;28.6;95.1;0.9967;3.16;0.41;9.64;5
5.32;0.331;0.436;2.21;0.019;49.0;218.3;0.99389;3.19;0.33;9.74;8
7.16;0.303;0.266;4.55;0.038;33.7;206.2;0.99222;3.34;0.37;11.75;5
7.62;0.179;0.341;4.49;0.047;47.3;159.0;0.99435;3.24;0.7;10.11;6
5.63;0.378;0.33;0.6;0.018;54.1;88.3;0.99796;3.11;0.29;9.84;5
7.75;0.179;0.642;4.93;0.045;42.6;92.8;0.99986;3.0;0.62;10.84;6
7.23;0.274;0.366;2.9;0.028;47.0;73.8;0.99553;3.14;0.3;11.0;7
7.68;0.32;0.107;20.8;0.057;15.2;98.4;0.99558;3.2;0.4;10.69;6
7.52;0.425;0.184;11.27;0.058;53.6;103.6;0.99753;3.2;0.4;9.51;8
8.53;0.294;0.147;14.88;0.033;31.7;208.3;0.99814;3.43;0.54;11.28;5
6.53;0.438;0.07;6.57;0.047;38.3;153.1;0.99293;3.17;0.72;10.9;7
7.46;0.377;0.603;2.95;0.011;42.5;89.6;0.9916;3.1;0.5;9.71;6
7.16;0.339;0.29;15.32;0.019;66.2;144.3;0.99622;3.39;0.52;11.09;4
6.5;0.313;0.316;12.17;0.037;55.0;179.8;0.99482;3.25;0.34;8.5;5
6.75;0.228;0.179;0.6;0.009;6.8;92.0;0.99538;3.33;0.45;8.94;7
7.62;0.085;0.641;10.29;0.062;65.2;200.7;0.99128;3.21;0.31;11.17;6
6.84;0.337;0.182;10.76;0.076;24.4;187.0;0.9964;3.49;0.47;11.36;5
7.33;0.307;0.139;4.16;0.095;44.1;171.3;0.99252;3.17;0.55;12.68;5
6.94;0.096;0.12;17.53;0.09;6.7;130.0;0.9871;3.12;0.64;10.21;6
8.93;0.179;0.39;2.75;0.03;39.3;102.9;0.99304;3.4;0.64;11.38;7
7.53;0.335;0.368;3.96;0.058;62.4;112.1;0.99348;3.14;0.45;9.76;6
8.03;0.255;0.252;3.37;0.048;22.5;144.3;0.9916;3.16;0.46;11.44;5
7.95;0.207;0.218;13.28;0.036;38.4;70.6;0.99404;3.4;0.37;10.09;6
6.19;0.153;0.257;3.72;0.085;43.4;201.9;0.99078;3.28;0.49;10.17;6
5.98;0.455;0.316;4.36;0.041;2;153.5;0.9966;3.19;0.56;10.64;5
8.11;0.298;0.36;16.29;0.054;34.7;150.1;0.99404;2.94;0.38;11.73;5
7.53;0.454;0.265;8.26;0.039;36.7;137.4;0.99625;3.04;0.61;9.84;5
7.37;0.333;0.178;7.83;0.057;49.1;213.6;0.9932;3.42;0.31;10.96;5
7.46;0.186;0.477;0.6;0.082;29.9;137.5;0.99008;3.22;0.45;11.46;8
7.45;0.418;0.407;2.7;0.018;2;130.5;0.99192;3.32;0.53;9.12;5
6.67;0.304;0.215;10.46;0.085;73.8;136.9;0.99319;3.22;0.34;10.66;6
7.87;0.453;0.348;5.46;0.06;44.1;142.2;0.99267;3.24;0.5;9.45;6
5.97;0.269;0.2;14.15;0.056;48.9;140.7;1.00018;3.09;0.3;8.64;4
6.81;0.262;0.326;9.52;0.05;50.8;130.0;0.99675;3.43;0.44;11.13;5
6.78;0.384;0.063;3.52;0.017;40.7;149.9;0.9931;3.43;0.5;12.51;6
6.42;0.377;0.496;2.07;0.037;31.5;87.3;0.99926;3.23;0.43;10.25;5
6.04;0.34;0.208;8.51;0.053;19.5;124.0;0.99472;3.1;0.42;11.1;6
6.28;0.166;0.019;9.51;0.022;16.6;89.3;0.99227;3.27;0.58;9.83;6
8.12;0.233;0.425;7.3;0.025;32.5;121.7;0.99425;3.22;0.64;8.63;6
7.6;0.102;0.38;4.39;0.024;29.4;167.2;0.99075;3.21;0.4;11.36;5
6.19;0.162;0.344;0.6;0.044;18.8;131.3;0.9964;3.05;0.4;10.52;5
7.39;0.155;0.518;3.17;0.068;23.1;97.4;0.99838;3.33;0.65;10.11;6
6.75;0.23;0.377;15.72;0.116;25.9;187.2;0.99727;3.02;0.51;9.66;6
6.95;0.243;0.328;4.42;0.039;42.4;122.0;0.99737;2.97;0.22;11.37;6
7.15;0.407;0.28;10.91;0.092;29.5;147.5;0.99121;3.1;0.46;9.66;5
6.0;0.309;0.282;8.8;0.074;23.3;138.1;0.99376;3.36;0.61;12.49;8
6.72;0.315;0.3;0.8;0.059;43.1;93.5;0.99074;2.91;0.39;11.9;6
7.23;0.257;0.534;4.67;0.099;22.1;188.8;0.99495;3.16;0.53;11.83;6
5.78;0.468;0.36;14.08;0.049;24.2;178.2;0.99644;3.24;0.21;9.78;5
6.57;0.244;0.335;4.21;0.047;20.7;220.0;1.00043;3.17;0.45;11.7;6
7.18;0.057;0.457;3.73;0.051;29.7;92.4;0.99291;3.18;0.44;11.3;7
5.7;0.504;0.326;1.32;0.033;23.7;79.5;1.00225;2.96;0.38;9.51;5
8.08;0.192;0.351;7.57;0.048;18.0;180.8;0.99073;3.46;0.39;8.1;5
7.06;0.11;0.271;8.82;0.088;32.4;174.8;0.9941;3.06;0.62;10.76;6
6.66;0.28;0.343;8.79;0.027;7.7;123.1;0.99252;3.02;0.51;9.64;5
6.38;0.242;0.193;6.06;0.009;25.6;136.9;0.9951;3.2;0.43;12.02;6
5.78;0.332;0.356;7.91;0.054;13.6;123.5;0.99758;3.37;0.48;9.7;4
6.9;0.067;0.321;5.49;0.038;29.5;123.9;0.9966;3.16;0.55;10.53;6
7.96;0.316;0.372;3.37;0.068;83.3;148.4;0.99491;3.3;0.48;11.2;7
5.81;0.372;0.275;11.73;0.06;34.3;149.0;0.99534;3.28;0.54;11.49;6
8.44;0.261;0.229;4.29;0.062;25.3;114.7;0.99785;3.05;0.4;9.33;6
7.69;0.356;0.36;11.33;0.009;53.5;93.9;0.99639;3.22;0.49;10.28;6
6.67;0.136;0.355;0.6;0.069;2;166.0;0.99419;3.28;0.54;11.1;5
7.45;0.261;0.425;6.9;0.057;40.9;189.8;0.99802;3.05;0.64;11.74;5
9.09;0.384;0.425;10.48;0.061;55.7;184.7;0.99723;3.28;0.64;12.72;7
5.49;0.078;0.275;8.31;0.047;44.4;95.4;0.99613;3.23;0.53;11.0;6
7.74;0.413;0.326;3.46;0.062;55.7;141.9;0.99291;3.1;0.71;10.74;5
6.37;0.239;0.419;4.29;0.009;8.9;171.8;0.99008;3.47;0.55;8.0;6
7.18;0.328;0.365;0.6;0.044;2;56.2;0.99488;3.15;0.54;11.64;6
5.63;0.47;0.152;0.6;0.02;46.5;130.5;0.99557;2.97;0.67;10.65;6
6.64;0.432;0.161;8.66;0.053;8.2;139.0;0.99487;3.41;0.48;10.75;7
6.7;0.271;0.377;11.52;0.092;48.3;153.0;0.99172;3.18;0.69;10.74;5
6.44;0.193;0.504;9.02;0.021;14.4;154.0;0.99336;3.17;0.41;12.47;6
7.28;0.37;0.238;11.5;0.071;14.1;246.5;0.9907;3.1;0.5;9.23;6
7.02;0.122;0.115;4.76;0.026;46.7;148.9;0.99359;3.46;0.5;9.99;7
5.26;0.316;0.109;13.87;0.058;3.8;62.5;1.00044;3.18;0.49;11.8;5
7.09;0.205;0.352;1.06;0.035;31.4;157.0;0.9979;3.22;0.61;9.57;6
7.87;0.269;0.252;0.6;0.033;17.3;131.4;0.99499;3.19;0.6;10.56;7
7.69;0.262;0.248;12.21;0.057;56.7;155.7;0.9939;3.19;0.33;10.76;6
4.66;0.247;0.29;4.54;0.041;30.5;109.6;0.99413;3.34;0.41;12.34;5
7.11;0.282;0.194;4.2;0.083;59.4;145.3;1.00039;3.05;0.36;11.61;6
6.58;0.389;0.646;0.61;0.012;22.3;210.9;0.99594;3.06;0.38;10.11;6
6.1;0.054;0.263;0.6;0.025;55.3;170.3;1.00139;3.35;0.59;10.88;7
5.99;0.364;0.508;12.15;0.07;29.4;166.0;0.98999;3.25;0.62;11.58;6
7.72;0.289;0.424;4.52;0.054;21.5;78.1;0.99581;3.0;0.47;10.29;6
6.75;0.299;0.373;8.21;0.039;8.5;166.0;0.98985;3.06;0.55;12.45;7
8.01;0.311;0.063;6.3;0.061;18.6;71.0;0.99389;3.14;0.3;9.42;6
5.27;0.293;0.255;5.11;0.051;44.5;168.5;0.99424;3.28;0.41;9.46;6
6.22;0.328;0.235;5.04;0.058;10.9;100.5;0.99261;3.24;0.51;10.36;5
6.54;0.237;0.105;13.53;0.037;36.2;117.7;1.00276;3.17;0.53;9.03;7
7.64;0.257;0.3;0.65;0.05;52.0;102.3;0.99235;3.1;0.46;9.58;7
8.59;0.354;0.44;10.58;0.058;15.1;158.8;0.9968;3.39;0.37;12.16;5
5.81;0.288;0.003;3.55;0.057;17.7;136.5;0.98989;3.32;0.56;10.65;6
5.63;0.195;0.453;3.24;0.051;57.7;175.9;0.9932;3.11;0.55;10.09;6
6.9;0.235;0.203;0.6;0.051;56.2;94.1;0.99416;3.11;0.43;10.05;6
6.05;0.26;0.583;0.64;0.021;36.3;204.1;0.9976;3.2;0.37;11.26;5
8.3;0.231;0.518;4.74;0.04;2;95.1;0.99176;3.13;0.53;9.67;8
7.05;0.067;0.332;8.12;0.031;55.1;158.1;0.99639;3.15;0.55;11.74;6
6.07;0.265;0.317;5.44;0.05;84.0;181.1;0.99053;3.24;0.68;8.9;6
6.59;0.16;0.139;10.32;0.08;22.5;145.5;0.99549;3.01;0.48;9.04;6
5.95;0.145;0;13.43;0.089;79.4;117.4;0.99052;3.12;0.35;12.42;5
5.91;0.201;0.279;6.31;0.045;31.8;156.9;0.99911;3.25;0.27;11.0;5
6.28;0.233;0.539;5.77;0.039;40.9;187.4;0.99611;2.96;0.56;12.03;6
6.27;0.134;0.465;7.82;0.043;58.7;146.2;0.99262;3.19;0.47;9.33;7
6.54;0.392;0.197;0.6;0.038;66.5;61.1;0.99285;3.15;0.59;11.5;5
6.19;0.286;0.238;5.03;0.084;41.3;204.3;0.99696;3.12;0.73;12.32;5
6.12;0.404;0.267;0.6;0.059;67.4;170.5;0.99653;3.22;0.61;10.65;5
4.39;0.293;0.182;4.2;0.009;54.0;181.3;0.99519;3.05;0.54;9.79;6
6.44;0.448;0.165;4.26;0.027;19.2;146.1;0.99147;3.02;0.43;10.88;7
6.35;0.133;0.211;2.44;0.049;20.9;81.5;0.99531;2.98;0.43;10.82;5
6.72;0.516;0.43;1.63;0.054;66.4;155.1;0.9958;3.09;0.55;12.92;5
5.43;0.346;0.46;6.61;0.015;2;164.7;0.99335;3.34;0.55;8.39;7
7.52;0.369;0.484;13.47;0.058;29.7;80.7;0.99908;3.06;0.4;9.97;5
7.35;0.289;0.381;3.37;0.051;29.5;149.2;0.99636;3.21;0.51;10.16;6
7.23;0.37;0.529;12.01;0.026;40.7;93.4;0.99459;3.03;0.55;9.67;6
7.18;0.065;0.389;8.35;0.009;36.2;67.8;0.99198;3.12;0.41;9.77;5
8.47;0.288;0.327;7.52;0.027;6.1;206.4;0.99291;3.1;0.56;11.93;6
7.35;0.325;0.324;0.6;0.063;51.7;85.1;0.98785;3.32;0.24;12.17;5
5.92;0.398;0.322;0.6;0.057;20.9;101.1;0.99848;3.25;0.55;12.83;7
7.17;0.104;0.164;6.23;0.04;33.8;127.7;0.9951;2.9;0.54;12.72;5
4.64;0.366;0.408;3.05;0.057;48.6;166.0;0.99125;3.42;0.45;10.38;7
6.52;0.272;0.247;0.6;0.009;50.5;80.1;0.98967;3.19;0.45;10.87;5
7.16;0.075;0.272;3.16;0.083;36.7;107.3;0.99149;3.22;0.55;9.75;6
6.64;0.21;0.239;1.14;0.012;34.3;197.2;1.00122;3.09;0.46;9.45;6
5.69;0.237;0.314;2.46;0.049;38.1;119.5;0.99461;3.06;0.34;10.81;6
7.04;0.251;0.312;15.42;0.031;52.9;98.8;0.99277;3.36;0.6;11.47;6
5.66;0.207;0.176;7.3;0.036;43.9;87.3;0.99375;3.31;0.46;10.92;7
6.96;0.175;0.106;6.37;0.035;59.3;174.2;0.9926;3.28;0.29;10.17;5
6.09;0.196;0.44;0.6;0.052;34.8;141.4;0.99776;2.79;0.48;11.06;6
6.63;0.245;0.261;14.78;0.036;28.6;90.6;0.99093;3.24;0.6;11.17;6
7.65;0.398;0.285;0.95;0.077;30.5;82.7;0.99094;3.24;0.43;12.44;7
7.43;0.148;0.422;7.53;0.053;12.6;79.8;0.98816;3.07;0.43;9.04;5
7.13;0.246;0.364;0.6;0.044;33.5;146.8;0.99552;3.21;0.4;10.07;7
6.97;0.231;0.528;1.51;0.039;7.0;212.3;0.99457;3.27;0.67;10.78;6
6.25;0.285;0.497;0.62;0.037;20.3;113.9;0.99062;3.16;0.58;10.3;6
7.72;0.167;0.663;0.6;0.051;25.3;152.3;0.99324;3.29;0.5;12.04;6
6.21;0.366;0.267;14.43;0.059;4.6;185.1;0.9924;3.42;0.48;12.56;6
6.0;0.372;0.277;13.32;0.045;32.5;83.3;0.99545;2.95;0.28;11.14;5
8.47;0.101;0.47;0.6;0.015;70.8;197.7;0.99325;3.2;0.7;10.8;5
5.57;0.352;0.55;5.17;0.05;57.4;117.8;0.99321;3.01;0.85;12.4;6
6.43;0.054;0.092;0.6;0.031;48.6;118.7;0.9897;3.2;0.47;10.9;7
7.24;0.265;0.34;12.45;0.036;2;100.9;0.99498;3.2;0.37;9.43;7
5.42;0.327;0.426;5.52;0.043;71.1;82.5;0.99811;3.08;0.62;10.2;6
6.63;0.393;0.592;1.0;0.084;64.2;61.8;0.99592;3.0;0.46;11.03;7
7.98;0.428;0.162;6.84;0.067;15.1;76.5;0.98882;3.17;0.44;8.71;7
7.0;0.29;0.249;4.26;0.009;16.9;152.5;0.99447;3.19;0.53;10.69;5
6.7;0.243;0.37;4.24;0.01;46.6;112.6;0.99297;3.22;0.47;10.66;8
7.42;0.208;0.411;6.0;0.038;12.4;166.1;0.99121;3.33;0.57;11.2;6
6.71;0.163;0.598;2.5;0.025;39.3;127.3;0.99312;3.26;0.46;10.27;7
6.29;0.111;0.348;4.5;0.009;35.2;95.0;0.99719;3.06;0.55;9.19;6
6.94;0.493;0.338;3.06;0.09;50.4;114.6;0.99398;3.04;0.53;10.19;6
6.33;0.528;0.439;5.81;0.047;26.1;253.4;0.99199;3.21;0.37;12.55;6
6.34;0.361;0.26;0.6;0.063;37.5;125.8;0.99218;3.21;0.51;9.93;7
7.26;0.282;0.34;13.16;0.04;18.0;121.5;0.99182;2.91;0.4;9.67;5
6.92;0.339;0.384;7.79;0.04;17.7;194.1;0.99465;3.15;0.47;10.46;6
6.14;0.293;0.459;3.44;0.046;2;92.2;0.99718;3.16;0.4;10.59;5
7.33;0.288;0.368;8.59;0.009;50.6;178.2;0.99121;3.02;0.48;11.43;6
6.91;0.344;0.043;1.56;0.046;45.4;122.1;0.99424;3.25;0.34;12.15;5
6.14;0.165;0.168;0.6;0.051;48.2;119.1;1.00187;3.03;0.37;11.77;6
4.4;0.378;0.216;9.52;0.055;44.6;133.2;0.99097;3.27;0.36;10.42;6
7.6;0.196;0.489;9.92;0.021;37.3;130.2;0.99519;3.1;0.36;11.27;6
6.11;0.338;0.624;0.65;0.053;31.5;168.5;0.99049;3.0;0.33;10.81;6
6.98;0.334;0.472;6.72;0.081;44.7;125.5;0.99162;3.4;0.39;11.62;7
6.71;0.314;0.361;4.71;0.085;46.2;117.5;0.99614;3.34;0.57;11.2;6
6.64;0.228;0.281;6.9;0.02;37.1;172.1;0.99884;2.95;0.46;10.76;5
8.67;0.324;0.27;5.58;0.037;50.5;110.2;0.98992;3.28;0.52;9.32;6
6.82;0.211;0.392;10.54;0.05;2;129.7;0.99674;3.07;0.54;8.94;5
6.76;0.28;0.361;0.6;0.009;54.2;136.6;0.99868;3.16;0.16;11.75;7
6.58;0.256;0.344;9.48;0.053;31.6;160.5;0.99713;3.2;0.42;11.45;5
5.85;0.359;0.41;13.4;0.032;53.9;105.4;0.99695;3.22;0.54;11.21;7
7.74;0.211;0.319;4.72;0.061;45.5;157.4;0.99956;3.38;0.43;10.16;7
6.26;0.296;0.358;9.09;0.078;17.1;127.0;0.99504;3.3;0.46;10.76;5
7.89;0.283;0.365;10.76;0.05;53.1;151.3;0.99255;3.45;0.45;10.72;5
7.05;0.405;0.61;11.62;0.106;26.5;168.0;0.98988;3.01;0.51;10.0;6
6.91;0.173;0.23;0.6;0.049;62.6;179.2;0.99292;3.01;0.52;11.38;5
6.16;0.321;0.182;0.6;0.057;7.4;174.5;0.99519;3.25;0.54;10.28;5
6.39;0.353;0.192;11.16;0.061;39.1;135.3;0.99557;3.24;0.59;10.83;6
7.63;0.156;0.166;8.54;0.042;56.5;112.0;0.99271;3.17;0.44;9.03;6
6.43;0.261;0.358;9.29;0.061;24.9;158.0;0.99385;3.04;0.41;9.6;7
8.31;0.17;0.478;6.8;0.009;8.9;143.6;0.99293;3.1;0.49;10.6;6
6.82;0.215;0.083;3.9;0.053;25.0;132.3;0.9943;3.06;0.41;11.72;5
7.01;0.327;0.296;10.04;0.041;26.1;169.3;0.99488;3.07;0.48;12.43;5
6.67;0.29;0.24;8.12;0.029;55.3;137.5;0.99639;3.07;0.31;11.19;7
8.2;0.165;0.548;3.35;0.073;48.1;274.1;0.99605;3.23;0.3;9.0;6
5.53;0.313;0.571;10.35;0.05;20.0;131.3;0.99729;3.17;0.51;10.84;7
8.08;0.273;0.169;18.2;0.064;30.5;97.8;0.9972;3.3;0.47;10.95;5
7.61;0.455;0.323;0.6;0.053;53.9;91.4;0.99342;2.98;0.67;10.04;8
6.92;0.361;0.51;7.65;0.046;6.6;86.5;0.99907;3.17;0.44;10.63;6
6.94;0.075;0.317;9.91;0.044;27.4;55.6;0.99347;3.24;0.51;8.77;5
5.94;0.128;0.217;12.88;0.017;58.9;191.3;0.99898;3.33;0.43;9.49;7
5.37;0.343;0.33;7.16;0.009;17.8;123.9;0.99456;3.24;0.51;11.25;6
7.42;0.439;0.286;12.45;0.051;35.5;134.0;0.99607;3.15;0.6;12.57;6
6.19;0.25;0.119;9.7;0.024;15.8;140.4;0.99364;3.3;0.48;11.85;6
6.67;0.502;0.359;2.57;0.049;66.9;231.5;0.99378;3.31;0.6;11.6;6
7.88;0.233;0.479;0.6;0.033;50.6;128.8;0.99182;3.28;0.37;10.09;7
5.5;0.104;0.265;0.6;0.101;22.9;141.4;0.99391;3.26;0.33;10.73;6
6.51;0.31;0.537;3.35;0.028;37.2;158.1;0.99636;3.46;0.48;8.3;5
6.92;0.179;0.309;10.74;0.075;8.3;91.7;0.99696;3.07;0.64;12.32;6
6.94;0.229;0.256;6.18;0.037;57.9;99.0;0.99273;3.15;0.49;9.14;5
6.42;0.095;0.433;0.6;0.048;20.8;126.5;0.99317;2.98;0.43;11.06;5
7.49;0.232;0.269;10.84;0.038;46.7;110.9;0.99309;3.15;0.39;10.43;6
6.78;0.291;0.458;12.74;0.029;59.8;134.0;0.98959;3.04;0.44;10.14;6
7.1;0.274;0.346;11.36;0.03;52.7;175.6;0.99583;3.06;0.45;10.13;6
6.6;0.443;0.435;7.19;0.009;34.0;239.6;0.99103;3.4;0.54;10.98;7
6.48;0.27;0.267;6.36;0.05;43.7;67.7;0.99413;3.27;0.54;9.7;6
7.55;0.266;0.303;9.13;0.051;19.5;176.7;0.99543;3.25;0.41;9.01;5
5.93;0.133;0.204;4.65;0.009;49.5;82.6;0.99599;3.21;0.52;10.75;5
6.33;0.315;0.409;2.67;0.016;18.3;69.3;0.99462;3.54;0.45;9.91;7
7.96;0.036;0.318;0.6;0.061;18.1;183.5;0.99561;3.09;0.36;12.09;6
6.49;0.329;0.281;4.32;0.009;14.5;67.0;0.99294;3.4;0.43;10.25;5
6.68;0.354;0.327;4.68;0.009;29.2;129.9;0.99606;3.02;0.54;11.92;6
7.07;0.259;0.22;10.58;0.045;34.5;103.2;0.99943;3.12;0.53;10.4;5
7.28;0.206;0.343;9.43;0.034;14.6;183.9;0.99364;3.43;0.44;9.04;7
6.56;0.367;0.292;7.05;0.064;30.4;147.4;0.99194;3.15;0.3;9.89;6
9.38;0.167;0.474;7.67;0.051;61.4;16.5;0.99647;3.32;0.45;9.95;5
7.07;0.298;0.59;13.04;0.009;32.9;192.8;0.99151;3.13;0.65;12.27;5
6.85;0.101;0.129;8.73;0.048;20.8;128.6;0.99465;3.24;0.62;12.15;5
8.14;0.318;0.394;5.46;0.011;23.9;60.5;0.99095;3.29;0.45;10.75;7
7.22;0.421;0.214;6.59;0.043;2;128.2;0.99963;3.15;0.65;12.71;5
8.22;0.287;0.166;14.44;0.056;33.0;110.6;0.99073;3.0;0.31;10.99;6
8.2;0.356;0.304;4.57;0.071;19.6;113.1;0.99661;3.38;0.42;9.1;5
5.64;0.375;0.319;1.21;0.035;20.7;91.6;0.99663;3.25;0.6;9.51;6
5.66;0.448;0.57;0.6;0.045;37.9;97.2;0.99345;3.11;0.38;11.79;6
6.5;0.369;0.551;0.6;0.028;42.3;145.8;0.99154;3.07;0.48;10.65;6
7.03;0.273;0.393;9.74;0.045;46.2;220.9;0.99596;3.39;0.51;9.14;6
6.92;0.254;0.383;11.55;0.064;28.5;133.7;0.9958;3.5;0.41;12.88;5
7.93;0.33;0.716;14.42;0.037;11.7;127.6;0.99889;3.24;0.47;10.37;5
8.0;0.466;0.412;2.05;0.039;23.8;112.3;0.99149;3.26;0.64;9.86;6
6.79;0.255;0.272;16.58;0.043;61.5;141.3;0.99541;3.24;0.63;11.8;5
5.71;0.293;0.218;6.0;0.026;28.0;126.8;0.99312;3.48;0.63;11.6;4
6.09;0.302;0.385;19.24;0.066;46.7;131.7;0.99623;3.21;0.34;12.05;5
5.33;0.279;0.36;8.2;0.01;23.0;96.9;0.99102;3.24;0.36;10.53;4
6.89;0.226;0.35;5.19;0.036;43.5;85.8;0.99761;3.11;0.6;10.96;3
6.29;0.273;0.183;0.6;0.064;44.2;158.9;0.99774;3.39;0.2;12.01;5
7.5;0.367;0.157;8.91;0.06;58.5;136.5;0.99415;3.25;0.37;12.38;5
8.49;0.259;0.456;10.85;0.024;51.2;114.9;0.9963;3.12;0.63;13.03;6
7.73;0.399;0.285;11.41;0.032;36.1;160.1;0.99348;3.1;0.53;13.12;5
6.07;0.154;0.183;8.4;0.053;33.9;131.1;0.99871;3.05;0.21;10.18;6
8.08;0.313;0.213;5.54;0.012;2;152.4;0.99422;2.9;0.48;11.59;5
7.89;0.349;0.469;4.68;0.098;8.0;203.3;0.99726;3.35;0.34;9.08;6
7.11;0.347;0.158;0.99;0.04;63.0;116.8;0.9935;3.23;0.46;10.16;5
7.28;0.473;0.134;5.7;0.049;53.0;113.8;0.99778;3.0;0.5;10.68;5
7.31;0.273;0.345;10.54;0.055;29.6;158.5;0.99835;3.04;0.64;8.76;7
6.16;0.411;0.308;4.63;0.079;41.1;23.3;0.99167;3.36;0.52;10.8;5
5.91;0.232;0.331;5.68;0.017;16.5;120.4;0.99761;3.2;0.46;10.37;7
7.04;0.402;0.296;4.69;0.045;23.3;162.5;0.99264;3.34;0.51;11.03;6
7.76;0.247;0.361;9.67;0.071;44.4;138.6;0.99383;3.14;0.41;10.68;5
6.45;0.455;0.204;2.12;0.039;28.9;147.9;0.99501;3.2;0.37;10.31;6
5.66;0.094;0.327;5.1;0.089;55.1;139.0;0.9929;3.16;0.42;9.94;5
6.23;0.412;0.311;4.88;0.031;36.4;77.7;0.98649;3.26;0.27;9.1;6
6.34;0.364;0.357;10.47;0.051;45.2;121.4;0.99923;3.38;0.41;9.58;4
6.63;0.317;0.318;4.79;0.025;73.0;161.6;0.9988;3.41;0.45;10.97;6
7.4;0.32;0.534;2.78;0.068;28.4;124.6;0.99119;3.14;0.52;9.81;6
6.73;0.398;0.409;2.37;0.028;34.7;87.1;0.99645;3.08;0.47;9.7;6
7.07;0.155;0.284;5.13;0.039;2;189.1;1.00069;3.09;0.54;11.11;5
6.51;0.274;0.439;0.6;0.057;36.4;60.7;0.9929;3.27;0.47;10.68;5
5.07;0.237;0.606;9.83;0.044;75.5;159.3;0.99418;3.14;0.38;12.1;7
6.6;0.462;0.379;4.26;0.014;44.7;81.8;0.99523;3.26;0.46;9.53;7
6.8;0.536;0.35;10.33;0.067;42.5;157.1;0.99804;3.22;0.49;10.85;6
7.21;0.249;0.469;5.86;0.037;17.3;125.8;0.99696;3.15;0.31;11.32;6
6.75;0.297;0.289;9.02;0.068;65.5;181.6;0.99381;3.17;0.46;11.0;7
7.05;0.114;0.071;8.61;0.051;40.5;189.7;0.99757;3.21;0.34;11.41;7
6.56;0.453;0.463;1.32;0.063;12.4;80.6;0.99532;3.35;0.37;8.47;6
8.22;0.057;0.197;6.44;0.043;59.1;148.6;0.9917;3.05;0.28;12.56;5
5.99;0.208;0.519;8.25;0.067;26.9;94.0;0.99946;3.19;0.63;11.71;6
6.84;0.325;0.378;4.22;0.045;24.6;170.0;0.99716;3.1;0.53;10.09;7
7.79;0.208;0.225;0.6;0.017;61.4;44.3;0.98591;3.4;0.31;10.99;6
8.99;0.315;0.431;4.36;0.043;19.2;179.4;0.99383;3.13;0.45;10.46;7
7.33;0.284;0.399;4.69;0.044;16.7;157.5;1.00355;3.17;0.49;11.6;5
6.76;0.34;0.525;13.82;0.062;53.3;182.2;0.99237;2.91;0.36;10.73;7
7.58;0.083;0.067;12.69;0.055;32.0;107.7;0.99441;3.07;0.42;11.44;6
6.29;0.225;0.348;14.65;0.09;44.9;164.9;0.99535;3.31;0.5;11.72;4
7.26;0.309;0.364;6.93;0.009;16.4;110.3;0.99388;3.14;0.49;13.34;6
7.64;0.229;0.556;7.2;0.009;23.6;143.2;0.99643;3.15;0.38;11.82;6
5.45;0.278;0.449;17.48;0.103;26.0;181.4;0.99626;3.34;0.4;12.22;5
6.72;0.358;0.216;2.91;0.075;34.0;126.8;0.99207;3.16;0.23;11.2;6
6.36;0.463;0.421;14.2;0.024;28.7;157.8;0.99304;3.04;0.7;12.2;5
6.72;0.324;0.352;5.66;0.058;49.8;111.9;0.98678;3.62;0.45;10.15;6
6.62;-0.012;0.446;11.76;0.048;37.2;173.7;0.99258;3.19;0.36;8.47;7
7.22;0.305;0.307;0.6;0.062;42.9;96.3;0.99335;3.34;0.41;10.72;7
8.13;0.568;0.338;1.76;0.029;21.3;213.5;0.99427;3.36;0.6;10.88;7
6.44;0.249;0.112;6.05;0.043;19.9;169.5;0.99656;3.32;0.38;8.0;5
7.2;0.267;0.463;1.49;0.031;27.5;63.2;0.99128;3.2;0.46;11.07;7
8.17;0.378;0.46;0.6;0.031;42.1;86.5;0.99115;2.88;0.38;11.24;7
6.2;0.305;0.151;2.47;0.106;52.1;43.2;0.99847;3.25;0.56;9.64;6
8.37;0.248;0.313;13.27;0.041;59.0;117.9;0.98912;3.17;0.44;10.65;6
6.86;0.169;0.305;3.36;0.029;28.9;102.3;0.9921;3.1;0.6;11.33;6
7.92;0.142;0.099;15.37;0.009;65.8;174.9;0.99079;3.36;0.55;10.71;5
5.52;0.26;0.531;4.0;0.009;47.2;207.3;0.99284;3.3;0.52;10.48;6
6.52;0.413;0.193;6.6;0.096;50.6;90.4;0.99329;3.17;0.37;11.84;6
7.02;0.103;0.211;0.6;0.078;50.7;109.2;0.98857;3.08;0.38;11.93;5
7.71;0.181;0.5;18.36;0.071;41.6;78.8;0.99249;3.16;0.3;8.57;7
7.36;0.362;0.359;6.97;0.04;30.9;136.5;0.99789;3.17;0.39;9.07;6
6.91;0.295;0.443;12.74;0.028;51.2;62.3;0.99072;3.25;0.45;10.89;7
6.87;0.302;0.174;2.57;0.018;17.7;175.0;0.9938;2.92;0.4;10.58;7
6.1;0.409;0.366;9.61;0.048;33.6;204.2;0.99379;3.19;0.69;8.98;6
7.24;0.251;0.255;15.57;0.027;53.4;186.6;0.99012;3.42;0.67;11.56;6
7.81;0.234;0.394;0.6;0.039;14.2;159.9;0.99581;3.27;0.31;11.52;6
5.07;0.333;0.373;10.85;0.03;31.9;165.8;0.99594;3.21;0.4;12.11;5
8.08;0.282;0.405;4.95;0.009;33.7;139.7;0.99898;3.29;0.4;9.81;5
8.45;0.237;0.461;8.2;0.018;25.5;156.3;0.99236;2.98;0.51;10.19;6
6.58;0.282;0.351;7.09;0.009;34.7;110.9;0.99099;3.1;0.48;9.83;5
5.58;0.38;0.358;0.98;0.084;40.8;128.9;0.99536;3.23;0.59;11.52;5
8.84;0.175;0.383;8.33;0.04;39.9;194.5;0.998;3.22;0.35;10.64;6
6.7;0.167;0.237;17.58;0.033;9.5;129.4;0.98988;3.22;0.57;10.67;6
7.77;0.298;0.219;7.99;0.04;79.2;162.9;0.99469;3.08;0.56;10.77;4
6.36;0.262;0.477;4.83;0.077;59.4;171.5;0.99744;3.25;0.54;11.2;6
6.9;0.213;0.273;6.89;0.067;47.7;97.0;0.99081;2.97;0.43;11.99;5
6.02;0.293;0.655;2.2;0.029;59.3;114.2;0.99374;3.42;0.31;11.83;6
6.58;0.268;0.325;8.3;0.075;30.7;156.1;0.99162;3.47;0.44;9.0;5
6.22;0.467;0.431;6.13;0.078;27.4;261.7;0.98994;2.98;0.63;10.15;6
7.11;0.25;0.204;9.86;0.009;37.5;124.3;1.0;3.25;0.51;11.91;6
7.75;0.225;0.487;7.14;0.019;40.0;121.7;0.99563;3.28;0.36;11.63;7
5.99;0.241;0.188;4.88;0.028;21.2;151.9;0.99064;3.38;0.51;10.57;8
7.36;0.302;0.395;0.6;0.009;57.2;202.8;0.99299;3.26;0.46;12.79;5
7.8;0.387;0.488;5.24;0.077;59.3;68.3;1.00284;3.0;0.55;10.15;5
6.83;0.187;0.26;3.71;0.046;35.9;145.0;0.98758;3.23;0.56;9.1;7
5.33;0.332;0.115;9.22;0.029;32.9;130.0;0.99735;3.11;0.15;9.36;7
7.37;0.256;0.279;4.79;0.08;23.0;78.7;0.99789;3.12;0.51;9.74;6
5.65;0.193;0.361;0.6;0.049;30.9;81.7;0.99933;3.12;0.51;11.39;5
5.78;0.191;0.312;0.6;0.042;36.5;127.4;0.98975;2.96;0.58;9.15;6
6.75;0.427;0.09;0.6;0.017;62.5;116.2;0.99408;3.06;0.55;11.7;6
7.16;0.278;0.203;14.47;0.083;13.1;146.4;0.99597;3.26;0.58;12.01;6
8.4;0.248;0.376;5.01;0.037;18.8;128.2;0.99688;3.54;0.29;11.08;5
6.95;0.367;0.242;8.79;0.065;41.5;156.6;0.99303;3.2;0.47;11.37;6
7.29;0.135;0.482;1.67;0.072;60.0;171.8;0.99234;3.11;0.37;12.32;6
7.35;0.168;0.203;1.64;0.067;19.9;109.3;0.99113;3.4;0.37;10.22;5
5.82;0.306;0.439;5.51;0.039;40.8;84.8;0.99318;3.13;0.42;10.95;5
6.24;0.239;0.402;12.44;0.021;42.2;169.3;0.99482;3.15;0.48;10.1;6
6.09;0.408;0.317;0.6;0.043;45.5;168.8;0.9933;3.17;0.57;10.07;7
7.66;0.115;0.324;3.59;0.037;25.6;191.9;0.98994;3.31;0.37;12.12;8
6.98;0.379;0.435;10.5;0.019;24.4;150.1;0.99182;2.9;0.52;9.15;6
7.57;0.269;0.336;0.6;0.065;34.6;157.4;0.99595;3.19;0.4;11.6;6
6.92;0.302;0.516;10.54;0.041;16.3;23.8;0.99063;3.38;0.69;8.76;5
7.36;0.343;0.303;8.64;0.057;29.2;126.7;0.99446;3.17;0.55;10.17;8
7.56;0.318;0.396;18.53;0.051;53.0;189.9;0.99493;3.28;0.46;9.24;7
7.32;0.194;0.346;14.35;0.057;45.5;146.3;0.98921;2.96;0.4;8.42;5
5.27;0.04;0.466;5.64;0.087;22.8;106.6;0.99346;3.13;0.45;9.61;6
6.17;0.359;0.172;4.05;0.023;33.9;179.4;0.99596;2.95;0.57;11.1;6
6.48;0.391;0.333;5.26;0.009;72.3;172.2;0.99308;3.19;0.57;9.49;5
7.39;0.416;0.477;9.81;0.036;23.2;112.7;0.99639;3.07;0.44;11.24;7
5.72;0.347;0.394;0.6;0.045;36.9;107.8;0.99736;3.23;0.56;12.51;5
6.76;0.13;0.433;9.01;0.057;8.8;68.2;0.98683;3.4;0.52;12.44;6
5.32;0.155;0.285;9.52;0.052;25.1;132.9;0.99472;3.18;0.26;9.38;5
7.02;0.392;0.169;3.9;0.01;34.1;111.6;0.99847;2.95;0.51;10.43;6
6.89;0.241;0.321;0.6;0.054;30.9;154.4;0.99493;2.96;0.45;12.63;6
6.51;0.271;0.292;2.79;0.025;21.6;140.1;0.99124;3.34;0.58;9.74;6
4.66;0.195;0.329;0.6;0.009;17.6;113.2;0.99067;3.1;0.48;10.58;5
6.12;0.335;0.075;2.61;0.029;35.7;151.1;0.99936;3.1;0.53;12.1;6
6.0;0.48;0.36;4.75;0.07;15.6;188.8;1.00118;3.27;0.37;8.93;5
5.5;0.377;0.484;8.8;0.06;40.4;146.6;0.99377;3.27;0.46;10.06;6
8.04;0.365;0.285;9.34;0.023;25.3;209.2;0.99533;3.07;0.62;12.23;5
6.56;0.295;0.405;12.16;0.015;44.8;196.6;0.99142;3.19;0.54;10.07;6
7.95;0.36;0.258;14.38;0.039;33.2;107.3;0.99306;3.11;0.53;10.03;6
6.93;0.124;0.419;14.39;0.046;33.6;80.5;0.99383;3.1;0.47;11.81;6
6.3;0.35;0.217;8.3;0.027;23.8;112.1;0.99807;3.23;0.41;11.09;6
6.93;0.343;0.371;7.8;0.048;34.3;84.6;0.99054;3.08;0.66;12.08;5
6.83;0.349;0.341;0.6;0.062;32.0;130.1;0.99304;3.11;0.59;10.92;5
7.6;0.229;0.387;9.71;0.047;19.9;136.3;0.99278;3.33;0.6;8.38;5
7.28;0.312;0.197;1.84;0.045;33.7;138.2;0.99284;2.81;0.53;10.3;7
7.23;0.407;0.163;4.63;0.056;11.4;116.3;0.99522;3.37;0.39;10.9;6
7.63;0.274;0.391;11.56;0.009;51.8;111.2;0.99071;3.28;0.48;8.91;6
5.56;0.213;0.358;5.61;0.034;28.0;179.7;0.99076;3.16;0.52;10.18;5
7.33;0.115;0.142;16.58;0.054;37.8;188.5;0.99277;3.16;0.37;10.94;7
8.33;0.244;0.4;5.59;0.055;50.9;182.4;0.98999;3.16;0.41;10.39;7
7.27;0.336;0.254;6.16;0.036;62.1;178.5;0.99754;3.25;0.46;13.52;5
6.6;0.328;0.426;0.63;0.009;41.4;93.0;0.99712;3.41;0.46;12.02;8
6.77;0.355;0.436;8.1;0.059;65.7;179.6;0.99091;3.14;0.48;9.36;6
8.13;0.386;0.372;8.32;0.064;48.0;184.0;0.99549;3.09;0.53;13.5;6
6.35;0.271;0.406;15.54;0.049;26.3;163.0;0.99507;3.1;0.37;11.95;5
5.78;0.296;0.365;0.6;0.045;63.6;131.1;0.99187;3.3;0.41;14.36;5
5.92;0.268;0.17;9.05;0.061;31.4;152.9;0.99033;3.12;0.64;10.89;7
6.96;0.317;0.416;5.89;0.044;38.6;127.0;0.99399;3.08;0.39;8.63;6
8.19;0.268;0.255;9.95;0.034;43.5;99.2;0.99794;3.24;0.33;10.78;7
8.89;0.162;0.282;3.86;0.05;36.8;137.7;0.99455;3.28;0.35;12.01;6
6.24;0.385;0.31;5.73;0.023;51.6;168.2;0.99419;3.32;0.56;9.28;5
8.36;0.24;0.432;10.03;0.029;45.6;131.9;0.99692;3.14;0.54;11.04;7
7.83;0.242;0.162;10.46;0.032;37.1;140.8;0.99525;3.35;0.59;9.92;6
5.6;0.483;0.269;9.59;0.046;66.9;26.4;0.99433;3.13;0.53;11.94;7
5.85;0.264;0.11;4.86;0.021;35.4;147.8;0.99433;3.15;0.47;8.0;6
5.79;0.279;0.316;12.75;0.032;51.5;136.8;0.99273;3.2;0.39;9.72;7
5.83;0.235;0.247;0.6;0.054;35.1;115.0;0.99354;3.25;0.5;11.25;7
6.5;0.116;0.423;7.78;0.044;2;112.4;0.99444;3.36;0.33;9.31;6
6.37;0.147;0.186;0.78;0.064;42.0;80.0;0.99347;3.24;0.58;10.19;6
7.84;0.154;0.314;2.8;0.049;43.0;182.7;0.99556;3.11;0.37;10.19;7
7.38;0.262;0.34;0.6;0.055;44.8;196.5;0.99348;3.25;0.47;9.35;6
6.46;0.353;0.224;5.67;0.032;61.0;193.4;0.99421;3.33;0.37;11.14;6
7.22;0.365;0.228;2.86;0.06;54.3;180.3;0.99821;3.04;0.48;9.8;6
5.74;0.261;0.322;13.84;0.062;45.0;120.1;0.9935;3.19;0.61;13.31;6
7.79;0.192;0.284;14.55;0.05;45.2;62.9;0.99589;3.23;0.39;8.81;7
6.25;0.278;0.297;9.14;0.084;38.9;152.2;0.99519;3.27;0.36;9.36;7
8.11;0.319;0.375;0.6;0.07;2;138.4;0.99269;3.04;0.59;9.0;8
8.01;0.292;0.498;7.69;0.035;81.9;170.3;0.99591;3.43;0.45;9.83;7
7.47;0.379;0.166;2.81;0.073;49.3;156.6;0.99612;3.43;0.68;11.6;6
6.68;0.25;0.483;0.6;0.064;43.3;68.6;0.99408;3.05;0.34;9.43;5
7.41;0.462;0.317;10.13;0.03;20.6;139.6;0.99737;3.03;0.51;10.04;5
6.48;0.353;0.466;2.34;0.034;33.1;169.4;0.99693;3.25;0.51;9.83;7
6.74;0.282;0.344;0.66;0.028;42.8;189.6;0.99273;3.27;0.68;11.37;5
6.6;0.308;0.237;15.65;0.057;25.9;147.5;0.9908;3.29;0.65;9.75;5
6.44;0.305;0.222;0.6;0.009;40.3;175.3;0.99387;3.34;0.55;11.04;8
5.94;0.329;0.313;12.2;0.069;48.4;158.8;0.99055;3.19;0.45;10.67;6
7.55;0.201;0.212;0.6;0.009;44.5;169.3;0.99202;3.06;0.32;10.23;6
6.69;0.364;0.203;5.63;0.026;28.1;168.1;0.99411;3.53;0.43;10.29;6
6.66;0.365;0.411;0.6;0.055;14.6;162.8;0.99352;3.31;0.45;11.33;6
7.26;0.25;0.569;12.37;0.016;19.8;141.6;0.99453;3.05;0.52;12.08;7
8.14;0.494;0.183;8.88;0.031;48.9;121.3;0.99511;2.88;0.3;9.72;3
7.07;0.24;0.42;9.89;0.043;11.1;176.0;0.99787;3.15;0.16;11.02;7
6.72;0.28;0.095;2.65;0.044;2;183.2;0.99367;3.09;0.47;10.6;6
5.6;0.261;0.492;1.12;0.057;34.5;92.8;0.99689;2.99;0.61;8.28;8
6.78;0.301;0.342;0.6;0.012;78.7;108.5;0.98902;3.22;0.37;10.03;6
5.41;0.15;0.344;0.6;0.037;44.2;215.4;0.99096;3.26;0.38;11.18;5
6.72;0.262;0.368;16.27;0.058;43.4;151.4;0.99427;3.45;0.43;11.21;5
6.3;0.281;0.269;14.93;0.025;17.5;254.5;0.99475;3.2;0.26;11.02;5
7.1;0.326;0.321;7.97;0.022;48.6;196.9;0.9925;3.4;0.51;11.14;5
7.03;0.372;0.378;3.55;0.04;18.3;137.7;0.99164;3.13;0.43;11.54;7
6.88;0.282;0.425;1.44;0.068;27.7;98.7;0.99695;3.08;0.21;11.49;7
5.49;0.307;0.335;9.07;0.032;8.7;156.7;0.99245;3.43;0.54;10.65;6
6.48;0.492;0.079;5.9;0.009;33.9;163.0;0.9948;3.18;0.3;10.09;6
6.39;0.2;0.512;12.43;0.028;32.3;182.8;0.99325;3.17;0.6;10.49;6
7.0;0.322;0.385;10.49;0.04;43.5;80.2;0.99491;3.04;0.48;8.78;7
7.09;0.403;0.626;10.94;0.018;15.3;118.4;0.99284;3.01;0.52;8.99;7
7.29;0.18;0.174;6.48;0.009;37.3;83.7;0.99983;2.99;0.39;8.8;6
7.12;0.295;0.501;0.6;0.047;9.1;96.6;0.98906;3.09;0.51;11.06;5
8.03;0.32;0.432;0.6;0.089;34.0;161.7;0.98984;3.13;0.42;9.08;5
7.42;0.327;0.341;2.77;0.044;27.5;148.5;0.99912;3.31;0.55;9.83;6
7.99;0.409;0.339;10.72;0.042;29.0;201.3;0.99427;3.26;0.4;9.38;6
6.51;0.299;0.211;6.92;0.073;47.2;156.1;0.99197;3.4;0.64;8.23;7
7.57;0.185;0.26;0.6;0.063;32.7;144.5;0.99927;3.23;0.51;9.84;6
5.23;0.534;0.427;9.18;0.096;57.7;170.1;0.99321;3.2;0.42;9.82;7
6.41;0.339;0.351;12.68;0.054;31.1;169.4;0.99212;3.32;0.48;10.62;8
7.55;0.366;0.173;3.22;0.072;43.2;166.3;0.99689;3.3;0.66;10.13;6
8.76;0.175;0.517;1.49;0.009;52.7;118.6;1.00003;3.37;0.5;9.81;5
5.08;0.337;0.2;9.47;0.069;27.2;211.1;0.99479;3.29;0.68;8.42;6
6.4;0.21;0.21;1.27;0.093;56.5;123.7;1.00026;3.37;0.52;12.86;6
6.25;0.438;0.4;12.13;0.047;29.6;202.5;0.9959;3.02;0.77;11.92;4
6.64;0.237;0.341;0.6;0.032;9.5;169.7;0.9969;3.22;0.46;9.34;5
7.97;0.389;0.199;2.3;0.019;33.5;82.4;0.98991;2.89;0.48;10.36;6
5.8;0.169;0.346;5.07;0.042;44.2;207.4;0.99728;3.31;0.45;11.18;6
7.05;0.191;0.214;2.51;0.009;26.9;162.8;0.99247;3.05;0.39;10.21;7
5.49;0.172;0.325;9.01;0.012;62.3;131.4;0.99256;3.32;0.6;8.71;6
7.67;0.221;0.478;7.8;0.047;26.6;118.8;0.98912;3.46;0.47;11.0;5
6.78;0.328;0.402;8.67;0.038;40.3;114.9;0.98949;3.18;0.52;8.0;5
7.82;0.334;0.495;0.86;0.042;28.9;126.9;0.99239;3.23;0.68;9.54;4
6.62;0.21;0.376;2.27;0.009;57.3;44.1;0.99573;3.13;0.54;10.24;7
6.74;0.366;0.457;12.66;0.058;2.6;176.8;0.99237;3.17;0.51;11.86;7
6.9;0.268;0.369;10.37;0.047;30.1;146.0;0.99324;3.07;0.52;12.95;6
6.98;0.209;0.417;8.23;0.067;43.6;113.3;0.99646;3.53;0.7;10.01;7
6.28;0.376;0.374;1.27;0.021;34.6;155.0;1.00178;3.03;0.5;11.14;5
6.32;0.212;0.477;0.6;0.047;8.5;171.5;0.99471;3.23;0.54;9.57;6
7.13;0.319;0.221;10.36;0.101;34.4;149.1;0.99592;3.6;0.67;11.44;8
5.48;0.086;0.465;0.6;0.009;27.5;67.0;0.99533;3.14;0.19;10.61;7
7.02;0.099;0.341;3.27;0.042;23.1;160.3;0.99519;3.46;0.47;12.61;6
5.91;0.293;0.271;13.0;0.058;28.0;55.9;0.99446;3.26;0.56;9.83;6
6.62;0.373;0.287;11.4;0.07;49.4;119.3;0.99439;3.29;0.46;9.17;6
5.38;0.165;0.12;15.08;0.08;49.6;202.0;0.99241;3.37;0.43;10.69;5
7.41;0.306;0.316;3.07;0.09;59.7;129.2;0.99654;3.34;0.41;11.71;6
6.31;0.332;0.377;2.35;0.064;35.8;145.5;0.99465;3.3;0.6;10.25;5
6.92;0.218;0.466;8.21;0.012;15.1;168.8;0.99512;3.05;0.51;12.79;6
6.57;0.256;0.364;9.51;0.024;62.2;150.7;0.99727;2.99;0.43;10.91;5
7.0;0.401;0.281;3.01;0.065;30.7;186.5;0.99605;3.2;0.32;8.65;6
5.91;0.301;0.365;0.6;0.085;40.7;148.9;0.9965;3.47;0.66;9.37;7
7.67;0.357;0.095;14.75;0.074;37.4;198.9;0.99538;3.31;0.41;10.99;5
7.04;0.369;0.449;7.84;0.022;34.6;198.9;0.99528;3.1;0.58;11.23;5
6.86;0.213;0.384;1.47;0.067;50.1;115.8;0.99527;3.19;0.46;11.78;6
7.07;0.42;0.303;8.51;0.059;35.8;133.7;0.99493;3.05;0.44;11.94;6
7.59;0.246;0.178;2.72;0.055;32.2;63.2;0.99622;3.0;0.44;12.25;6
7.51;0.234;0.19;0.6;0.01;42.6;157.0;0.99888;3.23;0.67;10.66;6
7.3;0.538;0.367;3.3;0.066;34.5;97.9;0.99452;3.07;0.43;10.5;7
7.06;0.191;0.535;9.54;0.066;36.9;135.0;0.99247;3.09;0.69;10.03;7
6.46;0.293;0.275;7.79;0.009;12.2;184.2;0.98863;2.92;0.49;10.86;5
5.1;0.315;0.321;11.15;0.045;59.2;56.4;0.98874;3.02;0.46;11.68;7
6.29;0.341;0.254;10.72;0.035;24.7;91.8;0.99257;3.19;0.47;11.32;6
7.0;0.266;0.556;0.6;0.015;36.2;133.3;0.99742;2.89;0.55;9.81;5
8.33;0.239;0.45;20.51;0.059;30.0;142.0;0.99389;3.13;0.79;8.18;7
7.23;0.346;0.532;6.76;0.044;59.1;159.8;0.99158;3.22;0.47;10.23;6
6.17;0.362;0.295;1.76;0.033;38.0;151.5;0.99163;3.06;0.57;9.62;7
7.2;0.31;0.377;3.85;0.073;54.8;135.1;0.99575;3.39;0.53;10.59;6
6.37;0.291;0.361;13.23;0.094;24.2;117.8;0.99068;3.02;0.44;11.82;6
6.84;0.351;0.45;20.39;0.043;48.9;145.3;0.99099;3.14;0.46;9.73;5
8.3;0.134;0.503;6.73;0.051;50.6;109.3;0.99131;2.99;0.49;11.11;7
7.76;-0.006;0.637;14.66;0.035;56.2;128.2;0.99365;3.32;0.38;11.82;6
8.4;0.162;0.433;0.89;0.041;15.4;26.1;0.995;3.35;0.43;11.33;6
6.8;0.381;0.163;4.02;0.085;45.7;134.1;0.99062;2.89;0.43;11.36;6
7.0;0.304;0.223;8.72;0.055;45.3;124.8;0.98976;3.15;0.55;10.16;5
6.75;0.381;0.402;0.6;0.069;8.0;194.7;0.99671;3.03;0.48;9.9;6
5.64;0.125;0.247;2.33;0.044;13.2;113.1;0.99675;3.07;0.4;11.56;6
6.45;0.304;0.121;6.42;0.009;53.7;143.9;0.99482;2.88;0.49;11.18;6
6.69;0.311;0.405;9.75;0.023;28.2;61.5;0.99109;3.29;0.45;10.88;7
6.77;0.395;0.417;8.0;0.043;27.3;224.4;0.98925;3.31;0.32;11.26;5
7.53;0.155;0.117;8.37;0.066;60.8;144.0;0.99319;3.13;0.55;9.8;7
